label,source,latitude,longitude,landslide_id,elevation_m_inventory,dist_coarse_km,along_km,dist_ref_km,elevation_m,slope_deg,aspect_sin,aspect_cos,local_relief_m,block_id,dem_elev_m,dem_slope_deg,dem_slope_max_210m,dem_aspect_sin,dem_aspect_cos,dem_curvature,dem_relief_300m,dem_tpi_300m,dist_stream_km,dist_river_km,litho_berinag_chamoli_nagnithank,litho_mandhali_bijni,litho_kauriyala_krol_cde,litho_infra_krol,dist_fault_km,near_widened_100m
1,mey_2024_inventory,30.539387,79.527431,1.0,1867.472412,0.0140175277395474,167.28350435663066,0.0185185558601359,1716.0,24.87399513010112,-0.4385652764478498,0.898699336983299,125.0,5,1766.044921875,27.587623182298948,38.39233836219361,-0.5458522673954742,0.8378814368269653,0.0028160545554662747,229.1141357421875,-8.523218580513912,0.6498044721186143,0.6498044721186143,1,0,0,0,1.27428290927009,1
1,mey_2024_inventory,30.538842,79.525324,2.0,1761.007324,0.1443437442552968,167.1169205964468,0.0068356517818484,1714.0,36.03672983819557,-0.8888614815565536,0.4581760214209038,195.0,5,1737.0045166015625,36.59391421393429,55.36884804871643,-0.9800473515123042,0.1987641536940658,0.0014811812000933419,249.4896240234375,2.9012794179363937,0.4754961411417179,0.4754961411417179,1,0,0,0,1.3092746818063181,1
1,mey_2024_inventory,30.533514,79.525481,3.0,1723.756592,0.2093137286817824,166.64549879729415,0.0056491276029335,1704.0,38.07907632899583,-0.87214304111361,-0.4892509742832445,205.0,5,1714.092529296875,35.66991635950592,58.588288593081984,-0.7612582653307168,-0.6484488055858133,-0.0038121805195708704,331.4415283203125,14.544499168711354,0.22701789115817436,0.6751058916309368,1,0,0,0,1.8999792014742087,1
1,mey_2024_inventory,30.529401,79.521524,4.0,1656.945557,0.1624887279085939,166.0542177720173,0.0101361616184766,1610.0,26.02661480560849,0.0819155567294538,0.996639273541688,146.0,5,1648.1959228515625,35.39899942388484,40.92549295968084,0.2867736109578988,0.9579983799872356,0.0007429685691616758,209.862060546875,7.139439606469523,0.3515519829317011,0.6820806983354291,1,0,0,0,2.0973464456680038,1
1,mey_2024_inventory,30.525095,79.505656,5.0,1363.505127,0.0125451589473242,164.38114634846448,0.0132126964004887,1288.0,25.72111438397954,-0.5674095127711076,0.8234357563385587,123.0,5,1355.7554931640625,40.55732096246567,46.739112188839286,-0.8421402774305845,0.5392585216101256,0.01927251572454674,248.775634765625,-8.395188008458263,0.17353330086381338,0.17353330086381338,1,0,0,0,0.5096527773547423,1
1,mey_2024_inventory,30.524325,79.502725,6.0,1376.002441,0.1254842811141985,164.1334713634875,0.0118784880847825,1306.0,26.85580961380523,-0.1579905011066728,0.9874406319167054,150.0,5,1350.954833984375,33.65856390779828,38.16107029937994,-0.055331801097946234,0.9984680224159697,-0.004836902360622733,222.1619873046875,5.5140330417098085,0.1730497340153091,0.1730497340153091,1,0,0,0,0.22372623140619105,1
1,mey_2024_inventory,30.523589,79.499044,7.0,1390.902588,0.3617666166737374,163.85734323667336,0.0121654974855729,1331.0,26.052385905322208,0.1500073610790094,0.988684879838926,145.0,5,1374.4091796875,32.80531555258374,49.4060069157334,0.23378592860941638,0.9722880949514052,0.002074028036068304,186.503662109375,-0.18451886137654583,0.0700734897936161,0.0700734897936161,1,0,0,0,0.07542209433075298,1
1,mey_2024_inventory,30.521282,79.497805,8.0,1397.391602,0.3058355697344539,163.5813758817732,0.0358409934228225,1404.0,39.91004084713839,-0.8647889466100895,0.5021355173865036,217.0,5,1482.203857421875,47.653401313344645,53.499764114121156,-0.914405976455466,0.4047983574849655,-0.013976547930100633,313.3330078125,27.11293824251038,0.06883382655747802,0.06883382655747802,1,0,0,0,0.2893619307735132,1
1,mey_2024_inventory,30.517567,79.495358,9.0,1415.656494,0.2507136060139503,163.11111744289542,0.0079359202515088,1364.0,33.33250191449034,-0.765305343097541,0.6436674077707796,170.0,5,1441.7259521484375,33.8723889911882,55.254503381874954,-0.5958237758236525,0.8031152022986776,-0.00698825167151251,316.517822265625,6.060819263300573,0.18828115629086595,0.18828115629086595,1,0,0,0,0.49975027474472766,1
1,mey_2024_inventory,30.508486,79.491584,10.0,1422.145264,0.0547594823928786,162.087975057891,0.0059744141171328,1410.0,28.002640063185417,-0.996674233883484,0.0814890883049389,159.0,5,1421.06982421875,24.325407170127352,56.416936202635085,-0.987093222456721,-0.1601467145464,0.01526821649190255,267.039306640625,-37.62881444505433,0.016806660571396334,0.3396497081122751,1,0,0,0,0.9344597734406122,1
1,mey_2024_inventory,30.503857,79.485292,11.0,1386.095947,0.3169199689794317,161.40534769678354,0.0083950639216857,1346.0,35.44642728562589,-0.9879897049528112,0.1545197168883544,211.0,5,1359.5262451171875,28.982953704834358,41.56032313806867,-0.9476155704230453,-0.3194131035067384,-0.005316471844664426,208.6064453125,14.541542242381183,0.19636530592662074,0.19636530592662074,0,0,1,0,1.6631028215517167,1
1,mey_2024_inventory,30.500341,79.485778,12.0,1414.695068,0.1783884901925097,161.03909045074093,0.0101277531518992,1332.0,26.999773577444483,-0.8439307620765545,0.5364521123277324,129.0,5,1403.3907470703125,32.68977627906966,46.13796346395995,-0.8207578814936863,0.5712762028703768,-0.003260654129789815,242.4547119140625,-1.3996965392561833,0.2901448485706003,0.2901448485706003,0,0,1,0,1.7578301990016927,1
1,mey_2024_inventory,30.498378,79.48471,13.0,1432.239014,0.2261673236387889,160.80373646165708,0.0011991436985666,1368.0,38.47654000625035,-0.9730307609327684,0.2306753959107856,232.0,5,1429.14306640625,32.889083277290005,53.17626951076364,-0.9054790469239224,0.4243909701934586,-0.01555802932495568,312.4327392578125,18.608178509168283,0.28380346050585814,0.28380346050585814,0,0,1,0,1.9472104555051841,1
1,mey_2024_inventory,30.485487,79.488406,14.0,1447.860352,0.5377706722792736,159.7826496411119,0.001014245710518,1420.0,22.52584929312968,0.3616704349548694,0.9323060101058857,116.0,5,1421.2158203125,35.28293431053211,59.64227681528307,0.7145916743569308,0.6995418064274345,-0.001632501652179852,186.3558349609375,-15.206848648954065,0.17069408491675678,1.4419126235511404,0,0,1,0,1.9485696038303923,1
1,mey_2024_inventory,30.486629,79.476928,15.0,1500.492188,0.0992355779883375,159.02216656622937,0.0115498635340713,1509.0,40.15990727105174,0.2804550166839792,0.9598671697775628,243.0,5,1496.4246826171875,45.32294793448578,53.72314325559751,0.6660063117188519,0.7459461057949505,-0.0023912848768638953,324.3077392578125,-3.476656322636927,0.3105140383985232,0.3960590491512564,0,0,1,0,2.928761063088737,1
1,mey_2024_inventory,30.487091,79.474594,16.0,1503.856689,0.2459184620504413,158.8445967572568,0.0100682177353159,1450.0,47.75325749524507,-0.620625397484435,0.7841072095047252,281.0,5,1491.6490478515625,31.830506486755187,63.4563707925458,-0.2781293618006267,0.96054362634103,-0.00038416270557964935,402.5286865234375,33.80588701736838,0.16653866028387188,0.16653866028387188,0,0,1,0,2.8233364419522538,1
1,mey_2024_inventory,30.485846,79.473618,17.0,1509.624512,0.1652410082784274,158.69878077513692,0.0082570084465198,1450.0,50.58714067816888,-0.8820494461766274,0.4711568470260247,330.0,5,1504.153564453125,36.12325016834832,65.66075216261142,-0.5571501504540883,0.8304117712610936,0.022060192465091572,484.111572265625,-0.09480928783568743,0.13766040892756173,0.13766040892756173,0,0,1,0,2.8610629409577895,1
1,mey_2024_inventory,30.484672,79.472808,18.0,1504.818115,0.0843866819149462,158.57076185454227,0.0070503631420512,1479.0,51.4364151935114,-0.8131944396761881,0.5819920989839384,306.0,5,1500.900634765625,36.063268166351314,65.6605601713541,-0.9740271309471206,0.22643133214933142,0.03350448599256695,483.9915771484375,-6.251815922004198,0.15175634493699044,0.15175634493699044,0,0,1,0,2.896416212326715,1
1,mey_2024_inventory,30.480639,79.468136,19.0,1468.28833,0.0948563645945025,157.96432114981226,0.0090404096791051,1409.0,33.73891634540533,-0.8883580549950925,0.4591513542671264,178.0,5,1463.009765625,33.59905712322865,51.30217184519106,-0.8552161201538966,0.5182715387023639,-0.004693155697377509,298.5704345703125,16.45458379067668,0.057672042870792355,0.4684375963585889,0,0,1,0,2.949091280077113,1
1,mey_2024_inventory,30.477909,79.46744,20.0,1456.03125,0.0201726459165115,157.67730707346726,0.0090009956332641,1423.0,31.29434091858317,-0.3619169554022715,0.9322103396725174,170.0,5,1483.580078125,41.60205684484202,51.301410616097215,-0.6721549831379368,0.7404104798305058,-0.0012856643045443253,291.7220458984375,-25.50001311499227,0.12856786683816318,0.7773331355476192,0,0,1,0,3.1557048135620964,1
1,mey_2024_inventory,30.47516,79.459238,21.0,1511.066406,0.4599112855161084,156.9810501736908,0.0073826592106463,1475.0,34.87932134550521,-0.975507241637472,0.2199673191927632,204.0,5,1528.8984375,47.36481015345846,51.246182669477676,-0.9890212772726286,0.14777318126784195,-0.014994408933338216,276.72705078125,26.579173190534675,0.485130208664294,0.485130208664294,0,0,1,0,2.9937016806759913,1
1,mey_2024_inventory,30.473363,79.459383,22.0,1518.276367,0.336279499880378,156.82487039648586,0.0095176477450422,1509.0,40.302668933736605,-0.9982607943116798,0.0589524091128945,254.0,5,1522.8448486328125,38.80807854998688,50.69480921715781,-0.9964626570088831,-0.08403673712607439,0.013912054947105143,264.206298828125,-10.579514180333263,0.5756225849733568,0.5756225849733568,0,0,1,0,3.172867871399548,1
1,mey_2024_inventory,30.472517,79.459106,23.0,1523.082764,0.3055043057924418,156.7325986394019,0.0073920490535003,1435.0,31.307335996425373,-0.9920228536403728,0.1260581526725335,181.0,5,1517.8924560546875,39.8553429700815,47.36474352196988,-0.9606084792647679,0.2779052888388958,-0.004506704032301176,265.6500244140625,1.3461873708677103,0.5187244564090144,0.587622973838981,0,0,1,0,3.242264450018202,1
1,mey_2024_inventory,30.46598,79.45061,24.0,1514.431152,0.1829499355887729,155.39781187491874,0.0158364993590021,1433.0,29.466341511272336,-0.8436614877321075,0.5368754921931593,161.0,5,1503.65087890625,25.364182944828677,37.296438192491294,-0.7291600866522734,0.6843431654025991,-0.013038133209375765,217.9920654296875,24.10974322862853,0.36374397779194284,0.5544608004551267,0,0,1,0,3.6245995675676017,1
1,mey_2024_inventory,30.462413,79.446189,25.0,1428.874512,0.0841844649268898,154.8828676181911,0.0206335461040601,1386.0,17.170876313539857,-0.3452053934179291,0.9385271633549946,87.0,5,1406.495849609375,34.86779708829891,37.73764802510302,-0.45760983283208506,0.8891531031804315,-0.0094156793776949,164.0875244140625,-3.6983299570636063,0.08403513687856029,0.8585474630616645,0,0,1,0,3.9342487857760604,1
1,mey_2024_inventory,30.46299,79.446914,26.0,1401.957764,0.0412247790457541,154.9670795826132,0.0135619524496215,1370.0,25.376385714956676,-0.4778670902029734,0.878432151108407,125.0,5,1400.1689453125,24.589185875882986,39.44054309538285,-0.5730208140383515,0.8195408145289806,0.0050119024195770575,176.9366455078125,-19.260678630229904,0.09360009627901142,0.7967370389345156,0,0,1,0,3.88031904296195,1
1,mey_2024_inventory,30.466923,79.445403,27.0,1382.250732,0.4166653092004375,154.94253286921958,0.0101067699331587,1392.0,33.56563872420533,0.97960270064149,0.2009441437213312,195.0,5,1355.351318359375,42.66510316586087,48.10026075116371,0.9989280284238767,-0.04629032327805149,-0.005500058322081055,249.37548828125,9.566510161092538,0.11897883003850404,0.3579019919542239,0,0,1,0,3.4288299642273343,1
1,mey_2024_inventory,30.464432,79.4345,28.0,1359.659912,0.6194633813374375,153.97553423569025,0.0213727032809343,1290.0,49.69903478024329,-0.7830703534471484,0.6219331327017062,283.0,5,1368.098388671875,40.13411945852335,63.41227820537746,-0.6365869596038873,0.7712049292258697,0.006741084614052318,466.3731689453125,8.480895491670935,0.09163408959117252,0.09163408959117252,0,0,0,0,3.732308300426799,1
1,mey_2024_inventory,30.461785,79.432669,29.0,1378.88623,0.4447829428934911,153.681945875616,0.0214791024533437,1321.0,52.07840941035767,-0.8985436998644544,0.4388840614944878,346.0,5,1398.3680419921875,45.986614281308896,68.5791386265726,-0.9716979429717828,0.2362268139403441,0.004945176795487416,473.89990234375,16.91797480307332,0.10694016906449924,0.10694016906449924,0,0,0,0,4.052991622709472,1
1,mey_2024_inventory,30.455152,79.429564,30.0,1391.86377,0.0003575499422228,153.03445588254093,0.0013134927156629,1348.0,41.36102184565935,-0.9692451055319056,0.2460973900764603,256.0,5,1418.191650390625,51.002961223909494,55.3283727155928,-0.9928161100362048,0.11965020540132104,0.0006171920228483095,360.018798828125,1.7254900971720417,0.31781606121211525,0.31781606121211525,0,0,1,0,4.834960076102278,1
1,mey_2024_inventory,30.453098,79.428677,31.0,1385.855713,0.0916204757720368,152.80993967364407,0.0109327230607591,1348.0,44.46907789025344,-0.998332423373284,0.057726704752877,294.0,5,1388.5487060546875,42.081967773390105,59.252732829368696,-0.9999740928036156,0.007198174878812044,0.006652559313735946,362.69580078125,9.57555748805521,0.26476995597645225,0.26476995597645225,0,0,1,0,4.866176010660727,1
1,mey_2024_inventory,30.451644,79.429271,32.0,1376.963623,0.0392078401935891,152.6475568420528,0.0028457767971491,1391.0,52.01530344598847,-0.994289443220892,-0.1067169297697816,382.0,5,1436.9234619140625,58.503001457770196,61.79882804793626,-0.9792240805500325,-0.2027811630081637,0.00392591335236339,364.525634765625,-0.3233582047391792,0.3495993268650005,0.3495993268650005,0,0,1,0,4.976945037996201,1
1,mey_2024_inventory,30.450942,79.429173,33.0,1367.831299,0.0509117325044154,152.5702440916235,0.0055826068400223,1391.0,44.422765509383865,-0.9897443919913852,-0.1428497060606122,291.0,5,1372.8543701171875,49.79660120211471,61.79866257414034,-0.9968423778725122,-0.07940575342804673,0.017544576071736578,367.014404296875,-26.761684449251106,0.3646616628239839,0.3646616628239839,0,0,1,0,4.997475791075729,1
1,mey_2024_inventory,30.443753,79.428546,34.0,1348.60498,0.1345473527579814,151.77744073604993,0.0110098464811248,1310.0,41.142750863324366,-0.9957988523704412,0.0915677105627992,261.0,5,1332.0728759765625,32.5139775376895,57.58819891097468,-0.9841261874494638,0.17747013037743264,-0.008227159258203729,244.734375,28.37572535995605,0.15377526063410535,0.15377526063410535,0,0,0,0,5.271815759991036,1
1,mey_2024_inventory,30.443167,79.428736,35.0,1345.720947,0.118174774992402,151.7121357129619,0.0038236733514254,1317.0,38.88191844929293,-0.9962250611045592,-0.086807992876331,241.0,5,1343.0081787109375,29.353832239984797,55.274890739171816,-0.80710737414639,-0.5904046803663731,-0.00833601034944517,210.4864501953125,26.00781048230897,0.1823636828409753,0.1823636828409753,0,0,1,0,5.231594086197077,1
1,mey_2024_inventory,30.416911,79.422088,36.0,1242.86084,0.0284207951763603,148.28254928484785,0.010258353177871,1188.0,17.20843953414603,-0.1399144217268491,0.9901635999130858,92.0,5,1211.0814208984375,32.16176650133054,47.64339893930129,0.472122939854935,0.8815327161613081,-0.0027389841136224212,151.771484375,8.218796406895763,0.1406620911371756,0.6965805992491099,0,0,1,0,2.6399672641821437,1
1,mey_2024_inventory,30.416515,79.420664,37.0,1235.891113,0.0236671813788309,148.13878116633663,0.0108863056044566,1187.0,18.194005561137985,-0.5983760509703074,0.8012153902822761,106.0,5,1219.1583251953125,25.11419646372997,37.5071205191268,-0.7615859582598719,0.6480639074824278,-0.009257124603719828,112.545166015625,15.301800184013473,0.1768163398453129,0.6769738185585402,0,0,1,0,2.509018894686295,1
1,mey_2024_inventory,30.412661,79.40401,38.0,1165.715576,0.0919640239310802,146.47901825211525,0.0112534146081435,1053.0,29.089253321943925,-0.2636243393474335,0.9646254235212904,181.0,5,1127.1170654296875,45.67264906818186,54.76842178245667,-0.3538393757699926,0.9353062044885098,-0.01259714516934125,252.1402587890625,-14.040756351691698,0.10133120873434338,0.10133120873434338,0,0,1,0,1.1115655245866762,1
1,mey_2024_inventory,30.412436,79.402344,39.0,1153.45874,0.111055959066729,146.31792054605046,0.0055001003996533,1125.0,19.95228401999448,-0.5050123938240116,0.8631120912628564,118.0,5,1121.3460693359375,43.534764322404776,54.76841797716156,0.0723120531088402,0.997382056673963,0.004094950931133981,277.183349609375,-23.391213156960248,0.11206665794155332,0.11206665794155332,0,0,1,0,0.9894415876429401,1
1,mey_2024_inventory,30.392509,79.323527,40.0,1040.985352,0.2484878950403534,137.86127031209196,0.0081977745687716,973.0,24.591248866909304,-0.8958791600969526,0.4442977948448302,123.0,4,1034.4736328125,39.14432585407672,51.72598741717754,-0.8396409460716627,0.543141861468883,-0.02017777159738361,240.94439697265625,12.525370448088893,0.15075024623463018,0.15075024623463018,1,0,0,0,1.0432179850866177,1
1,mey_2024_inventory,30.388101,79.323535,41.0,1018.394775,0.0747598698374563,137.40587173822388,0.0115091128999646,986.0,26.69693555119285,-0.967757903755477,0.2518821941281379,146.0,4,1000.0050659179688,35.89760644992072,59.81753731182736,-0.8501947505974521,0.5264683143898939,0.016180489587332005,258.147216796875,-31.281659591296375,0.13984891462048052,0.13984891462048052,0,0,0,0,0.556339086738639,1
1,mey_2024_inventory,30.387315,79.323208,42.0,1020.317383,0.0733261267147664,137.31345141136367,0.0030662700347393,952.0,30.78333603245394,-0.9959844234837042,-0.0895266897513443,178.0,4,1025.78759765625,51.545537972750274,59.817339687810744,-0.9845916077523726,0.1748695683748258,-0.005955446605265327,239.98931884765625,9.99926909139333,0.10481537373618635,0.10481537373618635,0,0,0,0,0.46690385638843385,1
1,mey_2024_inventory,30.385207,79.323095,43.0,1010.463623,0.0007548942616673,137.091679941717,0.0078895059523621,947.0,25.08396772559835,-0.897257484736019,0.4415076512193108,126.0,4,1013.00341796875,29.025916648780832,59.81680970032955,-0.9649069395654116,-0.2625920752393548,-0.010575381265637727,220.6361083984375,-9.177169925910334,0.13655855242431778,0.13655855242431778,1,0,0,0,0.23313646279659264,1
1,mey_2024_inventory,30.376302,79.319549,44.0,1015.991455,0.0493312563606777,136.05116889046604,0.0063743771809375,957.0,32.91645278184497,-0.6024688032201138,0.7981424316163901,156.0,4,1007.7960205078125,44.24792020312025,44.941613229068516,-0.650922789557093,0.7591439402611421,-0.004576178466068357,264.69744873046875,-13.249347276924027,0.14156994197003744,0.14156994197003744,0,0,0,0,0.11083511666251014,1
1,mey_2024_inventory,30.375797,79.318576,45.0,1018.394775,0.1265393157936239,135.9742112856408,0.0079380853859787,989.0,31.51991437453672,-0.7337606740181694,0.679408031498305,139.0,4,1009.955810546875,41.20761782183919,44.941580175218775,-0.478404815667963,0.8781394150963173,-0.0007853557023100254,272.09564208984375,-7.12891179865062,0.10545434017267778,0.10545434017267778,0,0,0,0,0.037851631017000016,1
1,mey_2024_inventory,30.375306,79.317477,46.0,1019.355957,0.2158833623583468,135.89580277533506,0.0032237365020518,931.0,23.290179541000384,-0.51107539287715,0.8595358880206614,142.0,4,1008.7525634765625,32.564862468602406,44.94154803860805,-0.49424128139175716,0.8693247700187967,-0.003033115052790637,259.77691650390625,-6.124402259006956,0.10895882500427806,0.10895882500427806,1,0,0,0,0.12103061607658266,1
1,mey_2024_inventory,30.367339,79.312205,47.0,998.207031,0.4933749809421353,134.9178483609512,0.0057044242989906,949.0,23.233306745964438,-0.9705975315807388,-0.2407081878320232,125.0,4,985.5217895507812,28.068154707522368,36.72623863720556,-0.9892814927698025,-0.14602098500952276,-0.003942140318724109,189.31683349609375,4.35997980291188,0.22198527500197857,0.22198527500197857,0,0,0,0,0.3617388966638605,1
1,mey_2024_inventory,30.338096,79.31864,48.0,963.119141,0.1936057384543191,131.83623723214615,0.0026744740685642,952.0,34.20577625785392,-0.9219120602420638,-0.3873992168038459,188.0,4,970.220947265625,40.9079443337332,45.468280424674276,-0.8316845434847762,-0.5552484310005021,0.009007196724299739,234.6842041015625,-0.861808839908349,0.1763403588615734,0.1763403588615734,1,0,0,0,0.14042679972308844,1
1,mey_2024_inventory,30.29559,79.301957,49.0,907.603516,0.0818727234417895,126.73599676648423,0.0018544063412791,890.0,17.538331134333415,-0.7910529841125554,-0.6117476410470426,75.0,4,905.21533203125,26.264269735750766,36.99762796843962,-0.6807982408088403,-0.7324709928124037,-0.013989823407019245,142.4581298828125,-0.6440949242962688,0.06036418369225663,0.44086796313636595,0,0,0,0,0.06884444636086086,0
1,mey_2024_inventory,30.290866,79.295915,50.0,930.915283,0.3250464252393257,126.0687161866082,0.0099385112730462,928.0,25.088429470674225,-0.9397934234884372,0.3417430630867044,132.0,4,937.1629638671875,35.378038003740244,40.34461608189408,-0.8928559437520346,-0.4503423849768792,-0.003333937961497417,154.703857421875,9.69116765802562,0.2821401025825576,0.2821401025825576,0,0,0,0,0.2862931907272704,0
1,mey_2024_inventory,30.284195,79.249305,51.0,829.49707,0.0277294579320447,121.49006986429067,0.0056959435765317,791.0,20.78115070440137,-0.922295402517783,0.3864856924836425,105.0,4,814.9813842773438,25.646604387852893,49.668106362607425,-0.8973640744705572,0.44129096733289286,0.000589142877925512,201.85223388671875,-14.358486207063493,0.2839297757041318,0.2839297757041318,1,0,0,0,0.3516720707034667,0
1,mey_2024_inventory,30.275397,79.235981,52.0,861.700928,0.1634928528174702,119.8920969802846,0.0066806405643747,846.0,32.079835267450555,-0.4892509742832446,0.87214304111361,164.0,4,892.4656372070312,38.09152549105155,43.865202496691474,-0.8287904606467217,0.5595590874438506,-0.010158821990980274,224.09808349609375,11.127723378583369,0.1603314318968621,0.1603314318968621,1,0,0,0,1.1098982457681805,0
1,mey_2024_inventory,30.272994,79.227456,53.0,877.802734,0.1686521797554307,119.08586867009,0.0066524580057673,807.0,33.63510363886156,-0.676404999576679,0.7365298884279394,147.0,4,881.9916381835938,44.30135861693775,50.99677413786255,-0.48836044798543665,0.8726420072649859,0.0029231517667629692,304.95892333984375,-4.266140015657243,0.13089722433055714,0.13089722433055714,0,0,0,0,1.494743972997333,0
1,mey_2024_inventory,30.268785,79.224218,54.0,866.507568,0.1244396167202038,118.52754798585764,0.0109341831419449,844.0,36.6816451885616,-0.6981001361295398,0.7160001396200408,175.0,4,900.8673095703125,46.09005624881988,52.27874928586242,-0.8423020088563188,0.5390058681281771,-0.02279644964390618,301.251708984375,7.730610997223607,0.14452335297351224,0.14452335297351224,1,0,0,0,1.988833726776632,0
1,mey_2024_inventory,30.266744,79.172738,55.0,817.961182,0.3629463724636943,113.04716112468697,0.002637372881574,766.0,30.557004873659142,0.3331154319130862,0.9428860530421256,167.0,3,798.01904296875,31.41749601436939,46.15234544353759,0.3257249242735292,0.9454645808844473,0.0034291314543427893,255.26226806640625,-20.58107940421621,0.18556866202554204,0.18556866202554204,1,0,0,0,2.2212837786034694,0
1,mey_2024_inventory,30.27291,79.167128,56.0,827.09375,0.0122720781794469,112.27140458829956,0.0047709446881137,854.0,35.16686271648866,0.9935326726564042,-0.1135465911607319,210.0,3,808.8580932617188,25.37743253614726,45.88071155756408,0.847131653140843,-0.5313830654498338,-0.004528978180636827,194.6201171875,7.345424179203292,0.12145965204088657,0.18921583452249538,1,0,0,0,1.805784534352401,0
1,mey_2024_inventory,30.275675,79.166553,57.0,824.450195,0.0791101164764894,111.9679758321747,0.0106775014592292,845.0,26.12370130504621,0.9991680531005774,-0.0407823695143092,147.0,3,810.2433471679688,22.77367904975879,42.91375255900697,0.9990192898090454,-0.04427706617912456,-0.0020801511724578723,202.9268798828125,-0.726253288836574,0.22908898072473605,0.22908898072473605,1,0,0,0,1.5934994380829188,0
1,mey_2024_inventory,30.285164,79.131429,58.0,776.384521,0.2273119040572085,107.70651891569209,0.0069703321461484,781.0,26.29287291374182,0.6139406135149205,0.7893522173763263,142.0,3,770.6842651367188,33.80348501550936,44.85831865956639,0.5610521705639201,0.8277804430557139,0.009558700603995557,217.784423828125,-25.57780670922648,0.20812709883193792,0.20812709883193792,1,0,0,0,1.867315071621354,0
1,mey_2024_inventory,30.295563,79.086711,59.0,749.948486,0.3209864065457236,102.8967124789366,0.0117574760454171,719.0,19.79965908365851,-0.8055210260733152,0.5925671915941629,111.0,3,741.6744995117188,37.586336862474006,53.950228787025395,-0.5641292023326829,0.8256865283359605,-0.0007182274782389837,222.77276611328125,-7.471566696797481,0.09676298715849285,0.09676298715849285,1,0,0,0,0.5208302476023914,0
1,mey_2024_inventory,30.297805,79.018961,60.0,707.170166,0.0119948464097059,95.8712180884201,0.0029018569005922,671.0,26.33166497981419,-0.1818480768841259,0.9833266379660144,146.0,3,703.0245971679688,38.97132682457699,47.770986964455176,-0.20114840116642618,0.9795607794864954,0.013318304084786415,219.23101806640625,-22.17057863345815,0.22628611098662907,0.22628611098662907,1,0,0,0,0.17450884149299573,0
1,mey_2024_inventory,30.288807,78.986905,61.0,671.601563,0.3769948636911799,92.22479238951024,0.0067019932047548,645.0,16.679761720515405,-0.8454889030309711,0.5339929913879817,111.0,3,684.4407348632812,38.283861116956224,52.14573177751701,-0.9603454077935136,0.27881301571108535,0.0035249520695586284,174.9677734375,-10.12921596558624,0.07486800779432444,0.07486800779432444,0,0,0,0,0.12769327343514875,0
1,mey_2024_inventory,30.273746,78.964907,62.0,687.703613,0.2814155681499454,89.57341398581785,0.0119889534062365,634.0,26.19887363555652,-0.6097107608496924,0.7926239891046001,142.0,3,682.4205932617188,33.09037105410735,61.83768080794709,-0.5687352573883928,0.8225206422962031,0.0017687940253223505,351.45758056640625,-24.604834186144103,0.16241767996526824,0.16241767996526824,1,0,0,0,1.7189683697049007,1
1,mey_2024_inventory,30.254937,78.931462,63.0,715.581543,0.4257502352424454,85.92448859086248,0.0045915321966816,678.0,35.290777464639945,-0.9984018457335854,-0.0565133120226557,212.0,2,756.5939331054688,38.39272218110355,52.25478070260646,-0.9813099826532704,0.19243367154694652,-0.017380266975639498,248.20599365234375,18.138445893595076,0.22823460260626507,0.22823460260626507,1,0,0,0,0.48781564131385546,1
1,mey_2024_inventory,30.250242,78.925107,64.0,717.50415,0.7633342536851367,84.45805227740898,0.0272926472650997,655.0,35.22352386598753,0.1888473936501244,0.9820064469806472,208.0,2,719.0191650390625,47.521706651330916,53.736086495493694,-0.05534510915573104,0.9984672848383868,-0.0031888121064822927,294.51898193359375,-13.558749616638693,0.2365009845404339,0.2365009845404339,1,0,0,0,1.2483051115541988,1
1,mey_2024_inventory,30.251017,78.922957,65.0,710.294434,0.5422372705408738,84.42258389382381,0.021902836435399,745.0,42.290517991541925,0.9967449844371652,0.0806190796235942,272.0,2,693.8773193359375,32.55801457285733,49.753473929763196,0.9147860711459392,0.40393866370697484,0.009780314083150856,236.552001953125,-33.934435631618044,0.28341205936310226,0.28341205936310226,1,0,0,0,1.3221610520946,1
1,mey_2024_inventory,30.252132,78.923109,66.0,708.612061,0.4900635877850681,84.53524376276135,0.0164141415097551,751.0,44.42061168506327,0.9660087468166754,0.2585093829509413,284.0,2,697.0587768554688,36.17619731655768,49.75379376390625,0.9691771277485501,-0.24636496311178352,-0.0015324266615281132,237.3592529296875,-5.123317750032243,0.18832993351655394,0.18832993351655394,1,0,0,0,1.2218722313406793,1
1,mey_2024_inventory,30.253918,78.922097,67.0,710.534668,0.3036160185202641,84.65237583084223,0.007742978634041,738.0,36.2368929863163,0.927848018028476,0.3729585170506619,204.0,2,706.7997436523438,42.67124719489908,49.75430610082481,0.8097139863555284,0.5868247270695391,0.0038208578888789726,282.87469482421875,-16.383916177040305,0.23926982368677965,0.23926982368677965,1,0,0,0,1.145402981055646,1
1,mey_2024_inventory,30.254452,78.918676,68.0,734.086914,0.0076602874420096,84.53010488965974,0.0125043566788756,713.0,23.82990176847157,-0.9509230848074928,0.3094273529929143,126.0,2,769.4920043945312,43.76216872268226,50.214846112940414,-0.9830827266405667,0.18316209373379824,0.00362657000626713,236.71502685546875,5.386400963649294,0.09140850188539809,0.5718584753784778,1,0,0,0,1.3406588044942849,1
1,mey_2024_inventory,30.242398,78.907217,69.0,704.286377,0.5398251185072489,82.96740697221104,0.0082313021999441,701.0,23.44229251616231,-0.5457987080967448,0.8379163265147209,109.0,2,717.4678344726562,36.820781463569496,44.548117045776834,0.04801570655074258,0.9988465807742614,0.0008538385889817668,212.08172607421875,-6.170870189824427,0.31260651267522216,0.31260651267522216,1,0,0,0,0.8199269961525266,1
1,mey_2024_inventory,30.241293,78.901932,70.0,672.082275,0.6273240361734135,82.45177205282154,0.0077731953509075,639.0,29.33342109571784,0.0830454798537399,0.9965457582448796,168.0,2,663.8031616210938,34.66158458731377,47.378547645212784,-0.36123224857301656,0.9324758777528148,-0.0025437299352018194,204.9964599609375,-7.128314562080277,0.16306696906208612,0.16306696906208612,1,0,0,0,0.8515314535074633,1
1,mey_2024_inventory,30.241634,78.899505,71.0,666.074219,0.5739049080448523,82.22132721279785,0.0137551595457907,694.0,35.44464668188607,0.7117739993288008,0.7024085519692114,164.0,2,671.158203125,37.0975069059916,47.4130233239086,0.6569786437527245,0.7539091866085932,0.01084668526922562,266.04779052734375,-29.3823776875646,0.17121426776214113,0.17121426776214113,1,0,0,0,0.9505016939449125,1
1,mey_2024_inventory,30.250351,78.87709,72.0,675.92749,0.135641147418901,79.806567993257,0.0065497787352526,647.0,26.842795672040804,-0.8101578539847045,0.586211780525518,140.0,2,700.3303833007812,38.04572152444557,43.88927807029386,-0.7945585498030955,0.6071875418145548,-0.007675257469009886,212.0277099609375,4.491349653764246,0.33428262643262857,0.33428262643262857,0,0,0,0,0.832926517577777,1
1,mey_2024_inventory,30.242712,78.865615,73.0,688.184082,0.004003872699753,78.42262783752592,0.0108271834734627,641.0,22.489134862284537,-0.2254475110239729,0.9742553154964544,122.0,2,691.477783203125,32.30460503366747,43.17510902938989,-0.05312562483265958,0.9985878368907461,0.0009808344620491818,176.21588134765625,-2.373191139914752,0.336841772500334,0.35780158466403095,1,0,0,0,1.1791242547145828,1
1,mey_2024_inventory,30.242114,78.863867,74.0,677.609863,0.0053906510161667,78.243099197189,0.0186557499645291,642.0,26.5186395219652,-0.354050026555486,0.9352264852409066,140.0,2,695.5771484375,39.43463116060114,48.87939172476633,-0.28834013698301186,0.9575280494087982,-0.000978289190240455,250.0592041015625,-1.0741168565986072,0.174531435262057,0.337081416071844,1,0,0,0,1.1075460125269647,1
1,mey_2024_inventory,30.241566,78.862806,75.0,668.477539,0.0087054361016537,78.12521918599263,0.0122975212326754,652.0,17.233736937897714,-0.4728177048145968,0.8811602680635667,123.0,2,663.4359741210938,37.33865311593453,51.847802873764856,-0.6857387196904906,0.7278477919986064,0.004378428394485669,226.22393798828125,-12.07659357244313,0.07973584430836443,0.31901790641684974,1,0,0,0,1.0057659155528833,1
1,mey_2024_inventory,30.240451,78.862119,76.0,662.229004,0.0946971925376809,78.01487582622525,0.0097316569935052,648.0,8.520382064013788,-0.3559953275919878,0.934487734928968,115.0,2,674.3970336914062,47.814220714846485,51.84755699108745,-0.8885746995060001,0.45873195157719465,0.018407349167326795,167.6129150390625,-26.930138958387147,0.04908321055577195,0.38256292129384084,1,0,0,0,0.8655676766216852,1
1,mey_2024_inventory,30.241523,78.860161,77.0,675.687256,0.089941987229775,77.89055924088962,0.0127091262732169,666.0,25.804565970054117,0.0275757163483199,0.9996197176265968,145.0,2,700.1961059570312,33.42559585918002,49.00706495010305,-0.1897017467198666,0.981841762857657,-0.012531701763947776,251.29571533203125,29.00671941583812,0.1701833766172284,0.1897350724649912,1,0,0,0,0.8974346421805909,1
1,mey_2024_inventory,30.241241,78.858894,78.0,681.455078,0.1107640744978757,77.76645599370944,0.0087830159649073,665.0,40.94476547178745,0.1805756697746867,0.9835610949429748,256.0,2,699.0181274414062,44.74464706494885,50.35044146995264,0.10295512099901828,0.9946860022439632,0.011618521908451935,302.033447265625,-11.397836228047481,0.19553296286639374,0.19553296286639374,1,0,0,0,0.8354676319901448,1
1,mey_2024_inventory,30.232016,78.82315,79.0,589.169189,0.0727184028201636,74.1490827626826,0.0062035967904633,570.0,10.629387881938806,-0.8347726791573308,-0.5505947458271756,56.0,2,591.22119140625,16.955903115588598,30.680825653123875,-0.9906876476578711,0.13615426830663002,-0.011689458695634638,77.03961181640625,13.303863273179218,0.11676146923292467,0.11676146923292467,0,0,0,0,0.6851217925246956,1
1,mey_2024_inventory,30.213802,78.759101,80.0,563.454102,0.2475174460901887,67.17683085109188,0.0087574489031948,564.0,15.266829587151229,0.4762831485407526,0.879291966536774,72.0,2,561.1718139648438,33.962340360886465,39.092581888279156,0.26977241677258035,0.9629241107941379,-0.0012145223201946516,78.71929931640625,1.1707350045196563,0.16957358665810165,0.16957358665810165,0,0,0,0,4.41601393717614,0
1,mey_2024_inventory,30.212824,78.751044,81.0,581.238525,0.0407944708059154,66.421853991435,0.0048470468858652,545.0,13.929115764192192,-0.5913636636275174,0.8064049958557056,116.0,2,571.0220336914062,26.847817756410038,38.977316462399905,-0.24242620902865175,0.9701698475916454,0.0035906509422864628,142.32147216796875,-5.813134059433082,0.12922899572813037,0.12922899572813037,0,0,0,0,4.856551711308049,0
1,mey_2024_inventory,30.212459,78.747811,82.0,568.260742,0.0777611332197814,66.14059009007973,0.0055567472975894,556.0,12.156145050965591,0.3713906763541037,0.9284766908852592,60.0,2,546.5859375,37.53181511705758,40.73499230427171,-0.0585041518102638,0.9982871652089701,0.004521783244812078,154.01605224609375,-27.626677205739952,0.09236714818664524,0.09236714818664524,0,1,0,0,5.042581565149562,0
1,mey_2024_inventory,30.21248,78.747313,83.0,565.857666,0.1072427526813115,66.10274280287105,0.0085416658144703,575.0,18.470999774715377,0.5887648892400363,0.8083043394651347,81.0,2,545.66455078125,36.710447589303925,40.73499231171462,0.08613577059877497,0.9962834079835693,0.011168075715097384,159.26300048828125,-29.154138990670162,0.09378550748791092,0.09378550748791092,0,1,0,0,5.065005516278446,0
1,mey_2024_inventory,30.217789,78.743429,84.0,559.368408,0.0942023088836549,65.43663151132104,0.0077416816864105,585.0,12.24755152173057,-0.0614222689183301,-0.998111869922868,65.0,2,546.774658203125,24.261534659767992,34.75706365748043,0.7393484556008825,-0.6733229991620588,0.019735020193658213,88.63861083984375,-12.491623050910334,0.06863944390260686,0.18201183315272706,0,0,0,0,4.786088281144082,0
1,mey_2024_inventory,30.236139,78.701851,85.0,557.205566,0.1358221374216066,60.84125105927885,0.0163553134070006,560.0,31.23803836736373,-0.5660622493543174,-0.8243624990596858,152.0,1,565.8217163085938,39.724124736479176,43.73822410970107,-0.9619688209844041,-0.27315927122079436,0.00641499231507557,157.89193725585938,-7.5999627231566365,0.1714646826462757,0.1714646826462757,0,0,0,0,5.610668483504728,1
1,mey_2024_inventory,30.23749,78.699587,86.0,565.136475,0.025099576034385,60.60143082921136,0.0113311727761266,567.0,27.85404937308712,-0.0820013848161443,-0.9966322154577558,158.0,1,559.5807495117188,36.8464470669205,43.7383946109306,0.0491689399023159,-0.9987904762005305,0.007114788146369022,169.64410400390625,-11.134743682609155,0.13628325279343775,0.13628325279343775,0,1,0,0,5.6620960479021765,1
1,mey_2024_inventory,30.239757,78.686855,87.0,555.763672,0.133965742284831,59.47067407149893,0.0121146466410041,570.0,27.58249084217628,0.0957124066442577,-0.9954090291002812,156.0,1,561.4199829101562,29.294310997992593,43.73822571872754,0.13487607277854569,-0.9908624753172544,0.0026006866923840863,167.09735107421875,-9.361480965102032,0.1280286352357446,0.1280286352357446,0,1,0,0,6.46635328302944,1
1,mey_2024_inventory,30.239732,78.685764,88.0,557.686279,0.229547649331074,59.42717489440662,0.0117889908945722,587.0,28.442360685337928,0.1353878198679792,-0.9907926817611218,161.0,1,544.027587890625,36.17250498834716,43.738225647276465,0.07093864471873093,-0.9974806808582659,0.0026383400953603796,186.67578125,-17.05794481009491,0.11381337355619318,0.11381337355619318,0,1,0,0,6.553625163135142,1
1,mey_2024_inventory,30.239624,78.684745,89.0,558.407227,0.3151701476448843,59.3779279945231,0.0174017160340682,592.0,31.846313305567904,0.2146570306903312,-0.9766894896410068,182.0,1,551.0498657226562,39.070379458658856,43.73822533860907,0.10422388553485208,-0.9945538606249629,0.0034836765941697154,198.26300048828125,-17.731386799457596,0.10166897245253981,0.10166897245253981,0,1,0,0,6.6405995440829,1
1,mey_2024_inventory,30.213061,78.678469,90.0,557.205566,0.6464171035570947,56.661431887952645,0.0133907326581021,559.0,30.410429343694723,0.9200239789895804,0.3918620651251916,162.0,1,540.5706787109375,34.54849483494047,55.044298593627296,0.899407569438596,0.4371109973868847,0.010222176966286028,165.18511962890625,-12.914600719105124,0.14580102837341877,0.14580102837341877,0,1,0,0,9.01601327254653,1
1,mey_2024_inventory,30.210871,78.67843,91.0,561.531494,0.8301869672324849,56.50368918170781,0.0130489171822867,608.0,20.330935050199827,0.1439398457141106,-0.9895864392845114,117.0,1,556.3759155273438,40.93171303455258,49.37453773453837,-0.35797469496214607,-0.9337312877732857,-0.00959820328491042,147.01931762695312,22.24728443996969,0.07875247022849045,0.07875247022849045,0,1,0,0,9.19696544440974,1
1,mey_2024_inventory,30.211401,78.677407,92.0,562.012207,0.7221836348762796,56.46548947045751,0.0114292035331713,531.0,34.19039524273037,-0.5937010364021483,-0.8046857022310108,164.0,1,552.3092041015625,49.37459953205326,49.37459953205327,-0.6365625765630921,-0.7712250554276342,-0.0063153109867039245,167.20053100585938,-0.9794730194344083,0.07335998544811986,0.07335998544811986,0,1,0,0,9.220315499280856,1
1,mey_2024_inventory,30.208495,78.650578,93.0,563.213623,0.0671869905475743,54.105787027422366,0.0123723958015971,585.0,29.352782417652275,-0.142251104665306,-0.9898306032960892,167.0,1,570.9965209960938,25.34706161214611,41.623307659599185,-0.37831432772172224,-0.9256771950526065,-0.004994880578329277,202.83322143554688,-4.257513881714885,0.13654061010334675,0.13654061010334675,0,1,0,0,11.33935984959244,1
1,mey_2024_inventory,30.208847,78.64902,94.0,561.050781,0.1417926343567093,53.970055217569374,0.0041419525378762,590.0,30.431390864363717,0.0510696355282506,-0.9986950947746824,176.0,1,568.4489135742188,35.43459616975263,41.76691240179696,0.07956638618807631,-0.9968295692790067,0.011870708992689653,217.07968139648438,-9.584293838374833,0.15408451217167676,0.15408451217167676,0,1,0,0,11.432905013079656,1
1,mey_2024_inventory,30.208477,78.646575,95.0,568.501221,0.1600136553561584,53.73195760711633,0.0022017476904382,627.0,19.712523153634947,0.6977423470721107,-0.7163488096607002,131.0,1,552.9236450195312,44.938880340391584,44.938880340391584,0.36652414703356057,-0.9304085391059783,-0.009596982698882388,162.7025146484375,3.604085874951579,0.1641719787295217,0.1641719787295217,0,1,0,0,11.644263518881973,1
1,mey_2024_inventory,30.208375,78.645469,96.0,572.58667,0.1752620680975823,53.62603192904792,0.0115220178898502,644.0,19.361171732167147,0.7304240560925606,-0.6829939225800563,128.0,1,575.031982421875,37.57126436363329,44.938876351481625,0.18600805961191758,-0.98254821854167,0.008194829371021128,187.6292724609375,6.260219605500993,0.2230214944734305,0.2230214944734305,0,1,0,0,11.73583895985302,1
1,mey_2024_inventory,30.207094,78.642232,97.0,584.843262,0.1145934617179547,53.289287540075065,0.0076279210797525,625.0,30.709424484008007,0.5219039296415243,-0.8530042721022767,152.0,1,586.6668701171875,22.758023867474034,36.89546294714605,0.8507196027490237,-0.5256197841582291,0.01391916139368484,230.4141845703125,-17.376666865072934,0.3463169434762291,0.3463169434762291,0,1,0,0,12.070300611932232,1
1,mey_2024_inventory,30.206308,78.641331,98.0,591.812744,0.0516809798381192,53.18387511006183,0.0054313366272881,626.0,28.892791741131468,0.730854377508733,-0.682533426929643,125.0,1,592.3567504882812,25.346859848561255,37.697487849951024,0.9102169194652001,-0.41413181418394013,0.005597769996387147,198.79489135742188,-7.091967622110701,0.33461715844728723,0.33461715844728723,0,1,0,0,12.192008478723896,1
1,mey_2024_inventory,30.205355,78.640465,99.0,596.859863,0.0099741836885374,53.06678969133444,0.0058716493342898,635.0,26.140436205985147,0.9101337294336388,-0.4143146081750146,134.0,1,586.473388671875,24.848125611912064,37.8626781208949,0.9830335984957111,-0.18342558226314268,0.009296809528863633,208.17642211914062,-14.141293612393497,0.31793366975980925,0.31793366975980925,0,1,0,0,12.322201059873366,1
1,mey_2024_inventory,30.197761,78.638548,100.0,607.193848,0.1157330093522207,52.21630942657921,0.004717076254399,617.0,12.540479793823865,0.4945242492550592,-0.8691638320240437,61.0,1,612.1060180664062,11.925075575162909,45.210719246954675,0.9300112560922933,0.3675310375215063,0.011209709408490165,128.5977783203125,-24.871764127873234,0.48702531838227897,0.48702531838227897,0,1,0,0,12.989121380625226,1
1,mey_2024_inventory,30.196929,78.638222,101.0,611.76001,0.1190734427474682,52.119168445992905,0.0049551944265931,661.0,16.142764795595028,0.7831108474982938,0.6218821436015863,69.0,1,616.685302734375,25.40684415441224,42.1728213578737,0.9903754063762108,-0.13840720517789284,0.01721489325329556,165.77117919921875,-31.076806438855897,0.5582082324049666,0.5582082324049666,0,1,0,0,13.07216343014394,1
1,mey_2024_inventory,30.196368,78.638263,102.0,614.403564,0.1447867690862688,52.06257905246133,0.0073291253131028,675.0,23.82990176847157,0.9131880417595766,0.4075384649174969,121.0,1,616.8975219726562,30.1905463302363,42.17281837027418,0.960045672534386,0.27984336091463463,0.019318760559356267,184.1051025390625,-39.2641359439566,0.5839745455888291,0.5839745455888291,0,1,0,0,13.109009536531886,1
1,mey_2024_inventory,30.195414,78.640391,103.0,617.287598,0.3736603549023898,52.03666768370154,0.0046279201715711,602.0,17.007222539751087,0.9372218510575616,0.3487337120214183,111.0,1,626.019775390625,35.20817299881673,42.17281328998867,0.3330051084727602,0.9429250223273562,0.0019123340138524438,177.9412841796875,-0.05169425522990423,0.3913697919302895,0.3913697919302895,0,1,0,0,13.021655268689265,1
1,mey_2024_inventory,30.195018,78.641628,104.0,616.56665,0.500478803783585,52.037995436789366,0.0084340614746768,580.0,10.062452516733035,0.8828723891992799,0.4696129729783402,82.0,1,611.3240966796875,30.88047845345258,42.85230154655049,0.9118605013883876,0.41050021438206147,-0.011598055344821088,200.992919921875,27.36720288489471,0.28774402282732714,0.28774402282732714,0,1,0,0,12.960853676358356,1
1,mey_2024_inventory,30.193771,78.640982,105.0,615.845703,0.4913276565808546,51.88702344607077,0.0084181887102151,637.0,31.41093017126345,0.9770777293034412,-0.2128828572225374,180.0,1,607.8339233398438,35.89995778501606,47.07686217860207,0.7885833908167836,-0.6149278296905286,-0.001048599387945969,234.92623901367188,15.38336484294291,0.21696669905098534,0.21696669905098534,0,1,0,0,13.099124188012851,1
1,mey_2024_inventory,30.192773,78.640192,106.0,607.193848,0.4594474304597431,51.75687065546433,0.0014474163618315,650.0,39.44432131408798,0.7941277684358851,-0.6077508431907284,207.0,1,594.7880249023438,40.613931839326284,56.301762288928046,0.7893498877360001,-0.613943608755042,-0.006262103062824157,261.497802734375,6.029494104306536,0.1875342237853829,0.1875342237853829,0,1,0,0,13.229581520359735,1
1,mey_2024_inventory,30.192229,78.63961,107.0,608.155273,0.4284529402992776,51.68075380744073,0.0029349747877476,646.0,39.19334663048576,0.7930796827079573,-0.6091179006365236,194.0,1,589.3041381835938,43.045098531620404,51.89106382259631,0.6863836854801586,-0.7272396003427444,0.0020227167173485078,275.3380432128906,5.119975444699094,0.1789390384872417,0.1789390384872417,0,1,0,0,13.311582504763651,1
1,mey_2024_inventory,30.190412,78.63712,108.0,588.688477,0.2758080749687641,51.40786126578446,0.0079829169938377,633.0,40.69893491740101,0.6123295123225396,-0.7906026614797351,204.0,1,586.876220703125,38.2452316732784,50.793693056298224,0.6323502723265767,-0.7746826015140035,0.006607091089637494,266.162841796875,-4.438559540047095,0.199082323896783,0.199082323896783,0,1,0,0,13.624664287233841,1
1,mey_2024_inventory,30.18751,78.634159,109.0,571.625244,0.123393503358694,51.006721410666486,0.002666262759363,622.0,33.941982704572794,0.554700196225229,-0.8320502943378437,186.0,1,551.390625,33.211181385852775,47.43954530087873,0.7772161161670578,-0.6292337473230394,0.0010717536442345118,255.99539184570312,-13.77163343193115,0.2092141147726416,0.2092141147726416,0,1,0,0,14.051865601410915,1
1,mey_2024_inventory,30.185074,78.631382,110.0,566.818848,0.013952283764066,50.65785013625508,0.0084530415711169,641.0,38.75655509292031,0.7474093186836598,-0.6643638388299196,201.0,1,537.947998046875,42.63470887005242,49.484358291890835,0.6784882146241015,-0.734611286747079,-0.0018777195034659993,226.01910400390625,-10.579898550490725,0.14625520955881163,0.14625520955881163,0,1,0,0,14.43142139432831,1
1,mey_2024_inventory,30.183944,78.628858,111.0,561.771729,0.1106774946068411,50.41482187204462,0.0140823140805897,589.0,40.89129420409992,0.2579022248141408,-0.9661710213186464,251.0,1,569.1473999023438,48.39333605416973,50.18846779573466,0.2197711607376391,-0.9755514527220134,6.9785544796652395e-06,274.5166320800781,-6.067826200122681,0.13025718238285655,0.13025718238285655,0,1,0,0,14.695989277402619,1
1,mey_2024_inventory,30.18081,78.621492,112.0,562.492676,0.4849432424775001,49.72029200642091,0.001144158589567,569.0,33.71285977875349,0.6894056438378436,-0.7243754953368648,171.0,1,539.0286865234375,37.551460260654764,54.11670961851628,0.46581161521776804,-0.8848839127977263,-0.003886283001906456,230.25921630859375,-8.820661308351646,0.1470765510779449,0.1470765510779449,0,1,0,0,15.244133895306415,1
1,mey_2024_inventory,30.179253,78.618326,113.0,562.733154,0.6322839077985245,49.40290260957921,0.0095783766618111,586.0,20.382212934570497,0.1614885681105409,-0.9868745828977497,110.0,1,549.927978515625,19.224651651459254,40.65268022244056,0.9780428256434032,-0.2084040095762738,0.00986476278961525,186.28106689453125,-17.058361463310348,0.04013950117820769,0.24545328704054295,0,1,0,0,15.00555025547193,1
1,mey_2024_inventory,30.175154,78.619627,114.0,569.462402,0.2665214613094523,49.107406158135646,0.0078944614011642,565.0,29.98179613248693,0.9244386010979276,0.3813309229528952,160.0,1,549.8455810546875,35.28667443620242,49.02247857511082,0.840332934372966,0.5420706221592538,-0.002679194770146049,170.47613525390625,10.939724504455057,0.1664015849494634,0.1664015849494634,0,1,0,0,14.592214045388666,1
1,mey_2024_inventory,30.173788,78.61978,115.0,573.548096,0.1665739860712128,48.99320653431965,0.0073163131145801,595.0,28.523943381089705,0.9996990331371586,0.0245324916107277,163.0,1,568.38916015625,26.832802446910364,49.022120191332704,0.9992446378506408,0.03886069642636066,-0.004067053739894375,172.07958984375,18.990628329190372,0.16490005100366806,0.16490005100366806,0,1,0,0,14.448706780907916,1
1,mey_2024_inventory,30.167727,78.619251,116.0,583.88208,0.1546336730736217,48.39198045780071,0.0009004606661218,573.0,25.17407923292491,0.9999748513083568,0.0070920202220451,141.0,1,565.1301879882812,33.99874083965484,44.72875233971191,0.9963312329921044,0.08558080488306385,-0.008266890738227652,181.81195068359375,21.224221726094356,0.17024126007788848,0.17024126007788848,0,1,0,0,13.784702372258007,1
1,mey_2024_inventory,30.167172,78.619181,117.0,585.564209,0.1760154611324442,48.33406424173455,0.0050883209010084,585.0,23.57704066778907,0.9242028274918088,-0.381901994831326,139.0,1,579.0267333984375,30.275017156182457,44.72860637797041,0.9263912355723252,-0.3765624498735645,-0.010642301182035983,199.57107543945312,28.64034605420329,0.14834722626607535,0.14834722626607535,0,1,0,0,13.723428980485691,1
1,mey_2024_inventory,30.166645,78.618652,118.0,585.804688,0.1564981214272785,48.25919290307546,0.0061800030286903,584.0,29.471038468604416,0.884790236675952,-0.4659895246493345,150.0,1,580.50244140625,29.489929602692566,44.72846778322774,0.5913826862349909,-0.8063910455985274,-0.00978957778280907,212.46868896484375,21.384523502066145,0.16805800076810962,0.16805800076810962,0,1,0,0,13.654146134741572,1
1,mey_2024_inventory,30.165433,78.617682,119.0,586.765869,0.1328422739877592,48.097600505565936,0.0103432168844743,600.0,33.558975893192546,0.8944271909999159,-0.4472135954999579,178.0,1,585.6716918945312,36.545691236769485,43.22492265906168,0.9904572404567531,-0.1378203715957604,0.0009543041601723585,237.51895141601562,-1.3003454287189697,0.18898003308158154,0.18898003308158154,0,1,0,0,13.500917178131907,1
1,mey_2024_inventory,30.164273,78.617047,120.0,586.044922,0.1354593694787305,47.9555490709267,0.0032318401290039,639.0,33.8783864240733,0.982984409412707,-0.1836890057993443,198.0,1,586.6539306640625,33.20223963948279,49.777797180597474,0.9404560866306343,-0.339915208720341,0.01438245347087385,249.30813598632812,-12.106446573556923,0.17041497020134266,0.17041497020134266,0,1,0,0,13.3612941896935,1
1,mey_2024_inventory,30.162986,78.617033,121.0,586.285156,0.1978115856974966,47.827620212781774,0.0120888317177488,618.0,42.66829890725645,0.994485619700544,-0.1048730289866029,275.0,1,589.2803344726562,38.455408222577034,50.991122186368514,0.9968602431565966,0.07918115693630039,-0.006584072223336318,243.702880859375,3.945776568956603,0.14314503411199594,0.14314503411199594,0,1,0,0,13.222528512996263,1
1,mey_2024_inventory,30.16023,78.617721,122.0,583.641602,0.3931460409329257,47.58452630833765,0.0062459256609463,582.0,34.94954372257307,0.9777325633327096,0.2098547940811668,205.0,1,574.3424072265625,27.102016106250158,56.445097332831935,0.9458851851060429,0.3245014893600751,-0.0015212794507819428,208.560791015625,16.271161796632896,0.19759489634268562,0.19759489634268562,0,1,0,0,12.943085987701489,1
1,mey_2024_inventory,30.159599,78.617932,123.0,582.68042,0.442472969196009,47.53116696846345,0.0035303767040042,599.0,36.578524454148216,0.9477810990639493,0.3189216020546938,211.0,1,584.4722900390625,26.899200560181946,57.948812739964985,0.9735122862469103,0.22863470542836167,-0.0023718264294768357,224.65078735351562,18.11857920244711,0.17801473744620572,0.17801473744620572,0,1,0,0,12.880645814819763,1
1,mey_2024_inventory,30.158619,78.618366,124.0,583.401367,0.5282335795693444,47.45286318527186,0.0104348724414091,567.0,31.874762184180938,0.9916898464099846,0.1286516557504844,185.0,1,537.0223388671875,54.21033992981915,57.94855691773487,0.9993062331992154,0.03724315090315597,-0.008181617874819117,209.8819580078125,-3.333549562564599,0.13890322020293772,0.13890322020293772,0,1,0,0,12.786572637386588,1
1,mey_2024_inventory,30.157743,78.61848,125.0,582.199707,0.5813086911987742,47.37109665740924,0.0112553997920025,575.0,34.86640913209077,0.999896996297316,-0.0143525884635979,209.0,1,540.9559326171875,57.94832825157882,57.94832825157882,0.9994053212649557,0.034481934796216286,0.007093730584217352,210.37240600585938,-1.927559592507123,0.13568373653242075,0.13568373653242075,0,1,0,0,12.695774191686892,1
1,mey_2024_inventory,30.155838,78.618016,126.0,582.68042,0.635438825267218,47.16268850486601,0.0083241040433074,622.0,36.43347869219089,0.957327710786714,-0.2890045919356118,212.0,1,562.8208618164062,36.38373621868165,57.947831005739474,0.9988350259734614,-0.04825547521882616,-0.006996506980050177,223.6016845703125,15.512868581724547,0.16672079414979757,0.16672079414979757,0,1,0,0,12.480253922299482,1
1,mey_2024_inventory,30.155235,78.617764,127.0,583.160889,0.6435222565360778,47.09220214474117,0.0072674417386554,619.0,36.083866893615394,0.9376383672985976,-0.3476122727546021,205.0,1,562.7888793945312,44.61146589826321,49.4632661190649,0.8417234656130288,-0.5399088880879738,-0.0007066020539339705,227.851318359375,11.208834057011927,0.1508886856419063,0.1508886856419063,0,1,0,0,12.409342195998954,1
1,mey_2024_inventory,30.154789,78.617345,128.0,583.401367,0.6294749477622584,47.0300715927122,0.0059623583150712,632.0,33.736609209987094,0.8934267206376517,-0.4492089656837354,179.0,1,569.1721801757812,37.326575047986225,45.78970588931288,0.8070591419080627,-0.5904706101599143,0.002075904353872126,248.88375854492188,0.845298830142724,0.16215255853500674,0.16215255853500674,0,1,0,0,12.350967301006632,1
1,mey_2024_inventory,30.154622,78.617182,129.0,582.68042,0.6236890686066611,47.00654489435227,0.0060308650880694,632.0,35.34402172068417,0.8413311550695189,-0.5405200158267861,179.0,1,569.1721801757812,37.32654457809212,45.78967138682744,0.8070586654338414,-0.5904712614074853,0.002075912834884502,248.88375854492188,0.845298830142724,0.17291464451187155,0.17291464451187155,0,1,0,0,12.328968648261874,1
1,mey_2024_inventory,30.154328,78.616928,130.0,582.199707,0.6163405871068572,46.96654298932179,0.0066094225715273,632.0,34.67335267293908,0.8625529462600755,-0.5059668120519993,179.0,1,572.0377197265625,32.387504967784416,45.78961064656663,0.7851074138757006,-0.6193596279040225,0.002224746560249451,253.9495849609375,-2.0425611763946563,0.19331274026175851,0.19331274026175851,0,1,0,0,12.291091887105233,1
1,mey_2024_inventory,30.15423,78.61681,131.0,582.920654,0.6110213496837521,46.95177654049241,0.0023778277698391,632.0,34.67335267293908,0.8625529462600755,-0.5059668120519993,179.0,1,572.0377197265625,32.387489094520056,45.78959039999491,0.7851071146117987,-0.6193600072542108,0.0022247478142535465,253.9495849609375,-2.0425611763946563,0.20206117207780436,0.20206117207780436,0,1,0,0,12.27763172906021,1
1,mey_2024_inventory,30.151105,78.609261,132.0,569.462402,0.1154362487018665,46.31819597865217,0.0106962593443427,620.0,30.16867066409992,0.2465813611005967,-0.9691220936279272,169.0,1,554.0148315429688,41.23856518234815,44.79431020229588,0.08665763581926504,-0.9962381513243787,-0.00039436021331150156,239.821044921875,-10.898821617946169,0.23924073855590017,0.23924073855590017,0,1,0,0,11.769212933361677,1
1,mey_2024_inventory,30.151098,78.608469,133.0,570.904297,0.047596830650946,46.2834677089002,0.013912015818472,631.0,33.001475505814795,0.297690442538056,-0.9546624536565248,186.0,1,560.1395263671875,38.96844932973204,44.79431018428378,0.2168660313289933,-0.9762013749506872,0.012310726130916449,243.55419921875,-20.508526762654924,0.24312191782081172,0.24312191782081172,0,1,0,0,11.75263335254052,1
1,mey_2024_inventory,30.147908,78.605598,134.0,565.617188,0.2741083945700358,45.95729394974901,0.006198837695065,590.0,33.20872259629687,0.9471445756278132,-0.3208070336803884,186.0,1,548.8247680664062,33.5454412031443,46.52590859195741,0.9871210353130174,-0.15997519070954913,-0.010089912900005452,194.50003051757812,4.5622124790160115,0.15394211679780856,0.15394211679780856,0,1,0,0,11.351616990971534,1
1,mey_2024_inventory,30.147644,78.598747,135.0,541.10376,0.1441721839405592,45.04227964904658,0.0102299716023947,480.0,24.02648625886394,-0.994505452921406,0.1046847845180426,181.0,1,540.0374145507812,40.93878675419084,52.95404470039305,-0.9977836233314066,-0.06654202440300166,-0.012113840967002541,226.89556884765625,3.938932812903545,0.08805823696017795,0.08805823696017795,0,1,0,0,11.217867661252873,1
1,mey_2024_inventory,30.148855,78.59872,136.0,532.211548,0.0381638473717505,45.33016184502927,0.0097555168419612,468.0,17.987985640523593,-0.944496796706159,0.3285206249412728,181.0,1,519.8259887695312,45.09700827241491,52.95435988281556,-0.9847368194988183,0.1740499822561089,0.009529284868527013,227.35488891601562,-16.045330709662267,0.08610941813278246,0.08610941813278246,0,1,0,0,11.350681514868246,1
1,mey_2024_inventory,30.14984,78.59897,137.0,525.242065,0.0636686702371325,45.37567413343017,0.0087713073939682,448.0,11.157292128087049,-0.8619342151577695,-0.5070201265633939,150.0,1,523.6619262695312,47.14803186612082,54.927941703112,-0.9518750699263738,0.30648629863773824,0.0025851197245127834,248.09701538085938,-12.682315794889632,0.07109520213197155,0.07109520213197155,0,1,0,0,11.462097170612672,1
1,mey_2024_inventory,30.141744,78.595072,138.0,551.918457,0.2276984349841562,44.400123237916574,0.0124212440284602,563.0,25.61781369118993,0.987135147558702,-0.1598880872806347,142.0,1,544.30224609375,33.4538936990716,38.92154916074208,0.9610588051819947,-0.27634393965158127,0.0002660046221422841,197.99783325195312,4.9353274510912115,0.1629907660375885,0.1629907660375885,0,1,0,0,10.52644114662596,1
1,mey_2024_inventory,30.141304,78.59493,139.0,554.562012,0.2427283757283414,44.351875288580445,0.0147476539436416,603.0,26.54925538816749,0.9673332815070708,-0.2535080323949564,145.0,1,558.1224365234375,30.778686254919545,38.921429361092706,0.9751109129308454,-0.2217176300684571,-0.004020197397485339,206.00689697265625,3.8709068613603677,0.1731082125165756,0.1731082125165756,0,1,0,0,10.476486697591103,1
1,mey_2024_inventory,30.136497,78.594247,140.0,575.951172,0.3234092701009579,43.82241048528593,0.0074354485915695,588.0,34.41738871044157,0.9973337235915658,-0.072975638311578,205.0,1,576.5712890625,31.833483969643808,45.69284788904415,0.9706459015825861,-0.24051306355565918,-0.008104652400343146,219.47146606445312,11.366844996933082,0.19153414273215283,0.19153414273215283,0,1,0,0,9.939513370320032,1
1,mey_2024_inventory,30.133821,78.592345,141.0,591.332031,0.5146941527428499,43.53179250702159,0.0095210097485756,608.0,20.17298978647486,0.9798765487080172,-0.1996044821442257,129.0,1,606.9556274414062,36.29236948967545,38.317893001750875,0.7398157698965422,0.6728095024688538,-0.012667705449147302,182.95703125,-2.0676188823605344,0.32271726689190255,0.32271726689190255,0,1,0,0,9.626617761686251,1
1,mey_2024_inventory,30.132768,78.592789,142.0,593.495117,0.4752716058295894,43.414199744935466,0.0105712417254768,620.0,31.44430728239367,0.9539937169012556,0.2998265967403945,175.0,1,596.3402709960938,30.940236644219524,46.67482353405562,0.9999272280741823,-0.012063936168683929,0.00806077240020935,205.64727783203125,-5.519608426685181,0.28187972497948366,0.28187972497948366,0,1,0,0,9.514207677611191,1
1,mey_2024_inventory,30.131555,78.593532,143.0,590.851318,0.4075889518033376,43.27811094778036,0.0100797375738981,601.0,32.961783872199135,0.956111824861979,0.2930020108448001,186.0,1,583.3665161132812,30.193438391800807,49.057226541828214,0.9174368656080008,0.3978813863745918,-0.004533420746810967,241.96426391601562,7.208046400842591,0.21352855420679484,0.21352855420679484,0,1,0,0,9.387344516150078,1
1,mey_2024_inventory,30.13068,78.593895,144.0,588.688477,0.3754023214712532,43.18041229645726,0.0078541868415149,621.0,33.71285977875349,0.9491816835448572,0.3147286634911895,190.0,1,587.08203125,33.52929700390928,49.056978089288606,0.9674879686742903,0.2529170426651699,-0.008800360619709137,251.60089111328125,11.59444383353241,0.19490289016681128,0.19490289016681128,0,1,0,0,9.294510299579235,1
1,mey_2024_inventory,30.129841,78.594057,145.0,587.727295,0.3624363947491278,43.087238067928055,0.0061730816006534,639.0,29.01261678577829,0.955648961441656,0.294508170507177,159.0,1,573.6094970703125,36.5964234034343,47.960984748656955,0.9821744414715685,0.18797171734070114,0.0026300418609695765,248.28799438476562,-6.0214162779248,0.21641408177879176,0.21641408177879176,0,1,0,0,9.203717317362132,1
1,mey_2024_inventory,30.129471,78.594213,146.0,586.285156,0.3485853138834879,43.04591870476177,0.0066185200439778,583.0,30.074674074461797,0.9152301356776028,0.4029315062731586,159.0,1,578.5326538085938,35.053980526964686,47.05588268562397,0.9916622047073396,0.12886454809209003,-0.002079014328266981,263.5095520019531,-10.437908834662267,0.22572212883308265,0.22572212883308265,0,1,0,0,9.16460787277729,1
1,mey_2024_inventory,30.127647,78.596708,147.0,581.959473,0.1098620594824044,42.74004841901933,0.0116625951027249,538.0,30.769527432314757,0.4870683145292204,0.8733638743282575,156.0,1,581.8901977539062,31.51618030356756,39.70030339871119,0.5256728491605686,0.8506868140834264,-0.0008902890141755959,240.02194213867188,4.052809786205444,0.23750456109591633,0.23750456109591633,0,1,0,0,8.994318531244794,1
1,mey_2024_inventory,30.125635,78.597702,148.0,572.826904,0.1156977279881762,42.65192479619813,0.0039088190092774,597.0,28.35626265239702,0.9511248018899604,-0.3088067538603768,154.0,1,549.3325805664062,45.95134437470187,50.24559852361698,0.5938503409339548,-0.8045755232249024,-0.009051782046858695,214.94577026367188,15.458603283590492,0.1439612523800354,0.1439612523800354,0,1,0,0,8.787825435900348,1
1,mey_2024_inventory,30.125094,78.595563,149.0,562.492676,0.0137635828233058,42.46337934895488,0.0137815395267459,651.0,35.422669779972075,0.2015206848602198,-0.9794842589717652,209.0,1,575.4046020507812,46.51581561613256,50.24559826963708,0.06879070890365245,-0.9976311133723391,0.013188290861114126,269.0591735839844,-0.09308390972046254,0.15381906953209357,0.15381906953209357,0,1,0,0,8.698799375481128,1
1,mey_2024_inventory,30.124841,78.59492,150.0,560.089355,0.009763973352867,42.39968428234575,0.012749365054105,576.0,35.43395894348073,0.2248595066987585,-0.9743911956946198,208.0,1,561.5175170898438,40.83100451935734,50.2455981508656,0.2880017519653115,-0.9576298819820271,-0.0041718113609648805,285.0806884765625,-3.004888865573321,0.14176613512937355,0.14176613512937355,0,1,0,0,8.662958058142356,1
1,mey_2024_inventory,30.122422,78.585842,151.0,525.001831,0.4326950748838301,41.5899416659486,0.0119081836702263,534.0,32.122436611783684,0.7751386849026773,-0.6317911198864288,146.0,1,531.3546752929688,39.616459107242505,44.300173987091675,0.7491407823318658,-0.6624108153156922,0.01300100099879959,250.40399169921875,-11.182350095638526,0.12579981592060407,0.12579981592060407,0,1,0,0,8.328403992014776,1
1,mey_2024_inventory,30.121691,78.585451,152.0,520.916138,0.4015643713742602,41.50639659008461,0.0055400484970355,587.0,34.50284323264338,0.7953203834673164,-0.606189316667162,164.0,1,515.1722412109375,33.56822291554071,46.11549498057286,0.8464492599576648,-0.5324693890892899,-0.005274623563273302,232.96585083007812,-6.892577116154484,0.10645200292872159,0.1260208979586386,0,1,0,0,8.246469323118095,1
1,mey_2024_inventory,30.120819,78.584272,153.0,522.838745,0.4125758144864962,41.35791891790018,0.0039284178838125,535.0,19.29004621918873,0.8000000000000002,-0.5999999999999999,129.0,1,535.1194458007812,36.24038376856222,47.237325219338096,0.7111993894590389,0.7029903473256871,0.004318045307567165,190.75238037109375,-18.660330528070062,0.03526215267172153,0.22346071975190523,0,1,0,0,8.148092232408448,1
1,mey_2024_inventory,30.12014,78.584879,154.0,523.800049,0.3181072498162747,41.34678284793979,0.0095303817046953,535.0,21.323484090323568,0.9990881069030456,-0.0426960729445746,117.0,1,525.8025512695312,31.14550431510993,42.7296133392531,0.9874199419950858,0.15811975888680543,-0.006477260512792551,173.9957275390625,7.659150178767391,0.07752824815070485,0.15678722347264984,0,1,0,0,8.07349264716911,1
1,mey_2024_inventory,30.118897,78.58462,155.0,528.847046,0.2377495889712076,41.23252682408841,0.0098239429824263,565.0,34.3727493007239,0.9892557287490952,0.1461954278939549,203.0,1,536.3799438476562,31.56275271421111,39.57029486882361,0.9994865038718679,-0.032042605667931684,-0.0009357347010102235,191.27468872070312,-0.8395577422843417,0.17342317493198367,0.17342317493198367,0,1,0,0,7.935328596352377,1
1,mey_2024_inventory,30.117085,78.584321,156.0,538.940674,0.115299028959928,41.07135064414562,0.0058332787951595,559.0,31.606811820398647,0.9966935742956422,0.0812521935567099,184.0,1,548.8379516601562,31.823328720834994,38.795425692325466,0.9511938211826335,0.3085940935014478,0.010416569230412674,202.70086669921875,-10.956135647356064,0.23357273469055437,0.23357273469055437,0,1,0,0,7.734106381480391,1
1,mey_2024_inventory,30.11395,78.583711,157.0,544.228027,0.0902938658344848,40.78614442490318,0.0172377064783723,564.0,24.435803545304896,0.3007802493667554,-0.9536934736019076,130.0,1,545.674560546875,38.854985992179444,48.154812291230805,0.016283322080012874,-0.9998674179220156,0.010970934481013116,211.85037231445312,-9.569201761040858,0.10871257023623059,0.4062945469849048,0,1,0,0,7.3861730358383975,1
1,mey_2024_inventory,30.11389,78.583139,158.0,540.863403,0.0563692720521692,40.74229888272793,0.0204940328010777,575.0,28.91885709973436,0.1810088586897588,-0.9834814655476892,163.0,1,546.7315063476562,36.68279885645059,48.830896178685634,0.09720719084911962,-0.9952641669663501,0.010907447087941943,224.12994384765625,-14.939267245205997,0.0913319262284437,0.45846396606636813,0,1,0,0,7.37963941569093,1
1,mey_2024_inventory,30.112818,78.580301,159.0,540.863403,0.0884154601433713,40.47783815965561,0.0126455435189994,569.0,29.204196811442568,0.3816494086384965,-0.9243071615463584,183.0,1,533.0646362304688,30.215530786494348,48.813513007225396,0.3676274246892788,-0.929973159083814,-0.003401692088550205,132.24298095703125,-27.355307334710687,0.05097590885777787,0.7553759934667932,0,1,0,0,7.267570089131224,1
1,mey_2024_inventory,30.112354,78.578107,160.0,528.366333,0.2331194691832142,40.31578559745987,0.0104938845173263,569.0,28.342554896165385,0.587068831464514,-0.809537020230014,150.0,1,535.045166015625,28.393234636906868,51.31798482286954,0.7459638630020768,-0.6659864226056105,0.01382495094904683,156.43536376953125,-41.19576950703765,0.02068701788786935,0.8020666382582753,0,1,0,0,7.22856157469922,1
1,mey_2024_inventory,30.111793,78.579741,161.0,531.971191,0.0684605987341313,40.35393937460182,0.0191112013091734,522.0,15.30043092573898,0.6823182503600111,0.731055268242869,124.0,1,525.3123779296875,33.48340542672126,46.723063651754714,-0.12199296119277539,0.9925309654713137,0.02030551544005173,181.48480224609375,-51.120222611860754,0.048568780995560425,0.6957346874316069,0,1,0,0,7.156621810043411,1
1,mey_2024_inventory,30.112128,78.581459,162.0,540.382813,0.0466270512611371,40.47825428626799,0.006645964982402,513.0,9.24597366655069,-0.1842885350501853,0.982872186934322,128.0,1,547.1265258789062,39.788703690397924,46.0474932946239,-0.47521884564432576,0.8798676313767171,-0.0048565618795304,211.77679443359375,-25.036227391771035,0.06132318095190069,0.6889378520471149,0,1,0,0,7.187073245484906,1
1,mey_2024_inventory,30.112267,78.581786,163.0,543.266602,0.0638112600455956,40.50876584634903,0.0114913123176083,524.0,2.329995152275097,-0.5734623443633283,0.8192319205190405,75.0,1,556.4293212890625,40.39218160499788,46.047493431486004,-0.2537609905901149,0.9672669536662171,-0.005649483655115283,215.14706420898438,-16.911927530588173,0.07853477968747857,0.6539644868107086,0,1,0,0,7.201648851914584,1
1,mey_2024_inventory,30.112225,78.583619,164.0,551.918457,0.2116675291105568,40.60503758591376,0.0077395163289436,526.0,10.086767100782913,-0.2248595066987584,0.9743911956946198,92.0,1,558.6930541992188,46.04749339013186,46.04749339013186,-0.058289982962034484,0.9982996934219132,0.007779290958184822,224.72171020507812,-14.995215045519103,0.08029139311537095,0.497319845943255,0,1,0,0,7.194889279996813,1
1,mey_2024_inventory,30.112286,78.584261,165.0,555.523193,0.258457058809896,40.69462337246707,0.0159813744070507,533.0,9.13863399914574,-0.103606084259456,0.9946184088907778,80.0,1,565.9827880859375,39.15680238677291,46.047493450193855,-0.021901712652376906,0.9997601287223314,-0.0054277098646419684,232.2718505859375,-2.712061101740005,0.08143407400142721,0.43913546470009224,0,1,0,0,7.20194287263944,1
1,mey_2024_inventory,30.111923,78.585092,166.0,562.973389,0.3431829037260436,40.72336892162852,0.0052477206465458,536.0,27.18079147483883,-0.0259652687161998,0.9996628455736942,154.0,1,573.0767822265625,31.28436363334874,46.047493092779,-0.026228574290385043,0.9996559717676345,0.007941613597743959,230.56427001953125,2.826981221348774,0.1401266392847362,0.37939058624331934,0,1,0,0,7.16286528141983,1
1,mey_2024_inventory,30.109892,78.585994,167.0,585.804688,0.5462299327821998,40.522328151296094,0.0139497960431663,609.0,28.897654503672,0.9964196874682212,0.0845447007548794,165.0,1,585.8912963867188,32.069810375291304,46.70235865425268,0.9973349364461179,-0.0729590607396916,0.005519426915256689,168.35516357421875,-0.7934817479662115,0.2790031523651995,0.2790031523651995,0,1,0,0,6.940067786909963,1
1,mey_2024_inventory,30.108793,78.584424,168.0,610.55835,0.4908105396648308,40.336538656113646,0.0150099242515511,650.0,28.385467865729964,0.7772448707074856,-0.6291982286679644,169.0,1,617.1881103515625,26.73880760248647,41.221421960558885,0.6714247227827677,-0.7410727640630734,0.008289034411546927,181.638916015625,-6.748393413449094,0.37785964116302634,0.37785964116302634,0,1,0,0,6.814808609094515,1
1,mey_2024_inventory,30.107814,78.582432,169.0,626.419922,0.3944276189969282,40.13862990435428,0.0095339971400075,714.0,37.62945500569168,0.345905723163199,-0.938269274080178,217.0,1,642.8549194335938,36.885440879573295,52.88232402470643,0.6776085231344935,-0.7354227963392831,0.0072439720574229505,287.0179748535156,7.942875885766398,0.2285155340546556,0.2285155340546556,0,1,0,0,6.706709413343408,1
1,mey_2024_inventory,30.107661,78.580426,170.0,638.196045,0.2451020315805729,40.01515777628794,0.008640566533578,711.0,33.30375990609371,0.0304427364209927,-0.9995365124892648,197.0,1,645.1152954101562,43.36132737705128,52.882322463289434,0.05697419194737991,-0.9983756514719012,0.0067686330429572,316.7156066894531,6.125758399648134,0.23926968378631014,0.23926968378631014,0,1,0,0,6.695771372892864,1
1,mey_2024_inventory,30.107649,78.5795,171.0,643.002686,0.172492083304299,39.963498731927736,0.0086568585926657,714.0,27.212644910879337,0.0583420122531536,-0.9982966541095152,154.0,1,649.12060546875,38.4412129860804,51.97046166064379,0.14016094313384464,-0.9901287340643292,0.006022118259716518,315.4097595214844,-2.2465331022403916,0.2737583533633004,0.2737583533633004,0,1,0,0,6.699106906527794,1
1,mey_2024_inventory,30.107552,78.578072,172.0,651.173828,0.0654448014431545,39.87668811360121,0.0038434253228899,733.0,25.91941281684417,0.4389640839511885,-0.8985046093375892,149.0,1,665.133056640625,32.5185515843964,47.94984304480641,0.11521773600642442,-0.9933402605902742,0.008878153812186958,252.41156005859375,-11.298322693375553,0.33882225907990615,0.33882225907990615,0,1,0,0,6.697902780429957,1
1,mey_2024_inventory,30.10674,78.576506,173.0,661.98877,0.007667636404078,39.71724625404527,0.0179903598830311,747.0,26.350768538717045,0.7335121216488125,-0.6796763696011932,109.0,1,664.0870361328125,33.51526433881633,43.61357219877588,0.8390196644423632,-0.5441010960097621,0.004688910958465893,260.34710693359375,-9.191254418743597,0.3756810055557998,0.3756810055557998,0,1,0,0,6.622026805645912,1
1,mey_2024_inventory,30.104357,78.574366,174.0,678.811523,0.1873983676182087,39.48733145079096,0.0088249875261391,753.0,34.689217596147856,0.9102014777290076,-0.4141657517708713,189.0,1,674.0185546875,37.649282064713596,47.71160881282295,0.6589943348595635,-0.7521479020930668,0.011439025036700292,266.285888671875,-28.152304405023187,0.46326674713870974,0.46326674713870974,0,1,0,0,6.384728445018252,1
1,mey_2024_inventory,30.101626,78.575145,175.0,697.557129,0.203968027137152,39.17663149298571,0.0102173948525933,731.0,35.62526611986099,0.9768392859009548,0.2139743197687806,210.0,1,715.7999267578125,37.739740077887376,45.91841229681332,0.9768144386825617,0.21408772122957437,-0.003545195263738396,270.596923828125,33.938292952608435,0.40862355231290615,0.40862355231290615,0,1,0,0,6.074476110457378,1
1,mey_2024_inventory,30.10085,78.574686,176.0,703.084717,0.2712826637093916,39.107479922770885,0.0065659827774582,794.0,35.22382472624917,0.9631109740028582,-0.2691045368537397,204.0,1,713.9050903320312,38.86853759222873,46.13010532195603,0.5756275108686594,-0.8177120328888107,-0.0015236119265011375,246.3831787109375,14.676049098495582,0.46852081251306327,0.46852081251306327,0,1,0,0,5.99539823878556,1
1,mey_2024_inventory,30.096923,78.575054,177.0,746.583984,0.3643225277350624,38.68186507429264,0.013244832586211,803.0,27.983029789247496,0.9535826651341416,-0.3011313679370973,163.0,1,760.1162109375,38.81543825071641,54.945134951917034,0.8566156328245624,-0.5159550926200597,0.003478200072391441,224.25299072265625,-9.139313500774847,0.6153273588126188,0.6153273588126188,0,1,0,0,5.559430437252196,1
1,mey_2024_inventory,30.096585,78.574747,178.0,749.467773,0.403495696930168,38.654756008257735,0.016197651864814,811.0,35.847948426250454,0.9965457582448796,-0.0830454798537399,216.0,1,765.9605712890625,37.683445586385005,55.71253160802877,0.7997130018040699,-0.6003824737161502,-0.0004996446259845362,233.941162109375,-21.039854948185734,0.6614607507878059,0.6614607507878059,0,1,0,0,5.526858946672269,1
1,mey_2024_inventory,30.095196,78.575952,179.0,768.453857,0.3374967482625485,38.47398810079172,0.0085517000943377,730.0,29.922079368333325,0.4285842068721729,0.9035018415143106,156.0,1,794.1632080078125,40.52316341573244,53.53136204310019,-0.16640942550433763,0.9860567443627757,-0.00758725660379876,254.31292724609375,11.38727109294291,0.6602588176225728,0.6602588176225728,0,1,0,0,5.357527107630384,1
1,mey_2024_inventory,30.093774,78.578883,180.0,786.718506,0.1137358201163173,38.241193266501,0.0189986833360678,823.0,36.24960322348672,0.6910161781600105,0.7228392916279057,161.0,1,796.6484375,38.9302328645355,42.693749584581575,0.8351933079079236,0.5499564877568227,0.0011697908911683522,268.2274169921875,10.506940857438053,0.536808388720526,0.536808388720526,0,1,0,0,5.168939985013306,1
1,mey_2024_inventory,30.093505,78.57905,181.0,787.920166,0.1070612129667503,38.208051226815705,0.0208222649985796,823.0,31.782958615432463,0.8177126340591662,0.5756266568705972,152.0,1,811.5469970703125,36.29920886540705,42.6937115128964,0.8873411368277493,0.4611135509755027,-0.006064541750180988,253.78955078125,12.59625698121124,0.5427943060941733,0.5427943060941733,0,1,0,0,5.137830513347074,1
1,mey_2024_inventory,30.091395,78.579967,182.0,802.580322,0.0908639332777154,37.95913906725022,0.0098130124794325,858.0,22.071393003902223,0.8960653028462409,0.4439222601256606,109.0,1,814.64599609375,29.752106924292182,38.337956167183805,0.9953512640249434,0.09631127246562206,-0.009632225808693613,210.5372314453125,7.027158626840105,0.6185310909760432,0.6185310909760432,0,1,0,0,4.8976543793265765,1
1,mey_2024_inventory,30.086176,78.580531,183.0,860.259033,0.1660749405922212,37.359998279410405,0.0044310351829752,929.0,31.02993840350594,0.127443871708231,-0.9918457841640584,179.0,1,868.1522216796875,37.11507698690484,48.23147757147502,0.27056273324872376,-0.9627023461989588,-0.0020992871882587363,269.85028076171875,15.388030249225153,0.9116677029891503,0.9116677029891503,0,1,0,0,4.316564868486862,1
1,mey_2024_inventory,30.086297,78.579017,184.0,868.910645,0.075820383814872,37.24486423922775,0.0094822081505698,921.0,38.04480417011334,-0.2853933417397479,-0.9584104759916908,225.0,1,909.7235717773438,47.28055143843765,48.23147889976668,-0.31344598313407707,-0.949606031813779,-0.012730288849221222,262.7857666015625,24.705908909316918,1.0279649608726131,1.0279649608726131,0,1,0,0,4.34234334525178,1
1,mey_2024_inventory,30.086362,78.578277,185.0,875.15918,0.0311622811139858,37.1889413673056,0.0041959863500692,897.0,32.06415065362138,-0.3778039080804973,-0.9258856338874164,174.0,1,893.1497192382812,45.0855418577724,48.23147961331575,-0.06847130334495129,-0.9976530863071811,0.0034665324013230785,261.6995849609375,9.089313601659342,1.0850889054981547,1.0850889054981547,0,1,0,0,4.3573288092952795,1
1,mey_2024_inventory,30.087011,78.575834,186.0,882.609375,0.1566253483669465,37.030373374593374,0.0065999884207489,937.0,25.7270128328975,0.2490410398106184,-0.9684929325968497,140.0,1,896.5314331054688,39.357366677158566,47.01898579529266,0.04142616066154534,-0.9991415681538046,-0.0049849852116206185,237.21051025390625,-17.761202725497128,1.2310211392278525,1.2310211392278525,0,1,0,0,4.462203147574204,1
1,mey_2024_inventory,30.086104,78.574134,187.0,888.136963,0.16108903530233,36.83855083845278,0.0116638893929556,954.0,16.539636769973757,0.9989915540104686,-0.0448984968094593,110.0,1,911.2383422851562,22.77526691594773,39.3573662349811,0.5720582123749115,0.8202130221195105,0.01026801774111937,182.55511474609375,-27.902299865218197,1.3624478410519767,1.3624478410519767,0,1,0,0,4.394167287280084,1
1,mey_2024_inventory,30.081275,78.572254,188.0,921.302246,0.189394900378439,36.396962610888224,0.0106807659088136,1017.0,31.9057414652819,0.0910184756337602,-0.995849203992907,186.0,1,935.7378540039062,37.927691629694436,45.221731719863605,0.5872130454915677,-0.8094324179352579,0.01051748632155551,269.3699951171875,-25.235477163771975,1.2131393690314294,1.2131393690314294,0,1,0,0,3.9186396328761055,1
1,mey_2024_inventory,30.080903,78.571886,189.0,923.224854,0.2047470216169422,36.34490372348181,0.0166538702192347,1017.0,27.013654756687316,0.1111491026875896,-0.9938037416772708,152.0,1,956.86572265625,42.554069869475654,45.22172041304499,0.7976899069231903,-0.6030678339895703,-0.002735055232251455,276.64202880859375,10.082734415353798,1.2235000076222,1.2235000076222,0,1,0,0,3.889199351760921,1
1,mey_2024_inventory,30.078837,78.568164,190.0,942.931641,0.2545498269828194,36.0744518005996,0.0173911536273654,1004.0,23.429311229958472,0.999970415514098,-0.0076920801193391,130.0,1,966.4254760742188,25.381645708069165,37.50555988382537,0.9935470072826247,-0.11342109292252534,-0.0011363149777861483,169.65093994140625,8.957006533283788,1.2027595228535082,1.2027595228535082,0,1,0,0,3.796380358903789,1
1,mey_2024_inventory,30.077965,78.565744,191.0,953.746582,0.4145315255334066,35.95332656335891,0.0085179898903797,979.0,27.84839808256487,-0.4037955348485371,-0.9148492586412168,145.0,1,968.8779907226562,32.23539078130706,39.3850699062703,-0.42376305642070183,-0.9057730797572784,0.008023562077141508,195.28021240234375,1.9487985658252,1.028044768434513,1.028044768434513,0,1,0,0,3.7695508227426613,1
1,mey_2024_inventory,30.080484,78.563131,192.0,954.467529,0.2360686239033183,35.62325170638184,0.0120422598491173,993.0,35.40572125823907,-0.1078576695909143,-0.994166345794514,212.0,1,997.3859252929688,37.72544964796538,44.609746919411045,-0.727005779589925,-0.6866313395431682,0.00888982329995601,253.2509765625,-22.86703062451579,1.2501749784999263,1.2501749784999263,0,1,0,0,3.8880027214259867,1
1,mey_2024_inventory,30.081058,78.556422,193.0,958.552979,0.392050728247149,34.99361871151719,0.0072624706220015,1058.0,35.516013915316385,-0.3315983494718431,-0.9434206562438356,202.0,0,967.4315795898438,46.22448186903379,48.334334612251354,0.21990933471727855,-0.9755203147573114,0.000619328812758068,271.91571044921875,-8.068545002582596,1.237685047984579,1.237685047984579,0,1,0,0,3.623340738768132,1
1,mey_2024_inventory,30.080873,78.555454,194.0,956.630371,0.4424665824979107,34.91267238297454,0.0103223808125609,1019.0,32.57012547147068,-0.7879452559311796,-0.6157452993369482,152.0,0,988.3893432617188,41.387602354540626,49.27231518200562,0.2667997587808422,-0.9637519850638361,-0.002151427238302849,271.91571044921875,19.26786867252065,1.2081519287091846,1.2081519287091846,0,1,0,0,3.5657712142054727,1
1,mey_2024_inventory,30.080954,78.554753,195.0,958.793457,0.4565735604797712,34.846107081258964,0.0026613549849713,950.0,37.39359636472298,-0.9550215592163522,-0.2965363745511962,219.0,0,987.6777954101562,30.944041702933,53.79367276520802,-0.6715921324731765,-0.7409210535543792,-0.01143470942123901,315.599853515625,33.39718451381714,1.210440142837678,1.210440142837678,0,1,0,0,3.547046166992001,1
1,mey_2024_inventory,30.08204,78.554495,196.0,962.878906,0.3516972068899779,34.78256764527347,0.0080030263951489,988.0,38.51600956671739,-0.8669515451178218,-0.4983924341498588,207.0,0,1004.54052734375,42.31908325776838,48.33435060660879,-0.8580461603320054,-0.513572572028046,-0.0034688170897158397,298.20135498046875,3.2376446684529583,1.3283201994435143,1.3283201994435143,0,1,0,0,3.648872525612108,1
1,mey_2024_inventory,30.08516,78.55292,197.0,979.942139,0.082956513316,34.53849908097433,0.0112999462496542,993.0,27.294688865367096,-0.7945411502711694,-0.607210309963333,123.0,0,1008.6694946289062,34.64165357502768,43.74927473024485,-0.940624752093793,0.33944819302581425,-0.011453033499028759,233.366455078125,2.040883970654704,1.5746955438432648,1.5746955438432648,0,1,0,0,3.9154539938088364,1
1,mey_2024_inventory,30.086687,78.551955,198.0,995.803711,0.0180391888253422,34.374392628717914,0.0128850237148593,1074.0,32.87481808808746,-0.5415393639376983,-0.8406753935413794,163.0,0,1025.868408203125,34.28600922793852,48.65706735616578,-0.6568352084426172,-0.7540341563550975,0.009714654066301618,277.8487548828125,-6.138076151697987,1.6889254418934536,1.6889254418934536,0,1,0,0,4.040476110216339,1
1,mey_2024_inventory,30.087466,78.55083,199.0,1002.052246,0.039506809491458,34.23772963689239,0.0116412768223349,1019.0,24.359555875506427,-0.1104315260748464,-0.9938837346736188,135.0,0,1034.0362548828125,42.52690914138025,48.657235044455305,-0.8194187594850533,-0.5731953389586978,-0.0009253120925596281,267.86700439453125,-14.656261601723827,1.7304942712844478,1.7304942712844478,0,1,0,0,4.083148626606177,1
1,mey_2024_inventory,30.089072,78.5492,200.0,1008.060547,0.1165096153148271,34.013664286203,0.0064210495519314,1044.0,24.416630176663976,0.4992986238791715,-0.8664299649667974,118.0,0,1035.3524169921875,12.628561698921924,51.55137853483788,0.34262764730695444,-0.9394712849794299,0.01944207416979863,168.26776123046875,-48.134217821862194,1.8554106474230525,1.8554106474230525,0,1,0,0,4.202379541258402,1
1,mey_2024_inventory,30.08766,78.549439,201.0,1014.549561,0.0079149132496416,34.110742251588114,0.0011551411779738,1044.0,6.721369339369457,0.9899494936611666,0.1414213562373094,55.0,0,1040.7774658203125,36.1548802699184,52.77613496908944,0.9964023507570214,0.08474877819698444,-0.006868691047530845,183.49359130859375,-5.325349161447548,1.7100595009334714,1.7100595009334714,0,1,0,0,4.059986996010534,1
1,mey_2024_inventory,30.0868,78.549283,202.0,1017.193115,0.0980228896130651,34.144634320581346,0.0003892362473856,1059.0,16.440773400879362,0.7455366744903166,-0.666464602953465,100.0,0,1036.5206298828125,34.24921352885119,49.58587710122947,0.9581803582451569,-0.2861649892512757,-0.011098187971966652,222.412841796875,21.48949287351502,1.6144670379814312,1.6144670379814312,0,1,0,0,3.964668734630252,1
1,mey_2024_inventory,30.086341,78.548799,203.0,1024.162598,0.1651517521112362,34.129189812840615,0.0106187526968417,1083.0,21.482577608066524,-0.1863336511616643,-0.9824865243069562,127.0,0,1049.9088134765625,41.22040876907626,52.77577961931563,0.5213216551067131,-0.8533602591618602,-0.005948577009716799,227.9742431640625,29.857708387138473,1.5531881308483801,1.5531881308483801,0,1,0,0,3.9018430871425718,1
1,mey_2024_inventory,30.086085,78.548287,204.0,1027.046387,0.214090243380156,34.10032086641246,0.0113444637139672,1050.0,17.163351354697063,-0.8202447182316005,-0.5720127640299316,112.0,0,1035.0087890625,42.46652806096005,52.77571065282821,0.5291872422448967,-0.8485050752029956,-0.0014963531986007684,225.375,19.65959634071544,1.5137755214240558,1.5137755214240558,0,1,0,0,3.859922538790681,1
1,mey_2024_inventory,30.088101,78.546917,205.0,1020.797852,0.0853110922552577,33.87563079444694,0.0113065986212201,1025.0,36.2792214259171,-0.8037984683534589,-0.5949016912672492,195.0,0,1048.5081787109375,47.00553082438824,52.7762537822318,-0.9411604285270151,-0.3379601274926458,0.008023094893847931,262.76861572265625,-0.4490739806624333,1.7058508618512485,1.7058508618512485,0,1,0,0,4.038798404845251,1
1,mey_2024_inventory,30.088609,78.546659,206.0,1017.673584,0.0487176573429368,33.82631078403263,0.0120000464484514,1080.0,30.064791906264865,-0.6564638014531323,-0.7543575262312311,135.0,0,1037.533203125,42.483997569814704,52.77639064883898,-0.832594060742197,-0.5538836791392383,0.006705871280002463,291.03619384765625,-9.862596243866165,1.758022015123452,1.758022015123452,0,1,0,0,4.086797888065421,1
1,mey_2024_inventory,30.088998,78.54606,207.0,1015.270508,0.0397657882197695,33.754952305089084,0.0111500647982555,1046.0,28.94928824672697,-0.8858315352801553,-0.4640069946705576,156.0,0,1051.302734375,41.9358745868598,52.776495455975194,-0.4322534150691154,-0.9017521750243174,0.0013227936524882332,303.55902099609375,12.766046697443244,1.7942770757409272,1.7942770757409272,0,1,0,0,4.113561814702254,1
1,mey_2024_inventory,30.093119,78.541998,208.0,970.088623,0.1635517137419797,33.19009038986388,0.0042889333016792,957.0,18.43838615724292,-0.9798040587804068,-0.1999600119960013,98.0,0,999.3875122070312,32.99583552163499,42.05666930624563,-0.9922093963080318,-0.1245813544558371,-0.012494437367467947,214.98748779296875,22.006124196958922,2.1043433006595946,2.1043433006595946,0,1,0,0,4.457942317435685,1
1,mey_2024_inventory,30.087433,78.538413,209.0,908.084229,0.4133145534777593,32.492917931791084,0.00447081138439,924.0,16.428860704621638,0.7348034446274879,-0.6782801027330658,76.0,0,914.3070068359375,27.293526197280247,48.777512863069084,0.8447930813330375,-0.5350931224860135,-0.021498910860622847,257.97821044921875,39.603572624774074,1.3944872917023325,1.3944872917023325,0,1,0,0,3.7691723783673923,1
1,mey_2024_inventory,30.08187,78.530102,210.0,831.659912,0.3210474448582288,31.48823594098808,0.0224947494197571,905.0,34.40821753463769,-0.0681339830318114,-0.9976761801086668,205.0,0,835.4392700195312,38.21208172494892,53.97054576392369,0.31941799007046956,-0.9476139232933112,0.007142668681609254,312.11029052734375,-20.017483293517557,0.7060193671730908,0.7060193671730908,0,1,0,0,3.0101493822554795,1
1,mey_2024_inventory,30.081683,78.5276,211.0,810.991699,0.1725975111235727,31.297580284628697,0.0303647182095048,887.0,27.532631659292463,-0.3900571500226131,-0.9207906492337096,144.0,0,825.5465698242188,34.68341860077381,40.66218243968133,0.5773836696792686,-0.8164729621902377,0.0053466207005048215,203.68035888671875,-13.713533764043177,0.7420815499848455,0.7420815499848455,0,1,0,0,2.9474632765404776,1
1,mey_2024_inventory,30.081584,78.524776,212.0,787.679932,0.0040474906386146,31.09080946224309,0.0291512310849984,851.0,29.146389580375573,0.4662390767207596,-0.8846587609573386,148.0,0,796.5162353515625,37.335328497811666,44.13209421827915,0.6987636199040084,-0.7153526427564565,0.010830834529883605,257.71539306640625,-26.431471643369036,0.7647942035938868,0.7647942035938868,0,1,0,0,2.794787868497712,1
1,mey_2024_inventory,30.081222,78.524406,213.0,786.237793,0.0011191883338679,31.03748926607332,0.0246613940717512,851.0,38.220166975893584,0.3301618727239149,-0.9439243284286284,223.0,0,796.3082275390625,41.809169829685814,44.13209418061182,0.7380120749461229,-0.67478750524422,0.004104132865930492,276.20770263671875,-10.353905543808082,0.748503207992173,0.748503207992173,0,1,0,0,2.7421457427262177,1
1,mey_2024_inventory,30.077719,78.521669,214.0,760.282715,0.047103798384079,30.57068218645952,0.021628071056512,799.0,34.25726115128263,0.9543928497662542,-0.2985536606961102,195.0,0,777.0215454101562,33.46648111558607,49.81028729373617,0.9736119037535285,-0.22821012437976984,-0.0038328267750747896,249.87255859375,7.592911144918617,0.5258764524179861,0.5258764524179861,0,0,1,0,2.2736534800499286,1
1,mey_2024_inventory,30.076822,78.521095,215.0,754.514648,0.0674762895317925,30.45899907952701,0.0189772640098641,841.0,35.63524161504921,0.8137334712067351,-0.5812381937190962,175.0,0,767.3480224609375,42.41097303308429,49.810136791778945,0.821717541087945,-0.5698949751211897,0.005410813602047391,341.87890625,3.947050740896202,0.48842315080334875,0.48842315080334875,0,0,1,0,2.1598418496113263,1
1,mey_2024_inventory,30.070394,78.517244,216.0,713.178223,0.2329605361739674,29.67470534539632,0.0099916558257854,785.0,35.69379666026943,0.0695982628490386,-0.9975751008362208,215.0,0,714.0928344726562,39.22597845557394,48.599442317957106,0.5008817217711915,-0.865515742661869,0.006746921938119648,269.5264892578125,-0.54595947265625,0.4401714361237561,0.4401714361237561,0,0,1,0,1.3569745067376742,1
1,mey_2024_inventory,30.069769,78.516706,217.0,712.217041,0.2368976696190274,29.58844765388591,0.0103998154464843,716.0,31.110168348130166,-0.0220940529639465,-0.9997558966185828,181.0,0,677.37646484375,37.46862093182068,48.59942263380661,0.46050036391237903,-0.8876595151501315,0.008405608573906658,299.34375,3.527256989282023,0.367917971743858,0.367917971743858,0,0,1,0,1.2709749879770433,1
1,mey_2024_inventory,30.067787,78.510859,218.0,673.524414,0.058291481586758,29.0617371784376,0.0480288295157372,721.0,30.54100504384607,0.7965974561732012,-0.6045101263158335,175.0,0,685.7373046875,39.30244555563623,54.12367545361315,0.6906983023050872,-0.7231430392341962,0.00725735592240046,311.0061340332031,8.32041212349884,0.33264546021155816,0.33264546021155816,0,0,0,1,0.7941878402053473,1
1,mey_2024_inventory,30.067343,78.510492,219.0,670.159668,0.0543655161150292,29.00138873350688,0.0502761324430138,730.0,38.80710927120901,0.9906017737963176,-0.1367776507752238,239.0,0,669.2077026367188,38.976624485630005,54.12355996638059,0.794525181680888,-0.6072312044641249,0.004245765373510764,323.7094421386719,-15.627590967603965,0.3390839600222064,0.3390839600222064,0,0,0,1,0.7337192529138175,1
1,mey_2024_inventory,30.064391,78.510286,220.0,643.002686,0.1947945789222012,28.87449168555354,0.0281833186377878,690.0,44.58421357738302,0.9977097021176764,-0.0676413357367916,295.0,0,660.3231201171875,45.661413930836396,52.70560740743364,0.9999891556065018,0.004657109553747894,-0.005577265878331779,293.0483093261719,8.385853412722781,0.29594101959684677,0.29594101959684677,0,0,0,1,0.4440397939818812,1
1,mey_2024_inventory,30.063828,78.51046,221.0,639.638184,0.2585937989346097,28.87449168555354,0.0403184550914424,688.0,46.47296129490663,0.9941887446177476,-0.1076510105637051,314.0,0,629.0078735351562,50.18375536814342,52.705450486755204,0.9978117834805957,0.06611841458529356,-0.0058411038945641435,277.7158203125,4.3884786810756395,0.2781639572261061,0.2781639572261061,0,0,0,1,0.39857370068605946,1
1,mey_2024_inventory,30.058462,78.509588,222.0,586.765869,0.8508498517331359,28.87449168555354,0.0090981697543096,603.0,31.381669757561323,-0.2076626754383071,-0.9782004974593932,179.0,0,581.7677612304688,36.77323597397134,43.21966398955578,-0.6103614188125149,-0.7921230576275214,-0.006353033893590442,241.90914916992188,22.83162165870351,0.3264723899975282,0.3264723899975282,0,1,0,0,0.15801442361689857,1
1,mey_2024_inventory,30.059002,78.508614,223.0,578.114258,0.8024399835628996,28.87449168555354,0.009651344708662,577.0,32.139882283212145,-0.3713906763541038,-0.9284766908852592,175.0,0,580.8193969726562,38.39421281295479,43.21969729993921,-0.3845937578286382,-0.9230859339407392,0.010318935990135973,240.37271118164062,-6.2651230993349145,0.33935886023763057,0.33935886023763057,0,1,0,0,0.1535139725897044,1
1,mey_2024_inventory,30.05918,78.507695,224.0,573.78833,0.8038355872661193,28.87449168555354,0.0070482685317553,637.0,32.47322827826076,-0.3875886393630845,-0.9218324395662548,176.0,0,563.9120483398438,37.588221709699965,41.067851880675555,-0.13869727214919048,-0.9903348255506182,0.009149537668685731,261.4595947265625,-6.9294451248547375,0.3103188585450772,0.3103188585450772,0,1,0,0,0.18103890758639793,1
1,mey_2024_inventory,30.061451,78.503376,225.0,540.623047,0.7641900343624629,28.553951515527764,0.0122609515275217,537.0,29.70798969171314,-0.8646252319987393,-0.5024173645398079,148.0,0,549.9405517578125,39.02115950211012,45.05052422315251,-0.8971555864838571,-0.44171467446849266,0.008735480085727542,252.64801025390625,4.599378349367271,0.20463018345573564,0.20463018345573564,0,1,0,0,0.12396558669319764,1
1,mey_2024_inventory,30.06256,78.50198,226.0,524.761475,0.7204269042093833,28.37741387632829,0.0142522221266806,514.0,34.35403406736099,-0.7851323570416148,-0.619328008349597,161.0,0,519.7015991210938,29.87699054077235,48.053240907019486,-0.6707921308457572,-0.7416454120369171,-0.01067967253196452,263.15093994140625,10.57738955158834,0.18861498587494202,0.18861498587494202,0,1,0,0,0.047858151880940135,1
1,mey_2024_inventory,30.064545,78.500147,227.0,504.573853,0.5487739475099691,27.59143677094455,0.0187616784354398,469.0,32.490306531189724,-0.9840369744696016,-0.1779641336806727,188.0,0,507.4898376464844,36.717568307547054,57.54685673771886,-0.9973337574622576,0.07297517541064644,-0.010271436919012373,203.62948608398438,27.494867498224437,0.1810990581782415,0.1810990581782415,0,1,0,0,0.1271919335677657,1
1,mey_2024_inventory,30.065193,78.500396,228.0,500.247925,0.4899059013020752,27.638792901870705,0.0140661818636075,453.0,26.67924362098057,-0.9950371902099892,0.099503719020999,150.0,0,506.86065673828125,46.46874808289207,59.785566778559094,-0.9017114380420599,0.43233838888551224,0.006276564931889678,220.11505126953125,3.391798539595186,0.2057171438144541,0.2057171438144541,0,0,0,0,0.2012023269338605,1
1,mey_2024_inventory,30.067692,78.499954,229.0,476.936279,0.2160141400665086,27.69489375225576,0.0141522019327702,408.0,19.96854428942183,-0.9999579186567448,0.0091739258592362,122.0,0,451.5479431152344,55.43465745620948,60.41188098781975,-0.9929512293485069,0.11852365221882478,-0.004390545305604534,205.17486572265625,-16.253168531685844,0.11525396807691544,0.11525396807691544,0,0,0,1,0.4648555294903888,1
1,mey_2024_inventory,30.069092,78.50055,230.0,471.648926,0.0907698766243252,27.802443100764197,0.0132115395627788,407.0,16.532739960089494,-0.9769732191161196,0.2133619673931756,136.0,0,440.471435546875,46.59422567203445,60.41207551544795,-0.6891803790771684,0.7245898185146203,-0.005383690266928873,244.0802001953125,-31.017483293517557,0.10207156091830229,0.10207156091830229,0,0,0,0,0.6286073913267207,1
1,mey_2024_inventory,30.076645,78.49682,231.0,444.011353,0.8170615062884292,27.75598202828534,0.0063220386044507,436.0,22.874903636798493,0.0948090926279955,-0.9954954725939522,126.0,0,437.4462890625,29.844035650166738,49.86961104466974,-0.06334226641583984,-0.99799186233421,0.0009182302958907259,201.19461059570312,-19.145161274050906,0.13265919656489,0.13265919656489,0,0,0,1,1.3851734385589674,1
1,mey_2024_inventory,30.075264,78.493746,232.0,452.663086,0.7766101722624684,27.42557087365503,0.0086551061297252,487.0,31.57526564931597,0.9436891257733616,-0.3308335440929602,191.0,0,433.51910400390625,32.81139823364356,52.42433455119348,0.6404503846791276,-0.7679995473724951,-0.0016723020582259044,149.83401489257812,-9.864097658267667,0.10340924073332029,0.1168772179432919,0,0,0,1,1.1351091144464445,1
1,mey_2024_inventory,30.072741,78.491631,233.0,471.408569,0.5856931532707681,27.137828430472325,0.0259613170986279,553.0,38.73266575401221,0.8519435688025957,-0.5236336081420834,205.0,0,421.0622863769531,36.25783369626275,55.1339985849333,0.8615930366608691,-0.507599683980893,0.016258554794036227,249.8680419921875,-46.63254591256134,0.0692376357277649,0.0692376357277649,0,0,0,1,0.7915986930239098,1
1,mey_2024_inventory,30.064815,78.48842,234.0,483.184692,0.1562328628209421,26.627954081760716,0.0058264579369756,492.0,31.683173871046225,0.9613198840647804,-0.2754343488050775,178.0,0,477.38470458984375,40.30564290009511,47.36083331668465,0.8786959926150005,-0.47738176815033373,-0.010503423691050496,208.7305908203125,6.428971724076689,0.08997952554852286,0.08997952554852286,0,1,0,0,0.13166410741154366,1
1,mey_2024_inventory,30.064078,78.487538,235.0,488.712158,0.2542957597042435,26.562936104632755,0.0123430670812579,496.0,30.925092865714426,0.8346094065617252,-0.5508422083307387,150.0,0,483.3323669433594,34.89445096760952,46.51030281335456,0.8692135019799107,-0.49443694034307334,0.00533401680332181,236.3687744140625,-8.581451920438383,0.1366032643406367,0.1366032643406367,0,1,0,0,0.23934148893228777,1
1,mey_2024_inventory,30.060351,78.481993,236.0,532.692261,0.7729974206942779,26.132285779466187,0.0328250953781719,501.0,33.14186745686741,-0.8934038269324427,-0.4492544958288854,175.0,0,552.1256103515625,39.86515033631011,46.65626670318661,-0.9996222302878616,0.027484481336228505,-0.01619527241392034,160.21456909179688,23.106785545664366,0.27657815861366386,0.27657815861366386,0,1,0,0,0.8666544892662937,1
1,mey_2024_inventory,30.061441,78.481788,237.0,533.413208,0.6596907964827773,26.086710129205343,0.0023344536054864,544.0,27.173431902340702,-0.9480319610818077,-0.3181751102260862,146.0,0,536.8665161132812,40.36812009823811,50.00008258960037,-0.6286288076537594,-0.7777054855070863,0.013650608623770676,183.11898803710938,-2.5632687403150385,0.24814058954586846,0.24814058954586846,0,1,0,0,0.7756707940473266,1
1,mey_2024_inventory,30.064948,78.481274,238.0,540.382813,0.292074895779588,25.95374274094819,0.0118709052485562,530.0,32.54887824346388,-0.9348182585930468,-0.355126489297917,179.0,0,546.9423828125,21.930904076188764,50.042758726566014,-0.873857482246958,-0.4861821682466434,0.006866172343329163,199.56390380859375,-17.73369049828898,0.2552062829575339,0.2552062829575339,0,1,0,0,0.4650640160249387,1
1,mey_2024_inventory,30.066133,78.480239,239.0,542.30542,0.1859621794690184,25.82793678810923,0.0153929303910215,525.0,35.5290096978693,-0.8962866583966972,-0.4434751695191989,192.0,0,541.8522338867188,35.95909029364591,50.04306661861416,-0.9665341252200207,-0.25653807667706846,-0.008860130198817942,275.6576843261719,9.446434588471675,0.1985590745862135,0.1985590745862135,0,1,0,0,0.3551578694479535,1
1,mey_2024_inventory,30.06741,78.47889,240.0,534.374512,0.0765218939981185,25.670424642087884,0.0080403340788015,506.0,39.50327749705093,-0.5013549939136807,-0.8652416830445776,214.0,0,526.3511352539062,45.16894725918031,55.82242666609241,-0.47803423463317907,-0.8783412039285592,-0.0023159412946928224,326.7218017578125,-12.547542099125167,0.1868921051404737,0.1868921051404737,0,1,0,0,0.21424449841095294,1
1,mey_2024_inventory,30.069215,78.475967,241.0,513.466064,0.0568096327239995,25.352363552058858,0.0155550325536172,551.0,17.71034144174413,-0.5949778924679509,-0.8037420652637235,101.0,0,520.4904174804688,26.425111020632748,48.10534234451976,0.0365135782224223,-0.9993331569628795,0.005277658859307505,147.04544067382812,-1.943302375225926,0.33314120531946073,0.33314120531946073,0,1,0,0,0.030817297650966895,1
1,mey_2024_inventory,30.069563,78.474303,242.0,502.170532,0.0593865653414104,25.18771122542249,0.0096278749862119,532.0,18.86838370797213,-0.3511234415883917,-0.9363291775690444,96.0,0,515.1289672851562,19.890566838049015,29.543744657171644,0.3593638207506838,-0.9331975376818513,0.00802567364173643,104.6456298828125,-8.098277446652219,0.40613140678542164,0.40613140678542164,0,1,0,0,0.013883849633747721,1
1,mey_2024_inventory,30.068618,78.462661,243.0,466.602051,0.2153485356683914,24.10030116343916,0.0049888681636093,516.0,26.106949228237884,-0.0136041831131833,-0.9999074588189764,147.0,0,471.9927978515625,12.45934281837003,44.947924332773695,0.218279177393682,-0.9758863667027722,0.006637206854531097,194.55877685546875,-22.89857999943507,0.2615238460750541,0.2615238460750541,0,1,0,0,0.5688904014045745,1
1,mey_2024_inventory,30.068421,78.461237,244.0,471.648926,0.2576694133251635,23.968172489207213,0.0100760759744891,529.0,30.117428705869603,0.0172388172508449,-0.9998514005489976,174.0,0,479.1427001953125,32.25426457683597,44.947918408496044,-0.045464160772342,-0.9989659704340617,0.001124847070757459,196.90155029296875,-4.079995651875663,0.18108349049017095,0.18108349049017095,0,1,0,0,0.6647461755749982,1
1,mey_2024_inventory,30.068593,78.458979,245.0,482.704102,0.2718370530940592,23.750532897579845,0.0081379543637085,510.0,25.698036273067697,-0.214729641017275,-0.9766735284979275,141.0,0,466.8811950683594,36.70557737070314,42.91991793513439,0.036281168219078126,-0.9993416216853268,-0.0024592560156886352,177.76934814453125,3.198305240347338,0.14813583508168943,0.14813583508168943,0,1,0,0,0.6921703250164885,1
1,mey_2024_inventory,30.069762,78.455797,246.0,477.657227,0.1905289353076144,23.42828650281892,0.0121776192460665,493.0,9.982109961795908,-0.4166547104932134,-0.9090648228942844,48.0,0,481.3309020996094,19.707922258868408,41.85214200046995,-0.49994236962064437,-0.8660586741428637,0.017692170572725038,138.236328125,2.816644337551679,0.2191071884205334,0.2191071884205334,0,1,0,0,0.5960703653442025,1
1,mey_2024_inventory,30.070527,78.452476,247.0,449.538818,0.1554048663308477,23.09959813667605,0.0071488831013225,459.0,15.004754820817077,-0.1865406170087345,-0.9824472495793352,79.0,0,446.8670349121094,21.342949311208432,31.113282669970364,0.6655686054066503,-0.7463366743615422,0.004370022493552347,113.70806884765625,-8.920317090247295,0.07434733510600179,0.2199079675058903,0,1,0,0,0.5823079508347425,1
1,mey_2024_inventory,30.078059,78.441304,248.0,468.044067,0.3075481404458022,21.823874376166565,0.0132480655317383,474.0,23.00120832580373,-0.2591285660873499,-0.9658428372346682,123.0,0,468.7408447265625,22.15190158786962,36.74990518327975,0.29790456150354017,-0.9545956590281476,-0.004504223539849119,149.14532470703125,10.609824440696002,0.17134522794911083,0.17134522794911083,0,1,0,0,0.3726745084101561,1
1,mey_2024_inventory,30.078051,78.441077,249.0,469.005371,0.326202806368665,21.81247802761831,0.0027588300548465,474.0,23.00120832580373,-0.2591285660873499,-0.9658428372346682,123.0,0,470.7369689941406,25.753677619461993,37.03149131116707,-0.06765424071336827,-0.9977088271201662,-0.007557504193394374,149.14532470703125,15.566052145209198,0.15985775404312694,0.15985775404312694,0,0,0,0,0.3876574428533809,1
1,mey_2024_inventory,30.078332,78.440612,250.0,471.648926,0.3461516931108012,21.761788516329617,0.0109095861944952,476.0,23.701541177161268,-0.3948354981831553,-0.918751832310804,121.0,0,466.9146423339844,29.87467516153574,37.03150386629049,-0.3700837214265656,-0.9289984064222415,-0.005060774224991345,149.14532470703125,14.302449376129914,0.1669725671417592,0.1669725671417592,0,1,0,0,0.38020681094651354,1
1,mey_2024_inventory,30.079311,78.440117,251.0,477.176514,0.3256325240423611,21.64531509880838,0.0062514170750084,513.0,19.900287095952244,-0.5985256885300932,-0.8011036138787403,105.0,0,488.6257629394531,29.75073297093393,37.03154760975079,-0.5023231724528925,-0.86467995837585,0.014226027226923638,194.583740234375,-7.050070518304494,0.24095442753649027,0.24095442753649027,0,1,0,0,0.29219318228836483,1
1,mey_2024_inventory,30.079989,78.436989,252.0,472.610229,0.5342783263489557,21.415798557724347,0.0135490327717547,445.0,23.142261137562112,-0.7486987677964653,-0.6629103673197867,96.0,0,471.531494140625,27.848377643562213,36.40156356530517,-0.7388670748990979,-0.6738512043693703,-0.00953330292681476,121.2132568359375,23.03993061160253,0.148316607583707,0.148316607583707,0,0,0,0,0.30483688101964745,1
1,mey_2024_inventory,30.081465,78.436203,253.0,459.872803,0.5065195907263137,21.23807396858981,0.0140773607449598,442.0,20.07880037349212,-0.9848752255891148,-0.1732650859832703,108.0,0,459.564697265625,34.57185721888187,35.94153860264371,-0.8644261535539363,-0.5027598085089405,0.004915690115712776,143.57705688476562,1.2039242578932203,0.21428498418001896,0.21428498418001896,0,0,0,0,0.17615995519248126,1
1,mey_2024_inventory,30.082058,78.435853,254.0,455.546997,0.4981049376484994,21.16484243430644,0.014385018343283,455.0,20.713546038944354,-0.9961071169572432,-0.0881510722971011,113.0,0,460.2152099609375,31.195574586825977,35.9417004538001,-0.9754036099963183,-0.22042639952181378,0.0012649679839783702,143.16567993164062,8.475841427637533,0.21990233003189477,0.21990233003189477,0,0,0,0,0.12591098756900757,1
1,mey_2024_inventory,30.08394,78.435991,255.0,439.204712,0.3714776501774474,20.99916934047093,0.0014965697563595,436.0,24.13335003047398,-0.9523377212651976,-0.3050456763427585,128.0,0,435.42108154296875,27.399013384733067,49.431948840941985,-0.9600334309457762,-0.27988535414787513,0.019900275523604967,237.98361206054688,-28.540922811208702,0.16194829049397705,0.16194829049397705,0,0,0,0,0.09790702595004165,1
1,mey_2024_inventory,30.085064,78.435291,256.0,430.552979,0.3584561474552372,20.858407124457795,0.0097220071279396,412.0,27.47443162627713,-1.0,6.123233995736766e-17,162.0,0,435.7203063964844,38.7079572373732,54.220573093446085,-0.963077445922357,-0.2692245032601406,-0.00040859952678841925,226.0843505859375,-10.84442416104406,0.08064010621921,0.08064010621921,0,0,0,0,0.1656436134062935,1
1,mey_2024_inventory,30.085602,78.435079,257.0,426.707642,0.3423773561954779,20.79760816396365,0.0016683194021333,412.0,15.36952380130432,-0.970142500145332,0.2425356250363328,97.0,0,415.6915283203125,35.50940483222868,56.866463098500134,-0.9973438086816819,-0.07283767764225266,0.009874447356061638,186.98846435546875,-19.297248272856393,0.053308191749581756,0.053308191749581756,0,0,0,0,0.21395947182283764,1
1,mey_2024_inventory,30.091611,78.434877,258.0,419.497803,0.0010888052099176,20.23115316304804,0.0084875974046392,389.0,5.345665420870726,-0.997458699830735,-0.0712470499879097,129.0,0,416.5516357421875,51.26671735548454,63.749868167193746,-0.999889018298642,0.014898022881513122,0.027498878917876918,217.84939575195312,-42.88289900850657,0.055795085735796224,0.055795085735796224,0,0,0,0,0.7216867681899157,1
1,mey_2024_inventory,30.09703,78.434515,259.0,428.870728,0.0681237688903117,19.63469624486329,0.0044912379131446,386.0,16.875260459543124,-0.9999396262866598,0.0109883475416116,144.0,0,446.7717590332031,41.31733284117394,47.97152166649641,-0.9992210700570286,0.03946204700831634,-0.008169968808403526,183.75857543945312,-3.1177489225529484,0.06751973766985185,0.06751973766985185,0,0,0,0,1.0468630176283167,1
1,mey_2024_inventory,30.101186,78.435691,260.0,423.102783,0.0201334464363264,19.16972601879025,0.0089960608524984,385.0,10.475809742770734,-0.8833490206949295,0.4687158068993503,71.0,0,422.2183532714844,37.178456045016674,47.42927224719894,-0.9602193354802093,0.27924689393070284,-0.007689495718539805,170.6102294921875,-4.8705174469751,0.10459113239894646,0.10459113239894646,0,0,0,0,1.4523720792345716,1
1,mey_2024_inventory,30.105413,78.437135,261.0,421.42041,0.1337182092374208,18.695528359569327,0.0150861461268519,391.0,13.006528710207975,-0.7071067811865476,0.7071067811865476,66.0,0,425.5685729980469,33.24282575823724,34.82933687788362,-0.9544115195940356,0.29849397190932314,-0.0040320597038698055,85.04461669921875,5.240220503373564,0.1317115895126791,0.1317115895126791,0,0,0,0,1.874510696359199,1
1,mey_2024_inventory,30.105716,78.437169,262.0,421.901123,0.1351816061769536,18.661896911495692,0.0198545681127592,391.0,10.227923672346,-0.9052369440730288,0.4249071370138705,66.0,0,418.0483093261719,33.443662579527754,34.82940403753265,-0.9344875750794589,0.35599574719666627,-0.002333719849325954,79.87203979492188,2.0042812883361307,0.12306254057774457,0.12306254057774457,0,0,0,0,1.9005198110992187,1
1,mey_2024_inventory,30.106313,78.437692,263.0,422.62207,0.1818795361216619,18.5932711433777,0.004295373816837,404.0,16.548498905745785,-0.6843142041691718,0.729187266737642,65.0,0,427.19305419921875,27.584182383614657,34.10355252300908,-0.6798478034152569,0.7333532328908425,-0.00880920137410789,82.979736328125,8.530947094121245,0.13630538221828992,0.13630538221828992,0,0,0,0,1.9830473556095314,1
1,mey_2024_inventory,30.109757,78.440407,264.0,432.715942,0.4222455438651997,18.19894448184902,0.0060717065087946,419.0,26.665582493525097,-0.9757162520935706,-0.21903834230672,147.0,0,443.6826171875,30.38619795232558,42.51316190576195,-0.9777184164266588,-0.2099206949782385,0.009149236592676002,189.85302734375,-9.560158721671598,0.18607857852257145,0.18607857852257145,0,0,0,0,2.439517150105626,1
1,mey_2024_inventory,30.111406,78.439991,265.0,434.878784,0.3724605946008178,18.019026893322,0.0111972528271554,449.0,24.94166364872464,-0.8242509964366971,-0.5662245975521656,119.0,0,448.4035949707031,36.45650972447858,41.40034043241259,-0.9094502739698839,-0.41581269722809466,0.007126459411465144,171.79095458984375,-11.03203614290095,0.14173233995923065,0.14173233995923065,0,0,0,0,2.543171877687274,1
1,mey_2024_inventory,30.112878,78.438793,266.0,435.599731,0.2485925528669376,17.862702765802094,0.0091572199728348,437.0,29.04550453825424,-0.6542447333039448,-0.7562829027183214,126.0,0,444.1561279296875,36.81179087888646,38.13251527127467,-0.8199872853615744,-0.572381736121407,-0.006241641022130208,156.26092529296875,-4.3026279417936735,0.10410991966551322,0.10410991966551322,0,0,0,0,2.580359653773512,1
1,mey_2024_inventory,30.113519,78.437758,267.0,435.840088,0.1453319571308475,17.797288191451027,0.0078759959823408,467.0,23.402077887495174,-0.7625091353727916,-0.6469774481950957,123.0,0,422.7442932128906,36.8964010144766,38.13254012355137,-0.49232116490064637,-0.870413620407488,0.0008541869541671631,166.25335693359375,-11.401613345816088,0.09620709062659219,0.09620709062659219,0,0,1,0,2.5656050039557186,1
1,mey_2024_inventory,30.113759,78.437049,268.0,435.359497,0.0757809709753607,17.774461048800916,0.0093331089315333,439.0,18.29764150752282,-0.7963564013274265,-0.6048276465777924,111.0,0,428.380615234375,37.67020636086049,38.13254942885373,-0.3716320716805461,-0.9283800963497792,-5.6891934052458095e-05,154.40106201171875,1.8079879382424906,0.10236938467129664,0.10236938467129664,0,0,1,0,2.5417542004143128,1
1,mey_2024_inventory,30.114689,78.431377,269.0,450.980713,0.3209444247136845,17.385912546731127,0.010088471143262,470.0,28.386379696379503,0.1171991320673478,-0.9931084348864732,161.0,0,440.4984436035156,34.92770334583459,38.627636393874106,0.19891753617925223,-0.9800162313963866,-0.006870407938521783,153.8642578125,-0.35866124176783387,0.18064821678521595,0.18064821678521595,0,0,1,0,2.272815498842829,1
1,mey_2024_inventory,30.11474,78.430466,270.0,456.508301,0.384320753016993,17.325091332033487,0.0116192913648923,469.0,29.59015039527457,0.0645708492769089,-0.99791312518859,170.0,0,443.50164794921875,32.70518469393454,38.4059609119336,-0.06822683530649751,-0.9976698346367199,-0.001765959406518294,154.88275146484375,-2.133115658090162,0.18647852532159087,0.18647852532159087,0,0,1,0,2.217145194762806,1
1,mey_2024_inventory,30.121709,78.423802,271.0,491.596069,0.3777423593981591,16.322627366182008,0.0082633696809003,478.0,30.55300636733357,-0.948683298050514,-0.3162277660168378,168.0,0,495.3925476074219,24.107601007991537,49.95373468383046,-0.999977182752456,-0.006755292329826495,-0.005545317488790367,196.75848388671875,5.374744762073874,0.21247524517487004,0.21247524517487004,0,0,0,0,2.466495833392915,1
1,mey_2024_inventory,30.122879,78.423545,272.0,494.480103,0.3132456390160695,16.207785275872432,0.0108925137139295,531.0,32.67876473665879,-0.7690724741526539,-0.6391615832484893,159.0,0,499.9717102050781,34.90406672410989,46.048901376759474,-0.6906886516973939,-0.7231522567318974,0.00641515837370531,261.05517578125,-9.470193405781913,0.22973444446639896,0.22973444446639896,0,0,0,0,2.5635041164423638,1
1,mey_2024_inventory,30.123359,78.422674,273.0,495.681763,0.3430991710577489,16.113181914076886,0.0064829107214425,525.0,35.98170523677158,-0.8631120912628565,-0.5050123938240115,188.0,0,513.2935180664062,43.36478795219483,43.85992367349924,-0.6308296109533719,-0.7759213890236675,0.0038382330872844773,269.9571533203125,10.44031039151281,0.18728262318872957,0.18728262318872957,0,0,0,0,2.4966964802130205,1
1,mey_2024_inventory,30.123965,78.42219,274.0,494.960815,0.3355039019240984,16.031933740355544,0.0085083496224456,465.0,35.18979213593799,-0.9643261479171182,-0.2647169817811696,204.0,0,503.12445068359375,42.34918869648501,43.860035762642184,-0.9339827492132246,-0.3573180994185809,0.012766163399247065,243.53848266601562,9.522282876259055,0.18581010663224168,0.18581010663224168,0,0,0,0,2.420097657711661,1
1,mey_2024_inventory,30.124769,78.421994,275.0,491.596069,0.2926097358077793,15.951813529572211,0.0012507642623335,487.0,33.48550535688291,-0.9926606382953194,-0.1209332757314093,197.0,0,505.8465576171875,35.135242987350786,43.8601844799814,-0.9646446698420249,-0.2635539051984826,-0.0007666511749255603,238.26873779296875,3.2740138030249,0.21715918185687422,0.21715918185687422,0,0,0,0,2.3550578888632177,1
1,mey_2024_inventory,30.128971,78.420768,276.0,480.541138,0.0714054821552095,15.479607015078107,0.0077079020177239,445.0,22.51274686884279,-0.8524856460542563,-0.5227506320144025,108.0,0,478.4206848144531,17.531190137002564,44.144097975145485,-0.9944382076123479,0.10532165608620545,-0.008810182574815483,170.05108642578125,10.735656233858492,0.2150889648328354,0.2150889648328354,0,0,0,0,2.029950018205136,1
1,mey_2024_inventory,30.130595,78.41943,277.0,469.966675,0.0526903642368581,15.296791003987687,0.0208472107928638,464.0,38.37977714971768,-0.698639338313388,-0.7154740211643128,199.0,0,473.6617126464844,42.05021451223997,47.728274303027284,-0.5009939603003357,-0.8654507795031359,-0.0011615731732750939,266.1522216796875,-3.684519113587953,0.14565941370553184,0.14565941370553184,0,0,0,0,1.8433625351403453,1
1,mey_2024_inventory,30.130824,78.419107,278.0,469.485962,0.0657275823267773,15.25888116360922,0.0298822859072706,406.0,33.82470817998619,-0.6367528802394277,-0.771067940914932,156.0,0,459.36004638671875,43.56895394654018,47.7283176321691,-0.5825940900098213,-0.8127632658318338,-0.00278228581039671,248.55819702148438,-5.002148841038206,0.1323643616318384,0.1323643616318384,0,0,0,0,1.805475563280476,1
1,mey_2024_inventory,30.131706,78.418169,279.0,463.958496,0.1261055534393654,15.140508562648918,0.0341105007679704,482.0,41.5263157314323,-0.7490684051784182,-0.6624926598562894,199.0,0,462.14605712890625,45.27949112852005,52.56969444518941,-0.7958910820479083,-0.6054398281552097,0.010426271538468762,257.729736328125,-10.080312177169446,0.13030861979579178,0.13030861979579178,0,0,0,0,1.688681027815268,1
1,mey_2024_inventory,30.132504,78.416934,280.0,458.671143,0.1679017919694279,14.998520509500755,0.0204803302438516,498.0,43.54246646373807,-0.6839411288813299,-0.729537204140085,222.0,0,453.2691955566406,52.569804939403234,53.758404236690154,-0.7030403832472356,-0.7111499275986606,0.0004717540648498716,282.8321533203125,-16.643676253389742,0.1419938029050695,0.1419938029050695,0,0,0,0,1.5493490398509404,1
1,mey_2024_inventory,30.132912,78.416522,281.0,456.508301,0.1965592697544527,14.94574129351147,0.0230659019083372,445.0,43.25260069798031,-0.6129589687993152,-0.7901147401285968,223.0,0,437.4256591796875,50.09295604932763,53.75846033891141,-0.5390501043343171,-0.8422736995877064,0.0077099146889822705,256.05047607421875,-23.248296059852805,0.16224540267580306,0.16224540267580306,0,1,0,0,1.4992677914712278,1
1,mey_2024_inventory,30.133548,78.415547,282.0,452.182373,0.2301789678952291,14.83341645804155,0.0289368808629418,458.0,40.51166614390186,-0.7685409561490145,-0.6398005929362355,208.0,0,441.029052734375,41.015703811067546,53.75854779460538,-0.6780888494012332,-0.734979940078443,0.0020953203742918786,280.6639404296875,-18.031011155814156,0.18244604174062154,0.18244604174062154,0,1,0,0,1.3914373459110638,1
1,mey_2024_inventory,30.133932,78.415171,283.0,450.500122,0.2575414577600541,14.784804350169251,0.0272710027402414,458.0,42.95435915583931,-0.7053143771795471,-0.7088946532058394,214.0,0,465.6109619140625,47.49741668856405,53.758600599359546,-0.6637174040383208,-0.7479834273408953,0.014499213695390676,325.9155578613281,-19.696097886266784,0.2038358318142327,0.2038358318142327,0,1,0,0,1.3472393293204061,1
1,mey_2024_inventory,30.134426,78.414379,284.0,449.058105,0.2825027415702011,14.694425661098304,0.0272980395883693,479.0,38.45123724416044,-0.7934036193582678,-0.6086958984494647,220.0,0,440.82757568359375,39.88290111316665,53.75866853193325,-0.6491037586431174,-0.760699882026662,0.001747174845880609,293.89361572265625,-17.429789393401336,0.21492850842643188,0.21492850842643188,0,1,0,0,1.2623846850929237,1
1,mey_2024_inventory,30.13697,78.40993,285.0,433.677124,0.3987473688862457,14.195547166733856,0.0203958983035523,427.0,34.240330635959324,-0.4015894355990156,-0.915819810451414,187.0,0,445.00537109375,35.46884236235908,48.36321586132199,-0.5084019880378388,-0.8611198630615678,0.007819705238085242,191.81707763671875,0.46439355266983284,0.17793436021692008,0.17793436021692008,0,0,0,0,0.8205473443904207,1
1,mey_2024_inventory,30.137894,78.406676,286.0,420.459106,0.3865617431722103,13.866417954346602,0.0128873744230437,445.0,35.96964351618836,-0.2801763685950192,-0.9599485415796556,209.0,0,413.4057312011719,33.54079305833607,49.303540486010924,-0.24248515738939663,-0.9701551156623561,0.021300414053388228,189.76141357421875,-26.586341542645926,0.1952876835213999,0.1952876835213999,0,1,0,0,0.5344764612788722,1
1,mey_2024_inventory,30.137383,78.389965,287.0,410.605591,0.4510566596990095,12.61735454337632,0.0048437801996456,398.0,18.748631539492425,-0.6186885978090476,-0.785636314678156,87.0,0,434.9151916503906,28.223993885008777,37.05433691792132,-0.9031392382184532,-0.4293477802320538,-0.007086456537787806,144.07223510742188,10.443612595235038,0.15497475985344464,0.15497475985344464,0,0,0,0,0.12450253127196426,0
1,mey_2024_inventory,30.13582,78.387665,288.0,411.086304,0.6101200655579385,12.385953358305237,0.0044587981551977,431.0,25.297307279995994,0.980308484709144,0.1974722127471656,139.0,0,408.8234558105469,36.51281093937493,49.28569361801228,0.9998889026499963,0.014905782682778606,0.010877093012746333,164.65997314453125,-14.66699370076833,0.1140360094145876,0.1140360094145876,0,0,0,1,0.3749687662904194,0
1,mey_2024_inventory,30.13529,78.387305,289.0,415.652588,0.6255243150914787,12.319642805818331,0.004166192465273,499.0,24.44044819284794,0.858139411304141,-0.5134167418058964,117.0,0,419.2706298828125,23.00112972667193,49.2855468294332,0.9085436293833752,-0.4177899873224396,0.014237843082119898,175.73861694335938,-20.207800242526446,0.17606140025147987,0.17606140025147987,0,0,0,1,0.44321539266319315,0
1,mey_2024_inventory,30.134806,78.387974,290.0,423.82373,0.5480333019286967,12.287970638844868,0.0066562631359922,418.0,15.886617531931096,0.9486832980505138,0.3162277660168379,81.0,0,416.3555603027344,21.64834961212259,49.28541278367607,0.635647415173724,0.771979509820671,-0.010891411018065221,147.21343994140625,-10.140479474028268,0.16494131463183273,0.16494131463183273,0,0,0,1,0.4626745914621534,0
1,mey_2024_inventory,30.133265,78.386163,291.0,437.282104,0.6629558009122206,12.073045017927823,0.0059653094420454,442.0,10.226214981308424,-0.9608235911808946,-0.277160651302181,66.0,0,450.4218444824219,26.13419915038711,39.160876940041916,-0.79219777843908,0.6102644343529995,0.004336104569705915,97.448974609375,-1.0851791003518656,0.4069260490259028,0.4069260490259028,0,0,0,1,0.6926386250299276,0
1,mey_2024_inventory,30.128633,78.388456,292.0,464.679443,0.2984527148299539,11.650972320122936,0.0041551189839892,441.0,30.15229050356721,0.4992256103964746,0.8664720364352605,154.0,0,463.8088073730469,36.351913758037036,45.641659210899284,0.4779272027520013,0.8783994472161555,0.005800716735256934,255.40194702148438,-25.497077374418893,0.35778755017980557,0.35778755017980557,0,0,1,0,1.075870435901266,0
1,mey_2024_inventory,30.128275,78.389083,293.0,466.602051,0.2290073023268687,11.631371204625587,0.0081324355572629,497.0,29.66627178952024,0.4681565724734888,0.8836455305437102,151.0,0,465.30560302734375,37.951495694846955,45.641619248602886,0.2785584865035103,0.9604192676101796,0.015770927084251863,248.25875854492188,-19.528684505746412,0.29587765058004,0.29587765058004,0,0,1,0,1.09500518574707,0
1,mey_2024_inventory,30.123685,78.390094,294.0,467.803711,0.1109166486294651,11.25295207255445,0.0090922799048152,485.0,37.44083926346394,0.9272709030184076,-0.3743910688243335,213.0,0,462.9499816894531,37.13807951580582,48.760686419568756,0.9697364581519262,-0.24415405327570847,-0.003336790324236669,258.2875061035156,10.071882768110811,0.16218830317443475,0.16218830317443475,0,0,1,0,1.5548397492610875,0
1,mey_2024_inventory,30.122712,78.382677,295.0,457.950195,0.0851076775416033,10.53167059111521,0.005928715460456,517.0,37.00082613988239,-0.0973137008224586,-0.9952537584115104,225.0,0,457.4945373535156,46.79424677165808,48.41522593332757,0.1336529693247293,-0.9910281952551516,-0.003999075665679543,250.395263671875,-0.0615905257295708,0.12057453465483975,0.12057453465483975,0,0,0,1,1.8966587818293295,0
1,mey_2024_inventory,30.122565,78.38003,296.0,457.709961,0.0541342130925186,10.278339108273482,0.0055683470430385,466.0,24.359555875506427,0.6846754616640484,-0.7288480720939873,139.0,0,452.1838684082031,28.7285860044233,49.21447657113174,0.9946503333613386,-0.10329914977471093,0.004107400719731604,194.42129516601562,-6.113280997788593,0.1681847086996895,0.1681847086996895,0,0,0,1,2.0177489405422473,0
1,mey_2024_inventory,30.121849,78.379623,297.0,457.469604,0.1247296495464579,10.225254071821828,0.0137814465677255,517.0,36.45858031449723,0.8707308402796616,-0.4917599046139023,219.0,0,451.64593505859375,41.72913583023798,47.387209614638586,0.7057594627926601,-0.7084515372829787,-0.008670146953915893,214.3486328125,9.88291641109248,0.1325178619905736,0.1325178619905736,0,0,1,0,2.1062979329375313,0
1,mey_2024_inventory,30.120977,78.378385,298.0,455.306641,0.1975397622828933,10.090399057588982,0.0054580371739142,524.0,33.558975893192546,0.4472135954999581,-0.8944271909999159,178.0,0,443.08245849609375,42.3490110114706,47.38711745977872,0.6388289892141233,-0.7693487652161803,0.002025663156090728,262.5417175292969,-8.250171251533459,0.15749330866037328,0.15749330866037328,0,0,1,0,2.1307716632406426,0
1,mey_2024_inventory,30.12081,78.378033,299.0,455.306641,0.2094458368166948,10.053705440979815,0.0016040446731572,477.0,37.03070246150039,0.5567378629374098,-0.8306882399383573,219.0,0,447.73944091796875,35.50625642288733,47.3870998113385,0.4854696809546889,-0.8742535037812273,0.004024085424607035,240.689697265625,-9.427002961970572,0.17066447130815118,0.17066447130815118,0,0,1,0,2.1342909549305746,0
1,mey_2024_inventory,30.11919,78.376439,300.0,456.027588,0.3572336974773082,9.869936389687393,0.0098426360151483,517.0,24.95235189036929,0.4728177048145967,-0.8811602680635667,123.0,0,443.98223876953125,42.78596450754753,44.88631832757312,0.7450575253342259,-0.6670002128506702,-0.005548080743883301,189.91513061523438,14.687893449767557,0.1651179170952022,0.1651179170952022,0,0,1,0,2.0845066788763673,0
1,mey_2024_inventory,30.118827,78.375181,301.0,448.337158,0.3743713567033641,9.743564511907278,0.0088403787771547,464.0,33.58161847018433,0.266089874363204,-0.9639482241082112,192.0,0,450.5688171386719,33.34791195997946,44.88626961132778,-0.2052664067862009,-0.9787061368179326,-0.0022618014198406487,178.24310302734375,13.491065159316918,0.1359902866551972,0.1359902866551972,0,0,1,0,2.1298819548230172,0
1,mey_2024_inventory,30.118694,78.373761,302.0,438.003052,0.3636394362814229,9.606559707894398,0.0074949730328017,487.0,33.44025753518539,0.1766640627937741,-0.9842712069938842,195.0,0,442.3694152832031,29.766524235098473,41.83612208695157,0.7001807829837581,-0.7139655952076763,-0.003144062033628573,206.19647216796875,3.317980049070229,0.16481506910959087,0.16481506910959087,0,0,1,0,2.205418032249263,0
1,mey_2024_inventory,30.118176,78.373162,303.0,433.91748,0.4093109237995313,9.539352314742173,0.002714881393495,438.0,31.029549872277435,-0.0720345985559185,-0.9974021338511804,180.0,0,435.75970458984375,36.680860182718554,39.16442909944827,0.015747612220873917,-0.9998759986665051,-0.0025196784795668034,191.97760009765625,8.355488926911164,0.12929753921360326,0.12929753921360326,0,0,1,0,2.2006057664395917,0
1,mey_2024_inventory,30.119253,78.369072,304.0,409.884644,0.2197199055543698,9.174499651635667,0.0118934025821013,448.0,26.95059932805789,-0.4654762070959963,-0.8850603937740775,135.0,0,411.6240539550781,35.08054919948688,41.830255025164846,-0.4531283126477796,-0.8914453052638598,-0.007020920432913323,199.2091064453125,-9.071889325606946,0.11304758581725025,0.11304758581725025,0,0,0,0,2.1726965202781736,0
1,mey_2024_inventory,30.122372,78.363527,305.0,406.279785,0.0089193364363216,8.624479990642554,0.0061510814685052,407.0,33.17191774046492,-0.4895347567076387,-0.8719837853854812,171.0,0,424.2294006347656,38.09389784397501,44.90738359281994,-0.5234297154496702,-0.852068854602888,-0.001335829335336236,230.7764892578125,-5.428154559174857,0.10665259947196255,0.10665259947196255,0,0,1,0,1.7743561189104209,0
1,mey_2024_inventory,30.122633,78.363086,306.0,406.520142,0.0102073966856963,8.573178253556273,0.012433054271263,415.0,31.43938081773377,-0.7960571147027671,-0.6052215050137474,146.0,0,397.6142272949219,37.43831579443262,51.662437688300585,-0.6254330294210302,-0.7802778516075108,0.0025734168460097508,224.3756103515625,-16.15404088043971,0.0963407163400573,0.0963407163400573,0,0,0,0,1.7473088380087527,0
1,mey_2024_inventory,30.123285,78.362437,307.0,407.481445,0.0119655709996855,8.48041129933947,0.0142061421785418,354.0,27.93858695657297,-0.703957131752578,-0.7102424632860834,114.0,0,422.8152770996094,42.72232522779456,51.86177853360799,-0.7663550795143134,-0.6424172258763073,0.00949651685273719,277.12615966796875,-10.800884404458316,0.09942931668589007,0.09942931668589007,0,0,1,0,1.679966494032852,0
1,mey_2024_inventory,30.131628,78.34955,308.0,410.605591,0.0386526204256075,6.93510777381499,0.0127564210182723,409.0,21.045720884075838,-0.5804184296444412,-0.8143183938295149,94.0,0,424.0119323730469,28.21075378955679,37.14972877949893,-0.6087005210211899,-0.7934000729194144,0.005623220826860128,194.94873046875,-11.941920256811727,0.27879817215471414,0.27879817215471414,0,0,1,0,0.4188205707245036,0
1,mey_2024_inventory,30.135725,78.342823,309.0,412.047729,0.0294006190316034,6.145093858398507,0.004363192407686,421.0,29.08619467351647,-0.7010891757230162,-0.713073606077256,130.0,0,433.06365966796875,41.539798693996815,44.17591607165626,-0.5129217115191771,-0.8584353894453781,0.010606061102442355,243.559814453125,-7.625975553654428,0.18468674203079866,0.18468674203079866,0,0,1,0,0.43201885030262216,0
0,road_background,30.30180705904205,79.02883853786871,,,0.018424133677923,96.91960567318144,0.0116625951025799,686.0,26.70148181828984,-0.6627168629785165,0.7488700551657238,113.0,3,738.7078857421875,43.68776870093747,46.41243130418781,-0.8070083860411209,0.5905399773591159,0.013488968641442325,222.9869384765625,-6.1277642368285115,0.16407296320045625,0.16407296320045625,0,0,0,0,0.2824724150035503,0
0,road_background,30.23713919175593,78.84841419166641,,,0.1040895316734447,76.66078242006472,0.0050883209017358,641.0,25.21120148806798,-0.8142115807765141,0.5805682575971666,129.0,2,663.9800415039062,36.62141255110118,48.89629358930974,-0.8890105116534927,0.45788678750275724,0.00587134423572424,275.4437255859375,-19.57456024422129,0.1653316485100722,0.1653316485100722,1,0,0,0,0.3373021090636554,1
0,road_background,30.221011255060528,78.79434320381581,,,0.2011634259858874,70.79637440367225,0.0114292035328303,573.0,10.836880118276644,0.5746304214759497,0.8184130245263527,56.0,2,573.20947265625,9.287827837676653,25.015359614395496,0.1014866638460237,0.9948368997284953,-0.001676755293928276,76.25445556640625,-1.634491723431097,0.2272266296621371,0.2272266296621371,0,0,0,0,2.5601982542765525,0
0,road_background,30.41164767448308,79.39824423397863,,,0.1330469906145452,145.91451572202112,0.008996060852751,1110.0,13.977381126078352,-0.133917896001395,0.9909924304103234,94.0,5,1114.386962890625,42.05050577625632,60.50875634266036,-0.10054436170899399,0.9949325762726492,0.008332904103988282,293.9305419921875,-37.61336397533569,0.097108916430751,0.097108916430751,0,0,1,0,0.6931002590276694,1
0,road_background,30.29509503748121,79.06897946355784,,,0.2974057110654037,101.18992584497542,0.0069703321460852,712.0,32.60830148318372,0.7451050227016035,0.6669471531874493,143.0,3,729.0376586914062,36.15822303583913,48.913471681284264,0.34686462525571027,0.9379152049872183,-0.0014604690319193184,185.80438232421875,-13.870808246707156,0.2126421680018642,0.2126421680018642,1,0,0,0,1.8178859280314648,0
0,road_background,30.27054277074142,79.16569871365876,,,0.2155502604968368,112.4598889015901,0.0011991436984626,800.0,20.136303428248137,0.6,-0.8,140.0,3,817.26611328125,40.710978107383816,51.47995318705892,-0.06565153206023644,0.9978426110054349,0.0021959313768205656,157.285888671875,-26.131380948153378,0.049024724526829676,0.39965395513842694,1,0,0,0,2.1009225164275214,0
0,road_background,30.46697904544228,79.43982079983034,,,0.6257104112264524,154.55983056684704,0.0085083496226935,1296.0,37.254202593720805,-0.2805048700392878,0.959852602165688,219.0,5,1336.6800537109375,37.578417219995195,53.01854298562964,-0.3987539033970398,0.9170579722818096,0.00482726533128181,306.075927734375,-20.814186789772748,0.3266043267948312,0.3266043267948312,0,0,1,0,3.398870929146357,1
0,road_background,30.29962842891573,79.11073232360548,,,0.2483447197984731,105.20739110507486,0.0112553997920554,793.0,16.37312757832462,-0.0567266900487071,0.9983897448572464,88.0,3,799.029052734375,9.316324739323985,34.79488655168622,0.13678930515711313,0.9906001645440173,0.001578456763302713,94.11077880859375,-6.514084997255964,0.39874696236447243,0.39874696236447243,1,0,0,0,0.3138662493929258,0
0,road_background,30.286334697006264,79.12756403068856,,,0.3350331693656141,107.32775881121408,0.0140773607452277,775.0,27.14936762681661,0.2730036855746331,0.9620129872629928,148.0,3,789.1571655273438,23.91506107731376,33.435064776835,0.47160200194707097,0.8818115171393005,0.0006702831489634187,166.24774169921875,-8.685685086841431,0.260856517022879,0.260856517022879,1,0,0,0,1.7630793843068426,0
0,road_background,30.270928745083797,78.95506481298783,,,0.0318755632733574,88.62696446405361,0.0064210495520617,646.0,23.407032879798106,-0.4004148456556091,0.9163339737118747,120.0,3,706.3126220703125,15.685360406103793,45.97288134780782,-0.20626717994284913,0.9784957079509466,-0.005393111191959208,175.22613525390625,17.44421992026082,0.1640847207763462,0.1640847207763462,1,0,0,0,0.7362791866213738,1
0,road_background,30.299101186927885,79.09563421041388,,,0.0612850968902871,103.76553365846613,0.0159898889654264,749.0,17.171816644135404,-0.3991205132311763,0.9168984763418916,87.0,3,758.6312255859375,6.597160175861293,37.30294952464096,-0.23442855919749728,0.9721333502316365,-0.006901512475968686,103.69140625,13.365845230985315,0.22047925709144214,0.22047925709144214,0,0,0,0,0.1852915631064374,0
0,road_background,30.244028941629796,78.8986404569354,,,0.3040652276018743,82.15624626977682,0.0068356517820999,654.0,36.29020858856367,0.9759729676228058,0.217891639283231,215.0,2,618.5718383789062,32.27252485109506,53.127470175118496,0.9571838256418924,0.2894807833510738,-0.001633993927917637,153.03387451171875,-20.772996634491165,0.09773954245853171,0.09773954245853171,1,0,0,0,1.2287197625358894,1
0,road_background,30.303735795983915,79.03123452265937,,,0.0757675506598544,97.21921036367158,0.0044310351832255,665.0,21.01975837361007,-0.6939750171322034,0.7199990802746612,133.0,3,722.9832153320312,38.59420607108967,47.42424600247912,-0.5561196460517572,0.8311022435749215,0.001495853635419216,239.81463623046875,-7.583510722010601,0.13548261257669625,0.13548261257669625,0,0,0,0,0.5766594514952469,0
0,road_background,30.08790361460184,78.58351566227826,,,0.1809471871904683,37.62298655937169,0.0086551061297784,824.0,32.73772148929858,0.6221626544931833,0.7828880069039222,157.0,1,835.9714965820312,28.31632630506486,38.36440001420399,0.6705194402414407,0.7418919599633798,-0.004829583505087415,227.39208984375,21.93225551636749,0.6012264938873108,0.6012264938873108,0,1,0,0,4.498043080533605,1
0,road_background,30.28837361821322,79.15134260209682,,,0.1937900570797584,109.66315680911126,0.0069998387628705,805.0,9.368915578454835,-0.9899494936611666,-0.1414213562373095,49.0,3,788.2880249023438,13.334592103512707,36.109763259823914,-0.4274772979243512,-0.9040260835613625,0.0040555525728619545,79.288818359375,-10.959094339165858,0.06339705282914394,0.6298500857690441,0,0,0,0,1.0912746514879712,0
0,road_background,30.29911416389979,79.10892570779723,,,0.1762701602309862,105.03929032767336,0.0058716493344103,789.0,17.182156042983834,-0.7438299368905008,0.6683689288001602,69.0,3,815.6454467773438,34.679967008236886,34.794785949739435,-0.7055991921258447,0.7086111628187602,0.0007767418069692775,119.07391357421875,4.629416221429437,0.3691606795993433,0.3691606795993433,0,0,0,0,0.37845600943647695,0
0,road_background,30.0907464290973,78.53861983646723,,,0.1580795196466185,32.75651768114019,0.0115091129010522,954.0,30.75728731854748,0.8793896872258177,-0.4761026969056977,157.0,0,922.815185546875,37.15545786795778,44.66174154932345,0.8196545110497255,-0.5728581696334927,-0.010634519724408488,243.763427734375,12.03685665918772,1.7482393268479977,1.7482393268479977,0,1,0,0,4.132657862745668,1
0,road_background,30.239117929870336,78.71888069112049,,,0.6543205986554508,62.20412653975799,0.0191112013090799,574.0,20.72900409519045,-0.5196674952922349,-0.8543685939550301,97.0,1,584.4185180664062,23.7722154134839,33.30138453393413,-0.5068527933387482,-0.8620326246057676,-0.0028573211927556182,116.59259033203125,-1.1088196305204292,0.39384524420487754,0.39384524420487754,0,1,0,0,4.284504039063626,1
0,road_background,30.26722066059921,78.94607774921653,,,0.148172078594976,87.66947758387387,0.0244733410428946,683.0,20.85210504322528,-0.1487683647285392,0.9888720714308784,113.0,3,696.78076171875,32.121073311104155,56.399504981273154,0.305225137300667,0.9522802190320814,0.008998273078432989,227.04156494140625,-7.5365777133910115,0.16203878223707824,0.16203878223707824,1,0,0,0,0.1834004095144816,1
0,road_background,30.297283731865942,79.06686739668181,,,0.046662422175435,100.99757372713192,0.0109095861940885,728.0,23.84858524117841,0.91992326464055,0.3920984406664639,122.0,3,725.6968383789062,26.488147232830173,48.91380963953825,0.7812156117138704,0.6242612978669455,-0.004828494462371502,242.392822265625,-10.855228644757176,0.1616095548336587,0.1616095548336587,1,0,0,0,1.6378788447341042,0
0,road_background,30.28828792275251,79.14666288814803,,,0.2786227143450839,109.2208267752115,0.0066562631359086,773.0,8.415800049152013,-0.3830150227004329,0.9237421135716324,41.0,3,769.4495849609375,25.26078081820845,29.64343732721094,0.02378973260909099,0.9997169842622401,-0.007612447735514687,88.42999267578125,7.67585086034353,0.11824206044747589,0.35581124350483173,0,0,0,0,1.365129420858554,0
0,road_background,30.257952138836018,78.93104699664799,,,0.0899904125646171,85.92090925649896,0.0078250182906281,699.0,17.848952640408505,-0.8902481629773389,0.4554758043139872,102.0,2,713.5635986328125,21.158184806002346,45.06140818008877,-0.7628984667819667,0.646518313260904,-0.011449084761006062,155.61529541015625,31.972880718136594,0.14712490876692433,0.18682591544508487,0,0,0,0,0.22874605508934578,1
0,road_background,30.26483279351296,79.21237818062676,,,0.2730909733517057,116.81776754683445,0.0065999884207009,806.0,30.739107852105185,0.7959461193819312,0.6053674710792153,142.0,4,775.014892578125,33.404649939419194,51.11022402266253,0.7202615834350923,0.6937025669749057,0.012574282968414754,229.95416259765625,-44.50577412755035,0.06338224218349314,0.06338224218349314,1,0,0,0,2.160696048609243,0
0,road_background,30.29955840760959,79.10451391519501,,,0.187505834827954,104.61209368199066,0.0272926472651848,783.0,25.69696207547396,0.1801044695769993,0.9836474876897656,142.0,3,787.189697265625,5.692319960161182,48.90031970529815,0.24653136974535622,0.9691348119490283,-0.00627178790114799,205.50006103515625,12.122432488055324,0.22940392886678643,0.22940392886678643,1,0,0,0,0.3303485376831181,0
0,road_background,30.33090831767205,79.31401404982131,,,0.0532064435824632,130.93619328929825,0.0272980395883416,865.0,22.950297828167606,-0.023615459436607,0.999721116149698,127.0,4,910.4539794921875,36.152531326851914,45.79569022838045,-0.0720783265153689,0.9973989747572152,0.00657097024753737,214.09088134765625,-13.86426386557332,0.14259946630520628,0.14259946630520628,0,0,0,0,0.8988104604548207,0
0,road_background,30.298579725347302,79.09387452632366,,,0.011181111927116,103.6020015665064,0.0502761324427003,722.0,14.592550602033423,-0.768221279597376,0.6401843996644798,63.0,3,735.8861083984375,7.4581120628754265,36.60265268107986,-0.9445649269904646,0.32832468487687366,0.0024904998710234146,97.7022705078125,0.5042860803525855,0.2231858632247264,0.2231858632247264,0,0,0,0,0.2183880960564128,0
0,road_background,30.464642530690305,79.44471110195543,,,0.1912774558906787,154.81131688130017,0.0130489171834104,1394.0,20.499194908105,0.8559155419457904,-0.5171156399255817,122.0,5,1367.405029296875,20.82313184339314,45.556407006046506,0.9895799340669481,0.14398456199209203,0.004154456617605995,201.983642578125,-8.21372796681294,0.14562749265487404,0.6073406924666613,0,0,1,0,3.6728667863580027,1
0,road_background,30.46775159520274,79.45959983325073,,,0.0310348377875041,156.32436534784935,0.01217761924593,1510.0,24.90955644123103,-0.6962579294579282,0.7177916798535343,118.0,5,1556.483642578125,27.50204076614527,38.38241928035624,-0.40867209303517577,0.9126812808282246,0.006160027643579804,218.18896484375,-11.780709258780917,0.24519452504167305,0.9622612343367819,0,0,1,0,3.735957819224826,1
0,road_background,30.511418109625826,79.49143362972579,,,0.1497496789687613,162.33996866401066,0.0161976518645191,1400.0,45.74297631045953,-0.9289240134531208,0.3702704109568384,286.0,5,1479.965576171875,33.16439164483741,62.0517277593082,-0.9462016950721802,0.3235774285121459,-0.0025303283316440426,409.6842041015625,15.190595138171375,0.14532306464233427,0.14532306464233427,1,0,0,0,0.8932231134411428,1
0,road_background,30.32928167081936,79.32089693616159,,,0.7366666787223718,130.9982867761585,0.0047170762533339,948.0,20.21643849224592,-0.887068553494562,-0.4616377166145172,98.0,4,923.5643310546875,28.814816115225852,37.11329641084909,-0.6631428708876068,-0.7484928408414758,-0.004238638282004493,165.40948486328125,-4.133296241445009,0.06820783768086143,0.06820783768086143,0,0,0,0,0.4377595152220805,0
0,road_background,30.22193701800291,78.81189980557052,,,0.1587613837278426,72.62401892521358,0.0012507642622758,566.0,5.267518906840194,-0.9761870601839528,0.2169304578186562,30.0,2,568.5564575195312,3.1364152988889233,19.72011879386411,-0.9542234986884888,0.2990944910069387,0.0006524957555669043,32.94427490234375,1.7049383998902385,0.39848412987997295,0.39848412987997295,0,0,0,0,2.0886122109150658,0
0,road_background,30.218018782335776,78.80101674434243,,,0.0242831212477787,71.4826746208037,0.0041959863498017,561.0,9.397042147928053,0.3222637978043043,0.946649906050144,47.0,2,568.537353515625,14.031117024519345,42.048020283864126,-0.17917441965726832,0.9838173241717596,0.0013065917253388677,108.3489990234375,-4.54138032266917,0.21122425333830064,0.21122425333830064,0,1,0,0,2.66477732530117,0
0,road_background,30.2676672163678,79.18885976213774,,,0.0406650194261516,114.54847894197772,0.0048437801994286,827.0,21.869859308909422,0.5314910710639358,0.8470638945081477,113.0,4,815.966796875,34.42390882823519,48.05488908908299,0.9876144583801659,0.15690022816570867,-0.002400046512701679,229.11199951171875,-11.705608273340658,0.06807747702033556,0.21278947325664793,1,0,0,0,1.773311374201871,0
0,road_background,30.2173470873978,78.76649017507644,,,0.1680763308830498,67.98483591632059,0.0123430670812382,536.0,4.717897526680161,-0.6866235329637165,0.7270131525498175,29.0,2,536.1582641601562,5.009571657588348,27.329667174785936,-0.540319078172494,0.8414602151990469,0.005395848936360028,56.17181396484375,-8.216357522759608,0.2597492739135417,0.2597492739135417,0,0,0,0,3.7812077454998447,0
0,road_background,30.17105560095411,78.61880290689268,,,0.0670083022759273,48.69285679631778,0.010399815445941,594.0,29.421439641486938,0.9988814705157656,-0.0472843299652434,169.0,1,565.8623657226562,21.246853051432552,39.80142985727002,0.9990339902843376,0.0439441265307894,0.004948197013847559,160.24765014648438,-4.548192804509995,0.2064398751312856,0.2064398751312856,0,1,0,0,14.131974552302792,1
0,road_background,30.30766999368413,79.04054835799322,,,0.0857509224104463,98.21535835431752,0.0110098464813425,743.0,14.15548761586253,-0.1321637200910179,0.9912279006826348,75.0,3,774.853515625,18.50171219680239,31.721807826030474,-0.08909875108437029,0.9960227972065727,-0.005086198449253871,89.69140625,7.596332140205277,0.40029593589356427,0.40029593589356427,0,0,0,0,1.2135642689981296,0
0,road_background,30.285151205862228,78.98213407020751,,,0.3428497713348898,91.61406760299958,0.0150861461270379,678.0,8.089084126141794,0.773957299203321,0.6332377902572627,41.0,3,656.7962646484375,10.35166773010395,36.27192733320709,0.8498816185459479,0.5269736563223251,0.010995010096103822,75.36181640625,-16.981647081611527,0.007690310801083877,0.28203774598615206,1,0,0,0,0.4695705849281787,0
0,road_background,30.29415548058348,79.08086838688173,,,0.4516665610050092,102.32820509207264,0.0128850237147978,664.0,27.46382764497307,0.1090236493795899,0.9940391561080258,175.0,3,759.7670288085938,43.35312436275125,52.15411640918295,-0.11660667832534992,0.9931781726205668,-0.0022096714835253737,292.8807373046875,-9.757462935014246,0.11582436658784233,0.11582436658784233,1,0,0,0,0.8922643321119788,0
0,road_background,30.12704397028588,78.35741229718683,,,0.0678306736673059,7.845274077368762,0.0142061421784042,422.0,26.183762569965275,-0.7592566023652966,-0.6507913734559686,144.0,0,428.9562072753906,37.77912409696094,45.7388829693105,-0.5432627311425888,-0.839562746286122,-0.0027258247902242246,243.3292236328125,-1.1017889858277385,0.17048708099496204,0.17048708099496204,0,0,1,0,1.2586779543717783,0
0,road_background,30.134269057656063,78.34506209060042,,,0.0241921582479075,6.41399740457722,0.0116625951026195,468.0,32.53469816945699,-0.5486564414868224,-0.8360479108370626,160.0,0,454.0278625488281,40.06331804609333,44.0550664315174,-0.8387691337831129,-0.5444872268591123,-0.008700447861908989,240.63836669921875,2.6279105194344083,0.14982490717133778,0.14982490717133778,0,0,1,0,0.21157573318119252,0
0,road_background,30.240938341085798,78.85037688371548,,,0.4118142161270105,77.00348442140249,0.0066459649822083,650.0,18.76291982466018,-0.6770565308208834,0.7359310117618296,127.0,2,668.1441040039062,24.52855530596254,42.4793315799664,-0.4382711191770986,0.8988428261355004,0.007170355106203302,216.60162353515625,-18.807366489378865,0.34716402797223583,0.34716402797223583,1,0,0,0,0.7451133670016483,1
0,road_background,30.282054522046,79.16720555793373,,,0.4090398024903094,111.34132498453994,0.022494749420059,821.0,11.542945380584484,0.8976676105617704,0.4406731906394145,69.0,3,818.1450805664062,13.058346456517908,37.98299482100705,0.7926911729990502,0.6096234118284745,-0.004506452528452457,145.0205078125,15.055859274115392,0.19647055012859804,0.19647055012859804,0,0,0,0,1.0316731473982081,0
0,road_background,30.292659109436013,79.29780074448364,,,0.1633995634549366,126.2834392147976,0.0072624706219645,914.0,28.1914744499293,-0.8022332212740244,0.5970107693202042,136.0,4,934.9136352539062,15.979325130765616,46.08568649410231,-0.6266138902602554,0.7793298611838947,0.008885155050154792,177.946044921875,-3.1577380471978813,0.2311530189056233,0.2311530189056233,0,0,0,0,0.144347303136773,0
0,road_background,30.41920516309552,79.43035839782702,,,0.0572275561561948,149.10906020270048,0.021324622692624,1281.0,17.500735174402635,0.2325732132217078,-0.9725788916544148,93.0,5,1233.32470703125,11.398260432302312,44.532162108965515,-0.8856540998902568,0.46434557750406014,0.011413337227586483,128.0396728515625,-37.9215087890625,0.019814256940367495,1.0262215588551127,0,0,1,0,3.373221141198873,1
0,road_background,30.300016558143938,79.09924942013531,,,0.1929881117712616,104.10303576855026,0.0400448456904179,762.0,9.808569941758453,-0.8290721288256765,0.5591416682777818,44.0,3,767.4550170898438,3.826620855183037,41.83689065620195,-0.9998308325375046,0.018393104886353605,-0.0015367948998293544,130.54022216796875,-4.277026972494809,0.27121372550971745,0.27121372550971745,0,0,0,0,0.14429995454261402,0
0,road_background,30.286838980423443,79.1258702545,,,0.3830335481464919,107.16232831283835,0.0077079020179146,762.0,24.787304477700538,0.3825642979791258,0.9239288705910962,128.0,3,790.4993286132812,26.711391687352766,33.56528719442623,0.4257092667730156,0.9048600003224706,-0.004442585028728425,186.5494384765625,2.1581425942665646,0.2278980303311286,0.2278980303311286,1,0,0,0,1.7268362568137192,0
0,road_background,30.22668030081724,78.72982378506757,,,0.0138755581102595,63.80301690605154,0.0063743771808415,584.0,18.019876662943396,-0.7172793808592269,-0.6967856842632489,86.0,2,569.3458862304688,27.399911918204726,31.47713174499522,-0.6116828961648928,-0.7911030492542226,0.012664315437630046,120.1162109375,-3.0387429481695563,0.15922368996180553,0.15922368996180553,0,0,0,0,4.828558042900228,1
0,road_background,30.266559112227384,79.20946001711009,,,0.3894782304937179,116.49880760010076,0.0124330542713149,797.0,30.1141438089707,0.8850428551402573,0.4655095536776679,154.0,4,793.89306640625,32.7539876686347,53.6088620745139,0.4659159207181836,0.8848289975025272,-0.006884508804694047,187.7911376953125,-19.006586752647195,0.040770013408754815,0.08715076595673993,1,0,0,0,1.9421092483682916,0
0,road_background,30.33532122947299,79.32030776316915,,,0.4509047579045941,131.6045335387063,0.0126455435187399,940.0,35.680640266678104,-0.8077312022424055,-0.5895509349700314,174.0,4,970.6098022460938,31.751047572162037,45.46779745897654,-0.9473975194542048,-0.3200592759662178,-0.0029915521815932163,247.17840576171875,3.426402698863626,0.20876163479618906,0.20876163479618906,0,0,0,0,0.12598141401207488,0
0,road_background,30.08008827851024,78.55948352141947,,,0.3946318970169434,35.30710173968914,0.0075188675798545,964.0,18.845848864047166,-0.849640166198119,-0.527362861778143,109.0,1,973.8116455078125,34.50018047283479,44.609746760319666,-0.026485617565470968,-0.9996491944988379,-0.0020401515536304683,238.8975830078125,27.561770100238846,1.165075744340162,1.165075744340162,0,1,0,0,3.6654079450707737,1
0,road_background,30.23236128028315,78.70599846007359,,,0.4806709099607207,61.30474851318132,0.0011991436980892,550.0,10.176527410054076,0.3713906763541038,-0.9284766908852592,50.0,1,538.36865234375,17.9860708111437,27.80624630785376,0.7086981387047172,-0.7055118342001566,-0.006697467170342268,60.403045654296875,7.624817903376766,0.09277346019859883,0.09277346019859883,0,0,0,0,5.650249154575465,1
0,road_background,30.374462622079868,79.3136510233327,,,0.5502358540839783,135.7157067575558,0.0288952559332267,944.0,20.912556772082947,-0.4012764050067337,0.915957011428414,105.0,4,982.5652465820312,31.649791557178517,42.86626806583963,-0.4508962381619174,0.8925763734333503,-0.003260302070780006,186.9447021484375,1.0031677750516792,0.2020546187393488,0.2020546187393488,1,0,0,0,0.3920232073916393,1
0,road_background,30.21018926566287,78.66439760454078,,,0.0783552878853258,55.44075960427806,0.0116192913649896,613.0,30.64313744612866,0.9509099442264484,-0.3094677333281339,169.0,1,581.994873046875,25.888358179509034,44.760768044207595,0.9414075090284983,-0.3372712586995189,0.003899294951343263,208.59878540039062,-6.964637945506183,0.18976763530904114,0.18976763530904114,0,1,0,0,10.205152915324772,1
0,road_background,30.222764420237294,78.73511163246432,,,0.0104496186158594,64.47111700111829,0.0073826592099296,591.0,29.527298140946144,-0.6297059867572369,-0.7768335537565911,132.0,2,577.2586059570312,35.08573595083489,40.50283421658074,-0.5460606172472325,-0.8377456668294808,-0.001967392631119016,194.15771484375,-3.6197968790353343,0.10629882629355829,0.10629882629355829,0,0,0,0,4.816507736044283,0
0,road_background,30.29756894443595,79.05988001442354,,,0.302299477740947,100.40186130927016,0.0108863056044211,685.0,28.169778133324023,-0.4792881845924903,0.8776575847732616,141.0,3,739.2422485351562,35.28296298365006,45.635987445238406,-0.48426447899919817,0.8749216618530113,0.011708266617703343,240.243408203125,-21.044207612345076,0.18206722586762406,0.18206722586762406,1,0,0,0,1.4740707272850444,0
0,road_background,30.223114750774887,78.78486189365704,,,0.2869229756244467,69.85879448337963,0.0028457767971944,560.0,5.281194576213676,-0.4327310675847713,0.9015230574682735,25.0,2,567.7547607421875,7.7929176120712516,23.720575277328116,-0.3383766511809259,0.9410107554834759,0.0014295970577739236,54.498779296875,-1.4124695328641792,0.4736042983281261,0.4736042983281261,0,0,0,0,2.58395849773116,0
0,road_background,30.486987381680105,79.48429159111946,,,0.184219896150542,159.6727449222806,0.0113444637139502,1411.0,24.100772808536725,-0.2757051430968216,0.9612422556618916,225.0,5,1454.0631103515625,49.26887229518477,62.16981827950175,0.2025636145018172,0.9792691060581659,-0.005193138919979863,294.141357421875,-9.979547674005744,0.057083809684469404,1.0244554963329915,0,0,1,0,2.249879485825852,1
0,road_background,30.245690800083874,78.87491277458223,,,0.3709532443074752,79.30253604528149,0.0117574760449833,656.0,14.75748401721168,-0.6200544928143392,-0.7845587460099802,62.0,2,666.182861328125,27.154286023092286,36.6884347798514,-0.5969449595006519,-0.8022821918295115,0.001999908894176488,86.1900634765625,-12.259193609568683,0.07430722027645101,0.5534912447861385,1,0,0,0,1.3578311347451313,1
0,road_background,30.182429573529813,78.62377740933823,,,0.4105067074150529,49.99395023696907,0.0042953738171785,585.0,26.360054096082703,0.8341142645554276,-0.551591691076976,124.0,1,547.8357543945312,35.56816839265452,54.27455211779834,0.8125718752891594,-0.582861001859842,-0.00030353212992914776,201.97579956054688,-7.336936761525067,0.05702887858438322,0.1491966462083395,0,1,0,0,15.173991109323525,1
0,road_background,30.332998599950155,79.31994156291009,,,0.5073339063615893,131.3515214255874,0.0011441585894435,872.0,13.345539960463991,-0.9554746911816384,0.2950730663943295,68.0,4,915.246337890625,17.53717549335075,39.059841310318795,-0.4540437753009927,0.8909793769276715,-0.01295247027745136,113.17254638671875,6.604591558787433,0.1641359649954732,0.1641359649954732,0,0,0,0,0.28881595190577236,0
0,road_background,30.29727632842379,79.05747185467344,,,0.4347444141279031,100.2089921538845,0.0077395163292194,696.0,16.86660973020661,-0.2528694266529967,0.9675004150201616,88.0,3,719.7635498046875,34.7781084781764,45.635978073911595,-0.04050397565537055,0.9991793772672198,0.007178689932850193,201.564453125,-15.169814432948101,0.16078556988606577,0.16078556988606577,1,0,0,0,1.528299409238462,0
0,road_background,30.117355934389515,78.42475562286984,,,0.6178954064051883,16.749746269365875,0.0093331089318718,466.0,33.110392322486426,-0.812696104858744,-0.5826877732949486,167.0,0,476.8262939453125,35.6546160624788,52.770060715582524,-0.5645087654745969,-0.8254270735215476,0.015027993310847457,308.8533020019531,-19.203467503066918,0.19680234060883584,0.19680234060883584,0,0,1,0,2.121959356157462,1
0,road_background,30.291984457563057,79.30092702668942,,,0.2918813541553777,126.56548264955336,0.0077416816862735,929.0,11.293084909113311,0.5508422083307386,0.8346094065617252,63.0,4,929.0728759765625,10.247096066906115,31.49353474629961,0.26929937793495623,0.9630565118640991,0.011697222250794578,77.54852294921875,-17.270664183561507,0.28850679408172425,0.49652635788680544,1,0,0,0,0.30606287155034706,0
0,road_background,30.29981271464701,79.09687619646989,,,0.1502617236878549,103.87758249077343,0.0096278749862175,741.0,17.111505494414363,-0.3356504070898789,0.9419866263490148,89.0,3,751.8885498046875,16.179906095691862,37.30295803995344,-0.8437542014521262,0.5367297714230923,-0.010227794462875407,115.46197509765625,15.426295256811727,0.18279488846496877,0.18279488846496877,0,0,0,0,0.12424101371562601,0
0,road_background,30.23590008879304,78.7239512304939,,,0.5866677266249035,62.80418300660913,0.0108925137136966,577.0,10.999158271052185,-0.9260923597695476,-0.3772968873135195,54.0,1,579.9702758789062,11.864416239396858,30.05610332482403,-0.8559627023357301,-0.5170375733059585,0.009299085431597316,94.40716552734375,-14.804797464165858,0.6184855340118939,0.6184855340118939,0,1,0,0,4.309177917673061,1
0,road_background,30.53051324765253,79.52775402901187,,,0.5798236962350712,166.5017854101663,0.0104348724419841,1663.0,35.48732718757373,-0.8789654271279453,-0.4768854976970768,188.0,5,1672.8814697265625,30.161778596014692,50.411871521983,-0.9648756694835858,-0.26270695163737495,-0.0034628407510969915,262.0731201171875,-14.413763881714885,0.1158489229815345,1.0411245962577707,1,0,0,0,2.250032090605473,0
0,road_background,30.465748890694456,79.4576407126616,,,0.0215323879211516,156.04318415547866,0.0026613549847724,1539.0,21.112587101545785,-0.889187463311209,0.4575430636455735,103.0,5,1548.105712890625,31.39502733994559,48.22047992928017,-0.8951723388452092,0.44572018550476034,-0.002991213189408719,266.607177734375,-22.35034482341166,0.03842703331671197,0.9844224724733859,0,0,1,0,3.8592608783591102,1
0,road_background,30.364880648001797,79.31427705305897,,,0.2338054760862457,134.70275211003934,0.0100682177349691,976.0,21.106846658709145,-0.5958469241734656,-0.8030980282338017,101.0,4,975.7359008789062,22.473564686702115,36.998599500034686,-0.4657987344797448,-0.8848906932254786,0.0058424949969659475,175.2073974609375,-15.317299078318683,0.332927805504087,0.332927805504087,1,0,0,0,0.38206121653716374,1
0,road_background,30.30157871791314,78.99855237207429,,,0.4237699183592208,93.90425144269912,0.0132480655315331,747.0,31.29892858414437,-0.0657912139141958,0.99783341103197,182.0,3,772.9281616210938,37.78696340901164,52.66249775285662,-0.2027372923385551,0.9792331644175616,-0.011988862567881725,246.27392578125,20.422862659801126,0.19321218733443843,0.19321218733443843,0,1,0,0,0.8609772148497775,0
0,road_background,30.28050178623024,79.16774034880824,,,0.3903175276201905,111.519582347362,0.0113444637141542,824.0,14.226475237339908,0.8808929232684738,0.4733156005621649,67.0,3,817.1561889648438,9.942291344094327,40.83551264164056,0.971177604465788,0.23835700238107835,0.002255253190870161,153.70989990234375,2.173771125225926,0.30425944938808586,0.30425944938808586,0,0,0,0,1.1161983948440062,0
0,road_background,30.46954055640825,79.45987011526148,,,0.059104214726305,156.50235732344368,0.0101846758771295,1494.0,31.14261464116045,-0.9984772801496672,-0.0551644906160037,181.0,5,1546.339111328125,27.36182351050695,42.634504714967406,-0.9956047459638617,0.093654630500762,-0.002056158245754952,220.7275390625,-5.161106582515458,0.38084628915161417,0.8416391066711989,0,0,1,0,3.5689177750424546,1
0,road_background,30.23487118008401,78.84527715904983,,,0.0030856629108492,76.28326403028314,0.0061988376948714,605.0,20.11562777957256,-0.7553887142830487,0.6552769569684277,83.0,2,630.86962890625,32.87156841600077,46.661511037716444,-0.5071075709876156,0.8618827712902958,0.007314508408855393,207.90631103515625,-22.676014293323874,0.14702839523111927,0.14702839523111927,1,0,0,0,0.07404957015481516,1
0,road_background,30.0751121,78.5177013844189,,,0.0645400014335128,30.10551898967091,0.0191112013089878,784.0,7.512076772797271,-0.9605642644145614,0.2780580765410572,129.0,0,804.1245727539062,26.23561179738803,52.496849602459704,0.9992851462022251,0.037804716367111045,-0.0146147399249828,222.17791748046875,28.734974254261374,0.5830560379228142,0.5830560379228142,0,0,1,0,1.8313353915604313,1
0,road_background,30.5289022449052,79.51801593691269,,,0.0240278321467174,165.77083655368503,0.0042889333019583,1583.0,23.515653474755005,-0.1532083577745236,0.9881939076456774,129.0,5,1592.693359375,25.155769865433665,35.38646592072353,-0.41996989080251945,0.9075380382217155,0.008945293778790851,199.078369140625,-18.715249305914313,0.514704925477451,0.514704925477451,1,0,0,0,1.7635464126229596,1
0,road_background,30.531959779146565,79.51602323883601,,,0.2300399128423796,165.47670215816413,0.0082313022001121,1353.0,37.142443504799296,-0.4664717675375016,0.884536087500357,211.0,5,1401.6204833984375,37.310913658198025,45.23384857139522,-0.28674759198728916,0.9580061682940727,0.001067085876929389,256.2708740234375,0.5645711599302103,0.12669975530549912,0.12669975530549912,1,0,0,0,1.752863369277035,1
0,road_background,30.26997480766988,78.95402655927337,,,0.0065671280300326,88.48390416666436,0.008624859104016,669.0,28.78589227175479,-0.7280218587800071,0.68555391701784,120.0,3,709.81005859375,21.934851226591068,45.972729281603364,-0.6849206219840415,0.7286176923332248,-0.005347967235968101,231.09136962890625,7.924837979403378,0.14776184610492926,0.14776184610492926,1,0,0,0,0.5956509929333265,1
0,road_background,30.27885586911989,79.16778633099904,,,0.3242252606471428,111.68921076748404,0.013244832586024,841.0,25.12407922044245,0.966705227861512,-0.2558925603162826,136.0,3,793.0684814453125,39.00370779001145,44.4763643182159,0.3601575431059137,-0.9328914964474229,0.004908092442334298,158.61126708984375,-0.7900874870867938,0.2461439131264161,0.2461439131264161,1,0,0,0,1.2502803805222373,0
0,road_background,30.23196929061356,78.72506438199017,,,0.2620269145524301,63.11239772559622,0.0014474163624302,572.0,9.862044855328453,-0.5368754921931594,-0.8436614877321074,55.0,2,576.2537231445312,13.656230933988548,19.66901118057622,-0.9725659505489562,0.23262732391704385,-0.003351181303135233,53.92730712890625,0.824085582386374,0.34780015077552123,0.34780015077552123,0,0,0,0,4.644367291278827,1
0,road_background,30.30070869791988,79.00921480429602,,,0.3328934056568449,94.93069807033356,0.0121654974855013,710.0,8.415800049152015,0.2478332499826331,0.9688027044775658,43.0,3,711.6797485351562,17.499680637556626,50.274403564669576,0.9015378023992101,0.43270034763702553,-0.0021659782232637177,104.05999755859375,15.110307173295496,0.15456536556909428,0.15456536556909428,0,0,1,0,0.5321946852709486,0
0,road_background,30.13602782760989,78.33196360366645,,,0.4262483343835405,5.203578937361084,0.0189986833364972,470.0,17.461195830556107,0.2225370531702281,-0.9749242329362376,135.0,0,470.154541015625,37.63306268366973,44.35364830162595,-0.4020158445195021,-0.9156327106188766,-0.013018352046706578,225.97000122070312,7.641459567487743,0.3105838087886197,0.3105838087886197,0,0,1,0,0.04840318402642986,0
0,road_background,30.220912874730363,78.77054765882468,,,0.040036152488806,68.49920536218691,0.0062514170750897,544.0,1.6313435442379238,-0.9363291775690444,-0.3511234415883916,8.0,2,545.076416015625,1.1910580396615476,16.14036930662455,-0.15378558335673997,-0.9881042426544009,-0.0006598100299690078,20.7901611328125,1.0106503825542177,0.5063692111522227,0.5063692111522227,0,0,0,0,3.2619912617972195,0
0,road_background,30.381217987722334,79.32141375944869,,,0.0076702221254626,136.62208002502288,0.006652458005723,957.0,18.214094927468143,-0.7698793492597551,0.6381894605705863,76.0,4,972.89013671875,19.56170901654393,45.8786685822298,-0.1481747223053922,0.9889611982629651,0.0038455894125707197,156.80328369140625,-12.349155898921708,0.2035491941552492,0.2035491941552492,1,0,0,0,0.22293307325715386,1
0,road_background,30.20652344022102,78.65584297310433,,,0.2687449053557267,54.54319462767869,0.0272980395875089,562.0,23.79851256035922,-0.5441911050990217,-0.8389612870276587,139.0,1,557.8795776367188,20.426164477062326,38.80012177275334,-0.4857726787359172,-0.8740851815433844,-0.001813011643632549,197.94964599609375,3.193838576640019,0.16885328335964675,0.16885328335964675,0,1,0,0,11.090331233102182,1
0,road_background,30.305310625462432,79.04721489800367,,,0.0807123724310299,98.92916810245364,0.0126455435192346,760.0,25.58972312495517,0.8352488360884458,0.5498721504248933,149.0,3,753.0558471679688,28.14908059365467,46.22175665625424,0.9239959624854731,0.38240222451045464,-0.004525211727393508,195.82708740234375,4.677390358664752,0.16139922993005598,0.16139922993005598,0,0,0,0,1.1374599441866489,0
0,road_background,30.34123776232518,79.32043807481385,,,0.2614296928413221,132.11542618660582,0.0041419525378388,951.0,16.253917058152773,-0.8574929257125442,0.5144957554275265,148.0,4,964.3721313476562,38.19600289257434,52.08501660398972,-0.5325104585028639,0.8464234233438188,0.016670368516513524,206.42242431640625,-50.61116771855632,0.008444713425602908,0.3649658361747173,1,0,0,0,0.08637095491192612,1
0,road_background,30.115845445843608,78.43505342074009,,,0.0319225295154453,17.516209961084108,0.0110098464812413,434.0,2.444329313722428,0.7808688094430303,0.6246950475544243,52.0,0,434.0880126953125,23.212742854331037,45.03497623251358,-0.9489918786585488,-0.31530051417674226,0.0008615701289147572,83.2642822265625,3.2867658630875667,0.08636858648905943,0.14833907373164715,0,0,0,0,2.608767039063662,1
0,road_background,30.29725471470165,79.10704465288876,,,0.0445952961648053,104.87726189408426,0.0118709052483852,792.0,12.985577738412752,0.0722742605784704,0.997384795982892,110.0,3,812.6654052734375,22.621065002457428,47.68379484575925,-0.8859426100808564,0.46379488100141814,-0.0002372743762612049,130.13037109375,-8.546704000677892,0.49015457227214265,0.49015457227214265,1,0,0,0,0.5921026769863044,0
0,road_background,30.38253552899626,79.32173658982128,,,0.0181008016109929,136.76912403133798,0.0132480655319879,960.0,14.59369560214468,-0.9473952593366396,0.3200659659921079,74.0,4,981.2208862304688,22.48194701101096,42.670537435256335,-0.9992056158781941,-0.03985143908918139,-0.008591906105583656,121.96783447265625,2.2295658332257062,0.1192592727591996,0.1192592727591996,0,0,0,0,0.07363868004433821,1
0,road_background,30.298344084034547,79.30124661825737,,,0.2450345295696278,127.1419856371363,0.0038434253229728,880.0,23.043719900310283,-0.9638539466420606,0.2664311722425209,123.0,4,922.1445922851562,23.79057618419586,37.80170109494504,-0.9680810221323835,0.2506374564727301,0.003231687662614684,128.75164794921875,7.311759507360534,0.2311027053992439,0.4278481435303789,1,0,0,0,0.37466595176812634,0
0,road_background,30.29322558390796,78.98844641634413,,,0.1329868377549106,92.67331138865688,0.0087830159646868,662.0,25.66255024678505,-0.8741572761215378,0.485642931178632,192.0,3,703.2240600585938,45.87520480438399,52.0205423129329,-0.9730456275732684,0.23061267671258734,-0.009586672672124878,259.30279541015625,-6.870108107890019,0.05292647474542037,0.05292647474542037,0,1,0,0,0.6005303391044532,0
0,road_background,30.25122281437709,78.91750851877889,,,0.0838475170314965,84.16714386605899,0.0094929877981637,736.0,29.9411790034355,-0.5613598887018127,0.8275717946841159,143.0,2,757.960693359375,39.862215304084835,50.214041769556786,-0.9891414802706221,0.14696643156871775,0.01128287617437362,263.35858154296875,-22.77761109407288,0.08369953872165066,0.6271209490882999,1,0,0,0,1.6681361691706005,1
0,road_background,30.21927053907445,78.81079175640777,,,0.3286983208778124,72.36053925225195,0.0085416658142064,542.0,12.53638838286113,-0.6445972525364408,0.7645223227757787,52.0,2,579.3807373046875,19.00265984381951,45.326689535641506,-0.8721161078487424,0.48929898265862026,0.0064924761001489,170.47589111328125,-8.779365980920716,0.2717672982288471,0.2717672982288471,0,0,0,0,2.3987819246381665,0
0,road_background,30.234474378434932,78.8388641716371,,,0.1012514791056448,75.66098902175362,0.0055400484972105,611.0,24.670987573427425,0.4208980816218578,0.9071079345298662,125.0,2,641.1199340820312,20.721549562442707,34.609156347058885,0.2943266712491928,0.9557048763040658,0.0020404331324012284,154.8648681640625,-1.6574696942794844,0.2453569652825734,0.2453569652825734,0,1,0,0,0.08395242359086252,1
0,road_background,30.466968440341923,79.43777317857686,,,0.7177893176262371,154.38564035278168,0.0058716493344885,1273.0,43.103053637687374,-0.2742506821858327,0.961658236236037,270.0,5,1317.34423828125,43.13150305639046,50.88022000351885,-0.24646992096141546,0.9691504413976572,0.0009830089188609915,331.3682861328125,0.9019311321667374,0.20045775843503305,0.20045775843503305,0,0,1,0,3.4124433754646306,1
0,road_background,30.305253790026587,79.03451505683338,,,0.0925061644076956,97.57633045389956,0.0264118733243776,669.0,28.54879122563375,-0.5881716976750462,0.8087360843031886,133.0,3,710.2970581054688,34.09594932509614,48.19062414913928,-0.6499330118255251,0.7599915000441794,0.011647979440568277,250.78271484375,-28.27324834145793,0.12520964520874722,0.12520964520874722,0,0,0,0,0.9063234623527721,0
0,road_background,30.314828516884607,79.30916013593529,,,0.0734585736224916,129.09277831686975,0.0137814465673772,936.0,14.234730208528417,-0.9986178293325098,-0.0525588331227636,76.0,4,956.72607421875,23.99346668614299,42.92483485007607,-0.9969002579579818,-0.07867576299794908,0.013027192022592563,167.17144775390625,-22.46684328189565,0.6045949661529672,0.6045949661529672,1,0,0,0,2.266563918688137,0
0,road_background,30.32910385878971,79.31094147342645,,,0.173814055196617,130.66116599413962,0.0083183538892445,922.0,27.84086001178093,-0.8141596924313586,0.5806410209587983,129.0,4,932.8234252929688,24.121199622631178,43.51662018452176,-0.5391742883570732,0.8421942096539513,0.000524048033861904,224.63275146484375,-6.013930643885601,0.23373606972719152,0.23373606972719152,1,0,0,0,1.255418433593454,0
0,road_background,30.127702770849567,78.35595140719211,,,0.045073517263017,7.688594257789662,0.0191112013088146,406.0,26.537015913120715,-0.8944271909999159,-0.4472135954999579,161.0,0,402.7735595703125,31.476618801592792,52.112010635575274,-0.8119910590384244,-0.5836698724807182,0.002840692772903295,212.539794921875,-10.081647636476646,0.1831947657304391,0.1831947657304391,0,0,1,0,1.1242699599283164,0
0,road_background,30.403930209223848,79.33043410142763,,,0.0754175714157476,139.27783255908318,0.0048470468849051,1003.0,19.78791381270632,-0.9172172881319174,0.3983873069663882,122.0,4,1035.119384765625,31.43584461281136,43.702590592658034,-0.9999696710902154,0.007788253958781931,-0.003527694819496978,140.01971435546875,21.287214799360754,0.1591736682190128,0.1591736682190128,1,0,0,0,2.3382502091150332,1
0,road_background,30.145151292815225,78.60466415854883,,,0.5545647243730233,45.8078493341374,0.0106187526969996,578.0,20.692910750134985,0.3971120730955433,-0.9177701244874774,104.0,1,560.3787841796875,12.14131821213204,44.672165318783605,0.3220774717958261,-0.9467133157200277,-0.0035129271639770844,186.92996215820312,21.512576016512753,0.1849258359592864,0.1849258359592864,0,1,0,0,11.034551729802464,1
0,road_background,30.289091067638157,79.26311772336648,,,0.0624437927916229,122.9304555942351,0.0135490327716979,834.0,18.91251720701184,-0.3015969485196515,0.9534355146750276,98.0,4,854.8648071289062,36.26909246730284,47.71832108770951,-0.1047795093158926,0.9944954773288417,-0.003858868797087749,220.22564697265625,-7.4016365492639125,0.27003651262710565,0.27003651262710565,0,0,0,0,0.10877883088799467,0
0,road_background,30.529010934018185,79.51329906421901,,,0.0486118338998042,165.2338174407845,0.0074731648712367,1477.0,29.902541716960496,-0.2724237171633666,0.9621773840238056,166.0,5,1506.5703125,38.18591914066279,53.69475396251473,-0.3271433444086406,0.9449747256985922,-0.0017166172079538132,328.2789306640625,-13.774803476885381,0.3064756040811064,0.3064756040811064,1,0,0,0,1.3617755566795535,1
0,road_background,30.308412890051628,79.30238656685756,,,0.3909363014666833,128.25116925295265,0.0055400484975138,858.0,26.54721611112548,-0.420327048272484,0.9073726756358388,136.0,4,934.4401245117188,31.11959340696069,43.99413105179847,-0.8922651509300442,0.45151179434848143,-0.011203335341879287,222.20159912109375,6.5956062758264125,0.15757778502251357,0.15757778502251357,1,0,0,0,1.4905901843585612,0
0,road_background,30.28840640810878,79.27356790658678,,,0.1972258941727422,123.90483235298451,0.0009004606651566,806.0,23.30826104022719,-0.4564737132933399,0.8897368987921034,122.0,4,837.5892944335938,34.35456153792666,42.6107981175695,-0.2871459374595103,0.9578868464492553,0.011354384210278476,168.52252197265625,-21.40773098527893,0.24743381065155196,0.24743381065155196,0,0,0,0,0.22922975544355556,0
0,road_background,30.53174979346737,79.52718502439545,,,0.4559785030346177,166.5815040463562,0.0049328009940217,1712.0,38.6369859342382,-0.7964835071207889,-0.6046602540969337,191.0,5,1684.1746826171875,36.599490470096015,49.54473235622879,-0.6691510645434227,-0.7431264043353621,0.0010436941250818407,284.033203125,-11.53491816244832,0.16058975918796475,0.9161536104288162,1,0,0,0,2.107384475657475,1
0,road_background,30.30787308151665,79.0435167357694,,,0.0138593200007697,98.48423681318012,0.0061730816006434,776.0,20.66633831048078,0.1944163965813176,0.9809190918421028,111.0,3,778.2177124023438,5.162873396768914,44.03460914734499,0.32329940012102903,0.9462967282419309,-0.001806944940631538,132.26727294921875,12.606897779732662,0.2562944711589047,0.2562944711589047,0,0,0,0,1.1121297944876916,0
0,road_background,30.488997373235943,79.48306551845934,,,0.0673470751665063,159.6674038746638,0.0100760759744302,1461.0,26.608284188225152,-0.2861267145687461,-0.9581917883232434,144.0,5,1430.7716064453125,34.64854470132509,57.216470311152584,0.10881438040357848,-0.9940620858967438,0.009432796766655743,229.5743408203125,-14.850663618607996,0.14507740051543877,0.8002355604587058,0,0,1,0,2.288883827602193,1
0,road_background,30.371062262300224,79.31124270539472,,,0.683434835910943,135.29460358193012,0.0130858982904778,964.0,26.57777862373484,-0.9927819409326266,0.1199333888374985,149.0,4,1024.742919921875,36.76140872638894,38.84253357363949,-0.9739494075564217,0.22676541076737255,-0.008545410807137317,195.22393798828125,24.337992518401393,0.25473620552736764,0.25473620552736764,0,0,0,0,0.02991308366648531,1
0,road_background,30.249493501223316,78.87437194023848,,,0.0272904482704845,79.55034119191251,0.014252222126519,661.0,21.242603631151898,-0.3772968873135194,0.9260923597695476,108.0,2,670.1963500976562,24.549689144224065,40.25294857805512,0.821195680503397,0.5706466983366878,-0.008168994159573043,109.1646728515625,17.49298650568187,0.21627883661608985,0.21627883661608985,1,0,0,0,0.9508676747172261,1
0,road_background,30.07246552294885,78.5038658819861,,,0.3289108127931215,28.014802867717066,0.0104938845169093,432.0,7.743239673577037,-0.9805806756909202,0.196116135138184,67.0,0,440.81732177734375,21.214410349311468,43.09875001186168,-0.46207346137870664,0.886841652319906,0.008419237207432335,131.15109252929688,-28.75897368123708,0.05066188607966097,0.05066188607966097,0,0,0,1,1.0446717803506258,1
0,road_background,30.485840144103246,79.48050818302369,,,0.1336827324669097,159.29055575225968,0.0038236733515026,1452.0,32.83690827674361,0.2169304578186562,0.9761870601839528,189.0,5,1491.237060546875,35.709249033089634,62.1697661614909,0.17276374800686564,0.9849632923995798,0.0016047421152653699,434.7562255859375,-32.39260132844788,0.28230269020306786,0.7505910329037101,0,0,1,0,2.6343179297972763,1
0,road_background,30.245079573215712,78.89822526000722,,,0.1854559412060079,82.12424648263153,0.0096278749867165,673.0,27.721678103088845,0.8690227726630141,0.4947720895453656,137.0,2,632.79736328125,37.644107849441404,53.12774119977273,0.986753894402717,0.16222438744242987,0.009696494597308564,219.406005859375,-21.376013385362853,0.11651359611367171,0.11651359611367171,1,0,0,0,1.3517662599242826,1
0,road_background,30.279030730629596,78.97221765666747,,,0.2304774844301108,90.48649209308005,0.0115220178898059,703.0,17.430775213634004,-0.9979690828636266,-0.0637001542253379,94.0,3,727.3889770507812,28.15803220956517,38.57187107080766,-0.9740268380295144,0.22643259217309272,0.005408974827876251,159.21905517578125,-11.821081240315038,0.33583068404026145,0.33583068404026145,1,0,0,0,1.6149000048761484,1
0,road_background,30.28784537136197,79.1226068554995,,,0.4723675213586324,106.84138325375504,0.0186557499644035,773.0,24.142223242272177,0.3867266762506742,0.9221943818285308,124.0,3,799.1541748046875,26.29793367557319,42.825768037932825,0.13068815655330307,0.9914235249058292,-0.005889564428887932,173.476318359375,15.707199222785334,0.1459225405704671,0.1459225405704671,1,0,0,0,1.6238164575642975,0
0,road_background,30.531113575953864,79.5234420748578,,,0.2031962680728937,166.3154941157462,0.0088249875265818,1510.0,20.443066880312628,-0.4650091467889218,0.8853058756173704,99.0,5,1534.638427734375,22.535379329003202,48.650056050035694,0.08520982900104491,0.9963630287408364,-0.0007076708844774726,138.9635009765625,-14.418881755229904,0.09879893244950785,0.7057737555314121,1,0,0,0,2.168191751488724,1
0,road_background,30.13695924524374,78.33791169444945,,,0.283586742931384,5.767338664648014,0.0059287154606501,480.0,27.331669863734906,0.7416885527216828,-0.6707444302874349,140.0,0,431.8677062988281,27.724662711660653,42.69163201946817,0.6714812015518711,-0.7410215894037471,-0.0008353413179607477,196.11856079101562,3.398995139382123,0.18556555347854167,0.24764532811379042,0,0,1,0,0.40920936730589264,0
0,road_background,30.29053714680741,79.29059166801478,,,0.2668900895446977,125.55850892237552,0.0125043566786586,908.0,26.4592859363578,0.3817601544197929,0.924261426490025,138.0,4,907.4813232421875,40.049872021030026,41.86288310576424,0.014486383072716108,0.9998950668472519,0.00781252352527748,203.82086181640625,-1.9807794744318699,0.20720841441191842,0.20720841441191842,1,0,0,0,0.2574161894736178,0
0,road_background,30.213971250834856,78.7555741678568,,,0.0963413364498839,66.87242880699804,0.0057044242991118,566.0,11.823423458741928,-0.1592324388246205,0.9872411207126472,62.0,2,567.9512939453125,17.193481057473317,22.59402159267094,-0.023257740419982,0.9997295021707405,0.006267025110755412,69.4910888671875,-2.513677928073321,0.29021671709933317,0.29021671709933317,0,0,0,0,4.547902310656806,0
0,road_background,30.307023698138508,79.03759125125055,,,0.1428326864929821,97.92758918167392,0.006599988420613,757.0,15.166585728618427,-0.2828320195947227,0.9591694577560164,78.0,3,745.9608154296875,4.07501957483996,44.423359497972946,0.13458406782568716,-0.9909021791718348,0.007851989081817784,127.00933837890625,-11.86773681640625,0.26329575714541065,0.26329575714541065,0,0,0,0,1.2553624176355664,0
0,road_background,30.25036717342437,78.89643491927416,,,0.3297084435029132,81.83249140856354,0.0016040446733763,611.0,15.352285452854668,0.485642931178632,0.8741572761215378,72.0,2,610.4846801757812,27.288909383727884,35.87463351817781,0.8047412697801719,0.5936257143289839,0.002658242649206942,108.15753173828125,-5.008394603886927,0.11451536606557393,0.11451536606557393,1,0,0,0,1.9627919060607706,1
0,road_background,30.23710432077077,78.68024888685216,,,0.6048253827325711,58.95261801075516,0.0128850237142761,570.0,29.75673776217036,0.8512576883001574,-0.5247478900480421,146.0,1,535.16357421875,30.079519587261668,40.921816989500485,0.7164457314968584,-0.6976428268246806,-0.00016122745782930778,139.45565795898438,-13.43546036649343,0.11653042577005258,0.11653042577005258,0,1,0,0,7.155397589533106,1
0,road_background,30.232788995222084,78.70386098424935,,,0.4685504594261591,61.09405693349269,0.0055400484979348,551.0,15.29393432481302,-0.6948120209293551,-0.7191913900847711,60.0,1,552.3953247070312,11.290666842435515,28.094950413334228,-0.6641377382505793,-0.7476102357722271,-0.0029901735139464115,64.81503295898438,14.514190421616718,0.12757666571324106,0.12757666571324106,0,0,0,0,5.751537375129401,1
0,road_background,30.29890859669865,79.0117471008847,,,0.1351160759312894,95.1753904511238,0.0086405665336024,683.0,21.41379223247083,0.3314859950125598,0.9434601396511318,111.0,3,689.1219482421875,30.007254158333314,38.301109923792204,0.026418262284452026,0.999650976800338,0.00879316640490723,170.538818359375,-17.129000577059628,0.15236630582138533,0.15236630582138533,0,0,0,0,0.6084851271463934,0
0,road_background,30.27851554666733,79.24089475497247,,,0.1049991287340209,120.47436598372788,0.002714881393339,795.0,13.238341896409334,-0.354227062609795,0.9351594452898588,66.0,4,829.1102905273438,24.546400745160216,29.23891607917388,-0.79681802864315,0.6042193552256037,-0.0066980729498395935,141.12152099609375,0.9534664942212885,0.042886127864584955,0.14941049594535605,1,0,0,0,0.7603322029213236,0
0,road_background,30.28914547734901,79.11934936475312,,,0.5347931556783091,106.50224379668173,0.0204940328005135,807.0,30.565798185639625,0.8804710999221752,0.4740998230350176,156.0,3,797.4315185546875,29.55101216128285,42.82579833094183,0.9424368076208678,0.3343843053155867,-0.012925762224438798,200.918701171875,-1.3648227660123666,0.0777412139903343,0.20215586119436982,1,0,0,0,1.4661104732363852,0
0,road_background,30.22481807659425,78.67885792024852,,,0.1980722404320964,57.64950860048564,0.0070482685318002,550.0,10.759583898850558,0.9998461420100132,0.0175411603861404,57.0,1,541.0624389648438,13.133960587598562,23.762324221004853,0.9998378793853864,-0.018005969735997274,-0.003012375371638311,60.59234619140625,2.720288237264299,0.22926582771748932,0.275097276468723,0,1,0,0,8.086976500249174,1
0,road_background,30.22140606738016,78.79009826059858,,,0.179837344415749,70.38614479989,0.0164141415096845,580.0,2.1342998941463125,0.4472135954999579,0.8944271909999159,10.0,2,579.7813720703125,0.943748125914367,31.652693677496057,-0.2988189174270326,0.9543098315472477,0.002627989707160287,60.7169189453125,-7.111732167645869,0.5367633898361297,0.5367633898361297,0,0,0,0,2.62839267870741,0
0,road_background,30.30280107347844,79.02910513233893,,,0.0699607054189006,96.98979712860464,0.0117889908947529,637.0,11.107458586644931,-0.764029915846901,0.6451808178262721,83.0,3,715.983154296875,26.018966053314863,46.41260865744302,-0.721803822279922,0.6920977114122648,-0.0028936439488950706,218.81005859375,-2.4310146363313834,0.09049902102260234,0.09049902102260234,0,0,0,0,0.3812236324170037,0
0,road_background,30.270470944113764,78.95599919756893,,,0.0623131592801067,88.6690890570894,0.0118934025819938,705.0,35.15266643948627,-0.4828270508750644,0.875715729528303,185.0,3,723.427490234375,28.365692719158137,44.917366120806456,-0.4370455860517948,0.8994393563285094,0.008523182581681738,209.06781005859375,-3.5507504802104677,0.2488730433920534,0.2488730433920534,1,0,0,0,0.7889214557701927,1
0,road_background,30.291180203032788,79.28964283182478,,,0.1802525339125935,125.4817925566442,0.0011991436986788,861.0,27.532631659292463,0.3900571500226131,0.9207906492337096,144.0,4,888.6624145507812,31.209839139227036,41.86288481306834,0.12377113002357225,0.9923107917243912,0.0025385985753711244,182.4681396484375,-1.2189250347042844,0.13480323339264974,0.13480323339264974,1,0,0,0,0.1797704634939485,0
0,road_background,30.226277485608257,78.67893576817953,,,0.2541293853484347,57.80101719016078,0.0122975212337801,550.0,12.1575571498283,0.9902565788380346,-0.1392548313990985,64.0,1,540.0971069335938,5.931999798504962,23.336447545930863,0.9914433019621276,0.13053803658104213,0.0008942108455872923,85.72946166992188,-1.6883264967232208,0.2959614713307778,0.2959614713307778,0,1,0,0,7.976795003486793,1
0,road_background,30.32012275861649,79.30580954562234,,,0.3907886749539216,129.57352388096996,0.0050883209009502,974.0,18.70062037966023,-0.5317681325356475,-0.8468899888530682,86.0,4,962.8543090820312,24.918266732186282,44.6125226184622,-0.5817179848796903,-0.8133905495317194,-0.001586580397974346,176.19635009765625,-6.791654224238073,0.5862373960728556,0.5862373960728556,1,0,0,0,2.2078554053811974,0
0,road_background,30.13633972889304,78.33476426814293,,,0.346322006270897,5.4632398097991,0.0059623583148612,498.0,38.739426026176815,0.2160505259357553,-0.9763821845173556,235.0,0,447.98272705078125,34.3685591203822,43.69894722023059,0.3032986332899757,-0.9528955551603926,0.009353266543793046,241.9378662109375,-12.275045852030587,0.24532315860490972,0.24532315860490972,0,0,1,0,0.1039601172794296,0
0,road_background,30.54242793734548,79.5293144179154,,,0.0725186404790532,167.65019510663453,0.0041959863502021,1760.0,38.5746628389258,-0.9821551918921464,0.1880722707878578,235.0,5,1802.4609375,49.57581371355129,54.85528341268856,-0.9939370836824672,-0.10995032369571267,-0.009027608474921378,287.810791015625,13.370660955255744,0.6078940497569733,0.6078940497569733,1,0,0,0,1.011291077707563,1
0,road_background,30.53024836064871,79.51709461413547,,,0.0864063917981509,165.6373512040344,0.011662595102362,1493.0,30.61686673028451,-0.3830150227004329,0.9237421135716324,164.0,5,1523.21875,28.240360909022584,48.34974835871813,0.17899296485658447,0.9838503537285788,0.005690323255760709,225.5924072265625,-14.253855807722175,0.34180963256097413,0.34180963256097413,1,0,0,0,1.7468759786043564,1
0,road_background,30.25840613982444,78.93386464583931,,,0.0895902299281293,86.16134974197358,0.0150861461267479,713.0,19.82702865340817,-0.9429903335828896,-0.3328201177351374,102.0,2,693.6299438476562,17.427285475388963,41.886661498727086,-0.41059536295179144,-0.9118176615543738,0.01872182594211664,151.3343505859375,-31.509519466683855,0.0393723263877245,0.4495701681174264,1,0,0,0,0.045176160450176375,1
0,road_background,30.300425276157863,79.0504191858786,,,0.4263173072197802,99.44630298052928,0.0060308650878865,740.0,24.62801212419778,0.9670745372626464,0.2544932992796437,133.0,3,711.5883178710938,21.611031366354243,38.922614462205495,0.9665079861406325,0.25663653817486515,0.008167114868713677,158.21563720703125,-11.443777037060954,0.11701334170007772,0.20119679897994153,1,0,0,0,1.483691476906887,0
0,road_background,30.262107864593972,79.2174697769668,,,0.1008047294234649,117.36651919473115,0.0102299716025221,766.0,14.621143938770764,-0.8944271909999159,0.447213595499958,70.0,4,787.857666015625,26.009959862378185,39.58638108110072,-0.7295446863803913,-0.6839331477375085,0.00307100504164401,120.737548828125,-4.217791596720076,0.0658504197100533,0.0658504197100533,1,0,0,0,2.5734448240459127,0
0,road_background,30.217909998510184,78.80254211021436,,,0.0130071252553109,71.62950821634387,0.0011441585893882,559.0,18.78558400320078,0.0293990516018927,0.9995677544643532,102.0,2,569.0189208984375,19.708723545756815,32.69440268625935,-0.09998863203590463,0.9949885795644031,0.0016589387246241673,115.95318603515625,-6.372408780184628,0.14690385055007762,0.14690385055007762,0,0,0,0,2.643090862393799,0
0,road_background,30.40663886415642,79.34388928853862,,,0.0955906291328308,140.60138752058282,0.0111972528269526,994.0,9.60609133832204,-0.8468899888530683,0.5317681325356475,82.0,4,1007.156982421875,32.92278119903687,39.340224641489705,-0.3335009546502522,0.9427497617328633,-0.003039598965370444,132.54656982421875,-13.285215267465105,0.08252670453611748,0.08252670453611748,1,0,0,0,1.4628182005142019,1
0,road_background,30.07437412885479,78.44724759939433,,,0.0582835557808207,22.480349227370635,0.0061510814678764,447.0,21.33126583595921,-0.6401843996644797,-0.768221279597376,92.0,0,454.566650390625,21.641927225419558,35.366314625969764,-0.8403845071502238,-0.5419906642571212,-0.001622908545735548,141.09564208984375,4.429219395661164,0.13680857913533392,0.13680857913533392,0,0,0,0,0.3828565723841308,1
0,road_background,30.281032748398967,78.97165268377641,,,0.0202264615524997,90.57455455567109,0.0086551061300325,657.0,23.49041606864159,-0.8436614877321075,0.5368754921931593,110.0,3,728.6210327148438,10.824910308999865,49.02245158927449,-0.9132596819926095,0.4073778998015942,-0.007765697274723571,147.62542724609375,35.761187592813826,0.14863441125952892,0.14863441125952892,0,0,0,0,1.4992730195642086,1
0,road_background,30.213801888302584,78.75398791518944,,,0.0532865692346356,66.7248020032597,0.0044912379132116,555.0,13.949652246979396,-0.6441357457827797,0.7649111981170509,58.0,2,568.3822631835938,16.25974986271732,27.048537466044355,-0.553851706421277,0.8326153297257021,0.002529973461367981,75.667724609375,2.170427306624447,0.17722700784045992,0.17722700784045992,0,0,0,0,4.632600162887133,0
0,road_background,30.284813540807708,79.14021684517844,,,0.0325448059130347,108.5339868358414,0.0074354485913956,746.0,22.33080470405184,-0.6167457907690549,0.7871623908499777,119.0,3,766.7598876953125,37.42225286792069,48.2324878849733,-0.3455046949881204,0.9384170212337188,0.014419961826263594,207.46844482421875,-18.833572261589666,0.10610427144143797,0.10610427144143797,1,0,0,0,1.8695073419607662,0
0,road_background,30.288607904502765,79.14946363956425,,,0.2569060148676613,109.49176460642023,0.0132126964001095,760.0,17.57399924184107,-0.6525231353598774,0.7577688023534059,88.0,3,782.300048828125,22.07265874126766,37.65907058495461,-0.20914995115030163,0.9778835809715932,0.00200329070706502,110.98175048828125,-5.291237571022748,0.05496890435668176,0.533959660929862,0,0,0,0,1.1680020133436777,0
0,road_background,30.432231912051183,79.43227550518853,,,0.1918498299602892,150.50172381005905,0.006549778735432,1321.0,10.102364425509052,-0.954146487587723,-0.2993400745373248,63.0,5,1335.94189453125,20.445927562652326,39.896826405204266,-0.45689158455967976,0.889522388677511,0.011746058653397394,144.01513671875,-32.16200041967977,0.7071810422662128,0.7071810422662128,0,0,1,0,4.523024221724157,1
0,road_background,30.296064056579944,79.0680919080577,,,0.1865938321632002,101.10933388923355,0.0143850183428093,728.0,29.65951961333653,0.7551093736547424,0.6555988360413268,139.0,3,710.4224853515625,28.026246792958283,48.91362130393168,0.917992899009033,0.39659681966575483,0.012997417174553098,193.95379638671875,-21.76357603467204,0.1412809156512731,0.1412809156512731,1,0,0,0,1.8093979753286489,0
0,road_background,30.54360992879225,79.53008463121351,,,0.1150105300686217,167.7943089440135,0.0108925137142819,1768.0,33.79878797782997,-0.9012898160452156,0.4332166519112363,196.0,5,1804.062744140625,31.82362543815941,54.85560215434359,-0.8011889843781491,0.5984114064012399,-0.011034114576950632,350.1641845703125,-0.6657412190081686,0.5522880775829782,0.5522880775829782,1,0,0,0,0.9336850744230156,1
0,road_background,30.05941330307128,78.48488303271958,,,0.8134364445604987,26.426303575056338,0.0125043566789226,570.0,23.66685212949016,0.897448694974292,-0.4411188500721095,118.0,0,489.5174865722656,40.36496439516863,49.14641609781214,0.8981044823923655,-0.4397821491451663,0.0058383241884537055,190.07119750976562,3.5511257707580057,0.2173624820066606,0.2173624820066606,0,1,0,0,0.8150901228503535,1
0,road_background,30.426298768566877,79.42845030903976,,,0.1670298191401904,149.84060120458503,0.0091572199730673,1301.0,18.284619593338824,-0.9987270546534338,-0.0504407603360319,99.0,5,1297.7760009765625,10.836973414464534,40.06048515632177,-0.9697005006185803,-0.24429682580843068,0.004474837819712863,126.6619873046875,-13.072350368026946,0.4570672785145117,0.4570672785145117,0,0,1,0,3.794694665698988,1
0,road_background,30.067535591661738,78.48992123725623,,,0.1030956862230916,26.78362357423073,0.0014965697565772,523.0,26.74385292620126,0.8401021789731232,-0.5424281785495757,127.0,0,450.8033142089844,36.48445931296505,46.35572604125682,0.7664660959317229,-0.6422847684533574,-0.018599134564825304,156.1053466796875,1.3109917758910115,0.09085270499131894,0.09085270499131894,0,0,0,1,0.20231079134883181,1
0,road_background,30.298533653879197,79.06548849075297,,,0.0341774315889886,100.8370557269341,0.0161976518650211,727.0,13.640311227766055,0.3571374662665915,0.9340518348510852,74.0,3,730.2833862304688,21.661897757132348,42.543341848180226,0.6714326073269457,0.7410656204535059,0.0007173127940398995,172.903076171875,-4.219372457709142,0.25009583731121493,0.25009583731121493,1,0,0,0,1.4598176268022711,0
0,road_background,30.41853071996729,79.42677213754816,,,0.0110284434221323,148.7672348429498,0.0246613940716979,1200.0,8.00742489848306,-0.8056510126494246,-0.5923904504775179,90.0,5,1219.1722412109375,27.94101687985191,47.4028910627359,-0.2052953477365479,0.978700066515646,-0.008680446987817557,108.0693359375,-18.076008442019656,0.06580714029332277,0.8004770105996324,0,0,1,0,3.0813354169083333,1
0,road_background,30.22373331828411,78.81622014325545,,,0.2526662389176772,73.07507294111821,0.007982916993754,570.0,4.942308860661038,-0.4625660066950198,0.8865848461654546,23.0,2,574.0048828125,1.2905664281147835,11.911576241589612,-0.9016391143507536,-0.43248919925564455,-0.0032165690346540386,39.19830322265625,2.6375500387396187,0.4604714435014021,0.4604714435014021,0,0,0,0,1.753026273561036,0
0,road_background,30.27995902724357,79.2453445321321,,,0.1837425780086304,120.9244793443644,0.0135619524493228,828.0,21.50287365821969,-0.6768732144311416,0.7360996206938664,90.0,4,845.4227294921875,35.95013254916961,36.33147623970905,-0.5781229300253793,0.8159496784599345,0.002690843585305638,199.94866943359375,-8.79759430688273,0.25806003461287064,0.25806003461287064,1,0,0,0,0.7017788501116643,0
0,road_background,30.22271466177349,78.78612472170802,,,0.2624063679300977,69.9857638159831,0.0135490327719892,568.0,8.695115834425174,-0.2833461410174024,0.9590177080589004,44.0,2,579.3521728515625,9.929793508973972,25.148627801304496,0.36565088150211245,0.9307520791578863,-0.0008518274846364477,73.17840576171875,-4.2332476150891125,0.5900393542739376,0.5900393542739376,0,0,0,0,2.6076297840158467,0
0,road_background,30.28798356550203,79.1478320155304,,,0.2222030782282085,109.32380605812938,0.0090922799047822,766.0,12.447367968596591,-0.6191545344372866,0.7852691656277782,52.0,3,773.3806762695312,19.164407701197806,43.554139016397265,-0.3426847443473327,0.9394504595728309,0.005386412806640366,142.8583984375,-9.943742231889246,0.13454217939501942,0.4720366700238819,0,0,0,0,1.3201256474347316,0
0,road_background,30.26846525957473,79.1697712995446,,,0.2321476431332904,112.72997904982552,0.0099916558260338,816.0,31.063317962502826,0.8853979028379435,0.4648338989899204,160.0,3,815.1019287109375,29.83142289229066,39.53196753107731,0.8129725158824074,0.5823020594329277,0.0052435568857774695,209.14739990234375,-2.929008546939599,0.14497236903846505,0.14497236903846505,1,0,0,0,2.1347227644533557,0
0,road_background,30.37207295693833,79.31187932504702,,,0.6512360781199907,135.4179128224704,0.0088249875273601,977.0,28.78589227175479,-0.8493588352433417,0.527815847615505,140.0,4,1015.1297607421875,38.74808132435958,40.360275524461954,-0.921321359982607,0.38880194397636386,0.0013342099739422888,189.70050048828125,-2.867074509297481,0.34753159727915084,0.34753159727915084,1,0,0,0,0.1275297473871414,1
0,road_background,30.20617878615296,78.66011766354744,,,0.4068705768025216,54.932498389143845,0.0054320603476514,610.0,42.82689551293474,-0.0215777087943379,-0.9997671741376524,278.0,1,576.0511474609375,34.32052561649508,49.976425479502275,-0.17957135336874583,-0.9837449512192258,0.0027532090576316472,238.31005859375,-4.506271992833149,0.16167351130298022,0.16167351130298022,0,1,0,0,10.809547739312753,1
0,road_background,30.286011015771177,78.97993432515806,,,0.1265852732321185,91.5299835766068,0.0071488831014828,659.0,17.44184496641815,-0.297066552636244,0.9548567763307844,90.0,3,679.8317260742188,11.95859001434494,37.677021110428484,0.25109900673961544,0.9679614087423003,-0.0033455944891745927,119.44927978515625,7.580326301007176,0.1976295418796463,0.1976295418796463,1,0,0,0,0.5426556614367836,0
0,road_background,30.27606220935135,78.96876110409733,,,0.2963115791382034,90.02385971240133,0.0208222649983985,673.0,29.54940859650112,-0.623259893960126,0.7820147726103469,152.0,3,708.5770874023438,17.003998231850723,44.721503966469434,-0.6957020983347867,0.7183304186602255,0.0013109636403102185,224.0311279296875,-9.90007939614543,0.17989051319883229,0.17989051319883229,1,0,0,0,2.0823364183338295,1
0,road_background,30.13800398730144,78.33994190892838,,,0.3080822719447145,5.992965175888094,0.0064210495522119,428.0,21.708519573384702,-0.2009441437213313,-0.97960270064149,117.0,0,417.6134033203125,19.830441057612934,37.591322447173674,-0.968268372935527,-0.24991270070324004,0.020203396501676452,138.02239990234375,-19.938313633942414,0.015434227400239092,0.36142536281816134,0,0,1,0,0.633237430972864,0
0,road_background,30.0727406288297,78.51718368603015,,,0.0636093682592337,29.87138205526883,0.0055001004001229,877.0,22.03359282835961,0.9966023277692464,-0.0823638287412599,133.0,0,810.4805297851562,50.025001119071824,52.4961869821315,0.9773099529492417,-0.2118142012858225,0.010721087538452054,235.97528076171875,7.429374757877099,0.5433131315146582,0.5433131315146582,0,0,1,0,1.5789439640247522,1
0,road_background,30.13806932445979,78.33866337663146,,,0.3654864697315848,5.883916491245832,0.0096278749853979,436.0,27.159685205111245,0.7601731008336426,-0.6497205990031134,117.0,0,416.57574462890625,13.303773388745233,41.72173682687396,0.37395787517295415,-0.9274456898364072,0.010295005896604413,121.045166015625,-18.311088120641784,0.11581606600709078,0.36465786259226335,0,0,1,0,0.5251238101658131,0
0,road_background,30.529112529748836,79.51636170611332,,,0.055575266406293,165.6130974631579,0.011945585646834,1603.0,30.747409653744604,-0.3810316156877271,0.9245620086540438,165.0,5,1611.540771484375,30.23557125844213,52.1182428539891,0.3496012417264685,0.9368985920489534,-0.0034740889710640713,234.357177734375,6.3751392206870605,0.42027791396765957,0.42027791396765957,1,0,0,0,1.627615327817886,1
0,road_background,30.53150958960059,79.51731986078251,,,0.2250458137655081,165.61093702577256,0.0047709446881315,1434.0,31.646159939747594,-0.4056365863576551,0.9140344412592496,169.0,5,1463.3275146484375,37.38918713935736,44.50934072625373,-0.5836905341527637,0.8119762067576003,0.010182320070242792,286.6268310546875,-2.797298715134275,0.23071722784890059,0.23071722784890059,1,0,0,0,1.8346612673429374,1
0,road_background,30.221985608918743,78.77442341470415,,,0.0051834004536201,68.88665523017302,0.0044587981551823,548.0,3.282251042774655,-0.813733471206735,0.5812381937190964,14.0,2,556.076904296875,14.207294821032788,29.099774692264653,-0.7400914513193192,0.6725062406283407,0.002644002384194823,57.34423828125,-4.610364677492271,0.4323667447837947,0.4323667447837947,0,0,0,0,3.0071800347534623,0
0,road_background,30.287918757335024,79.27185229397794,,,0.2198100653534659,123.73264402795223,0.0107845581572804,817.0,22.38904532449576,-0.0970999642854259,0.995274633925616,123.0,4,867.1865844726562,41.85570644952668,42.61078957714261,-0.3154823647806483,0.9489314398376787,-0.005140062361298877,217.03228759765625,1.1213333508200094,0.18106484014313726,0.18106484014313726,0,0,0,0,0.2812094452293705,0
0,road_background,30.21475322599341,78.76395514242074,,,0.3352862926439692,67.64748918324187,0.0111972528274675,522.0,9.492004086985093,-0.996815278536125,0.07974522228289,54.0,2,549.885986328125,31.3131197476796,34.144455578362994,-0.931145834076531,0.36464700147117823,0.001563490488414896,80.13531494140625,-6.368435441955057,0.2277301089921339,0.2277301089921339,0,0,0,0,4.143321889182661,0
0,road_background,30.268764068281893,78.93787182815619,,,0.6981621117668281,87.07779398479417,0.0014474163619951,696.0,32.88419509496523,-0.2010710007119142,0.9795766701349669,190.0,3,718.64111328125,33.216417305975476,45.682219999154874,-0.3383212162177745,0.9410306874150948,0.007076050679155097,269.63116455078125,-10.016102183948874,0.24753024469078855,0.24753024469078855,1,0,0,0,0.8934190019502434,1
0,road_background,30.11899059010753,78.42331550405217,,,0.6073049893928447,16.522236847440933,0.0048470468855434,410.0,29.476160900936296,-0.9907582549742764,0.1356395230024306,168.0,0,499.8243103027344,40.958911142529395,52.770123832353036,-0.9987004879375853,-0.05096405981894627,-0.00718264581424023,261.25927734375,25.804618898502042,0.1633902466950607,0.1633902466950607,0,0,0,0,2.191599246418465,1
0,road_background,30.22064061753789,78.81124960668717,,,0.2348817956837701,72.48738593525574,0.0206335461052203,556.0,6.67592292471606,-0.9397934234884372,0.3417430630867044,33.0,2,567.0169677734375,12.676577874953209,27.775960727336244,-0.9373952429900851,0.34826736628567306,-0.00315294746780113,58.98712158203125,2.5980027884490937,0.30747596119680853,0.30747596119680853,0,0,0,0,2.2434014868716132,0
0,road_background,30.219558427822545,78.79735684807683,,,0.0882751325361732,71.10806477270204,0.0080403340783206,571.0,23.046887822390868,0.3995854205139282,0.9166959647084236,117.0,2,566.2747802734375,14.688021312172847,33.67353739634723,0.5653973368790962,0.8248186779226243,0.006633680093625942,131.4041748046875,-12.370956042581383,0.2001033853980404,0.2001033853980404,0,0,0,0,2.5976196267922327,0
0,road_background,30.35543282947423,79.31889031282937,,,0.2193261697968269,133.69151884477364,0.020822264997696,919.0,23.75010057347409,-0.7954317200324986,-0.6060432152628562,115.0,4,945.148193359375,28.053440999189274,42.846266322367356,-0.9157458869845168,-0.40175797499357824,0.003519749402284432,189.60101318359375,-9.67504025293772,0.09528523663474887,0.09528523663474887,0,0,0,0,0.1635797275327053,1
0,road_background,30.40667689014452,79.34609641097227,,,0.0808072961011053,140.8132879604206,0.0032237365020143,988.0,10.020621662780208,-0.5848015753760223,0.8111763787473859,67.0,4,1020.2293701171875,10.640689654782062,42.70506464542396,-0.6251265691553374,0.780523396533427,-0.0009786537473804604,127.29327392578125,-1.3307550603693699,0.04078111627958622,0.12309440518110132,1,0,0,0,1.25694223021197,1
0,road_background,30.32686997437022,79.30757764081184,,,0.4216457044980166,130.33812011808246,0.0118411443185939,895.0,38.93731501748711,-0.3506712861852658,0.9364986113418275,229.0,4,963.9107055664062,44.2825267439649,49.85028838299456,-0.38217701602867515,0.9240891344558801,0.0014214679795849722,258.8802490234375,7.825566063242491,0.15534751840698044,0.15534751840698044,0,0,0,0,1.657449186972026,0
0,road_background,30.53088795717061,79.51543004468381,,,0.099239268230383,165.4627347344341,0.0114913123177031,1394.0,34.89590770137678,-0.5017896077913236,0.8649897048593294,181.0,5,1500.2279052734375,36.821505201506895,52.11837224325537,-0.2569266994050619,0.9664308930972876,-0.014854642060896338,300.6807861328125,34.565373192148854,0.2046746219695312,0.2046746219695312,1,0,0,0,1.6433785371539904,1
0,road_background,30.30339317793716,79.03007960107469,,,0.0890452989433922,97.10255450592108,0.0206335461042867,655.0,18.00305425330175,0.1743704389330314,0.9846801257394716,96.0,3,703.7015991210938,29.48725442305966,46.4127143054303,-0.29068611474839623,0.9568184690381359,0.004168711561195883,211.6566162109375,-9.690876606082156,0.10081386777898522,0.10081386777898522,0,0,0,0,0.4896996947134169,0
0,road_background,30.42010523806516,79.42505022275091,,,0.2085914261371773,148.66961258678046,0.002714881393675,1286.0,16.97768972135746,-0.1856067747580752,-0.9826241016603984,104.0,5,1277.4476318359375,33.822655715814385,47.40290234261858,-0.2672558921958216,-0.963625595387864,-0.019347691364996724,135.523681640625,28.29674082354086,0.10422735754922896,0.5602934243740528,0,0,1,0,3.088472035747715,1
0,road_background,30.25824286516749,78.8803068230272,,,0.6036182917785817,80.09956330637564,0.0097993611460794,663.0,17.182156042983838,-0.1940425922323045,0.9809931051744286,91.0,2,666.5889892578125,16.72751625551647,39.73394390425842,0.18175015844720965,0.9833447411281632,0.0028753351078459623,102.16119384765625,5.556490811434628,0.24590698475486988,0.24590698475486988,1,0,0,0,0.360410333474621,1
0,road_background,30.232924271154264,78.70776467620053,,,0.3907904764798664,61.46184557889264,0.0173888601494776,531.0,7.924879673416747,0.2873478855663452,-0.9578262852211514,54.0,1,536.3956909179688,13.750998142589538,23.650886405792956,-0.9416717376977498,-0.3365328192335782,-0.004342255530749303,61.521636962890625,2.8318721046132396,0.04374360691873704,0.04374360691873704,0,0,0,0,5.492692892303024,1
0,road_background,30.53264307612898,79.51881688578624,,,0.2575252365315499,166.19547938326977,0.0110286827912355,1371.0,26.382729947956182,-0.5913636636275174,0.8064049958557056,145.0,5,1403.9036865234375,25.217814669185152,37.929045719956314,-0.5291856875490432,0.8485060448183304,0.010218065629786941,200.1776123046875,-20.66580477627849,0.271768348945729,0.271768348945729,1,0,0,0,2.0221225756436896,1
0,road_background,30.207799072654133,78.65504501129776,,,0.1131391676572702,54.50347230427721,0.0098239429823639,608.0,28.316478746423847,-0.4021165633134569,-0.9155884826214092,148.0,1,589.884033203125,30.767011688722675,44.90944676170349,-0.7077824756837582,-0.7064304403937943,-0.0022749602087264263,246.60653686523438,-5.976065391351312,0.2636035150128865,0.2636035150128865,0,1,0,0,11.056281826521722,1
0,road_background,30.490516521092086,79.4809605950428,,,0.3084996767687131,159.56212044847098,0.0089960608532037,1458.0,27.499949547045883,-0.9092668283152197,0.41621368901753,144.0,5,1471.1331787109375,36.08835621832736,55.29633434909784,-0.9902138862411072,-0.13955808645608347,-0.0022825976554358544,223.876220703125,25.42970767691122,0.19037482920871898,0.5414981571403398,0,0,1,0,2.4450659127097345,1
0,road_background,30.29807747694523,79.09141177197748,,,0.0631773149414239,103.36085677109564,0.004155118983669,697.0,11.756201281498956,-0.8488969089540915,0.5285584527450004,54.0,3,713.5799560546875,14.904439670158554,26.98800216655604,-0.6515037161173773,0.7586454428026624,-0.0015701599151119973,76.9591064453125,9.252272929041851,0.07454192972090377,0.16257051070718487,0,0,0,0,0.23973391793370263,0
0,road_background,30.405698798751096,79.34962817520588,,,0.0572689082573963,141.1421019069795,0.0077079020171494,1075.0,24.983813024030145,0.5007542542927244,0.8655894967059949,121.0,5,1026.19580078125,45.70429529180605,48.608078104852325,0.8338046926214224,0.5520595389652235,0.013526731368973893,147.2447509765625,-14.128151129099933,0.1418232358529685,0.1418232358529685,1,0,0,0,0.9740685074878456,1
0,road_background,30.29734039180732,79.0559942764078,,,0.4919086608936265,100.07862214757984,0.0127091262730254,687.0,15.903161058912408,0.1052937699519424,0.9944411606572344,85.0,3,708.8358764648438,35.65405557718677,43.27784347094186,-0.03963778959063901,0.9992141140097893,0.002840421961558713,193.266845703125,-19.891660075542404,0.13031416175631721,0.13031416175631721,1,0,0,0,1.551793787976532,0
0,road_background,30.208417237612903,78.65398275239917,,,0.0217418506456602,54.421215970831206,0.0116638893928115,624.0,27.08288511288202,-0.4367532599820624,-0.8995813414555912,150.0,1,574.8112182617188,33.58538703286409,44.909503345993905,-0.4482917793398408,-0.8938872862818441,0.011582356185581991,254.19500732421875,-24.119594605500993,0.27932458141899,0.27932458141899,0,1,0,0,11.09056090763403,1
0,road_background,30.250405808321027,78.91702667572042,,,0.0917204994553653,84.06590711954532,0.0118784880849421,696.0,29.894220817704063,-0.6435999358750717,0.7653620859054907,132.0,2,749.113037109375,45.58080550592222,47.93769536610638,-0.6685709594841134,0.7436483524721157,-0.0002842432066918446,242.649658203125,-22.455580025665085,0.10827319763332188,0.5908066136333335,1,0,0,0,1.6263666176625349,1
0,road_background,30.256282598964148,78.88532568825748,,,0.5688302907952004,80.60232139560935,0.0124212440284717,639.0,25.208987620154367,0.6443537672643938,0.7647275479621376,108.0,2,633.535888671875,41.91920616688646,46.92421007092305,0.7706640153426201,0.6372416931243512,-0.0015406217400887423,116.76776123046875,-2.975913307883502,0.097825295039636,0.097825295039636,1,0,0,0,0.8586339392210902,1
0,road_background,30.076221250130697,78.51838607838452,,,0.0915930381488584,30.24208401202914,0.0098130124796418,827.0,31.13489511040477,-0.3310877130290808,-0.9435999821328808,180.0,0,786.2926025390625,32.38560219372382,51.71669228919709,0.7637086394891748,-0.6455610846152312,0.001123126461812865,289.0528564453125,-9.013471619156803,0.5989118420600084,0.5989118420600084,0,0,1,0,1.9707762912330151,1
0,road_background,30.47836185904235,79.46347484690031,,,0.323083878603705,157.50337740274847,0.0097316569933706,1422.0,20.985072824977347,0.0347615872485733,0.9993956333964842,115.0,5,1458.020751953125,26.17532594518606,32.30256570542095,-0.20312180114928854,0.9791534782136398,-0.0008787049058741211,153.49169921875,4.544250992704065,0.4509820607055123,0.5079668411296184,0,0,1,0,2.9101350906719947,1
0,road_background,30.083976903415305,78.57533186403198,,,0.0990268725077108,36.80781676312024,0.0055001003993066,934.0,28.887042994254813,0.9606067177935148,0.2779113774748533,159.0,1,909.137939453125,24.58048520405141,37.529161914942314,0.9738407145555302,0.2272317378228101,0.006291262478505691,225.07525634765625,-13.974260818859761,1.1270707477690673,1.1270707477690673,0,1,0,0,4.139961108404128,1
0,road_background,30.41186543402573,79.39669053538631,,,0.1963952537941487,145.77697645597013,0.0219028364351974,1058.0,23.67781472634452,0.3116631867664812,0.9501926425807355,186.0,5,1081.7294921875,43.67334279122984,66.14921329571766,0.1051954204203141,0.9944515692192322,0.017323899896120782,310.1358642578125,-65.15188876065349,0.046778475514720974,0.046778475514720974,0,0,1,0,0.6681388699540609,1
0,road_background,30.289144686147598,79.26443946939523,,,0.0448392906600644,123.05655187753833,0.0132115395629359,846.0,25.32975410819944,-0.0,1.0,142.0,4,859.1842651367188,42.90773193602528,45.38420728882395,-0.07937082736069818,0.9968451593723462,0.007359149692859809,220.339599609375,-4.683842934852805,0.21095987599225577,0.21095987599225577,0,0,0,0,0.12054002548332862,0
0,road_background,30.25069371295019,78.9293391390927,,,0.8700570579022585,85.6705947078042,0.0110098464808525,765.0,36.2792214259171,-0.5131594741465585,0.8582932797672528,189.0,2,790.276611328125,41.08759365734533,51.625825143770896,-0.6864419624082025,0.7271845929646583,-0.008023667586288558,314.3948974609375,27.652327104048254,0.19129171454246643,0.19129171454246643,1,0,0,0,1.0004141029500226,1
0,road_background,30.267166666305805,79.17792912274736,,,0.219388101280063,113.52786484444172,0.0085416658145427,766.0,33.41708254489915,-0.1717675649627779,0.9851375049335792,198.0,3,802.0418701171875,44.73033218158988,48.667259760663626,-0.005770336891014824,0.9999833514674953,-0.0012297739256658731,230.2099609375,-16.989836889850153,0.07534049533548767,0.07534049533548767,0,0,0,0,2.052335968751354,0
0,road_background,30.28767325806677,79.15298786058096,,,0.0849755843700831,109.80178842492502,0.0086551061305306,797.0,6.460383639175281,-0.6770565308208832,-0.7359310117618297,25.0,3,797.7030639648438,9.663508083024281,29.948991246923004,-0.8157692111501862,-0.5783775532810752,-0.00015606981710468033,38.7459716796875,-2.32928315470042,0.10463658047157508,0.7512313146668542,0,0,0,0,1.08866775106841,0
0,road_background,30.28762631225373,79.2574002471396,,,0.0046115582573448,122.35988583379502,0.0084875974043611,802.0,13.41772240629811,-0.1257542647526325,0.9920614219374346,71.0,4,855.988037109375,24.58391974246942,33.40329514594365,-0.6615850795366099,0.7498701104421602,-0.009899208062246062,131.43389892578125,12.325576656120916,0.025018650151922714,0.3479016154177744,0,0,0,0,0.10531876173248028,0
0,road_background,30.327669679394003,79.31013163970059,,,0.2075637096014066,130.48772538854297,0.0073163131143667,926.0,32.092955104406286,-0.6909812440797646,0.7228726861142152,154.0,4,984.4052734375,40.727297774678455,42.22223176479628,-0.8283909077510601,0.5601504297555923,-0.008020050698557756,226.91912841796875,5.48724365234375,0.28649381956879644,0.28649381956879644,1,0,0,0,1.3989552125324212,0
0,road_background,30.300708547761936,79.30167572855437,,,0.2641704468520586,127.40598154320088,0.0116412768224604,929.0,23.268329538690548,-0.534867650393148,-0.8449358535196109,149.0,4,907.7171630859375,26.54913420954546,41.52927737514741,-0.22613236684656393,-0.9740965828214218,0.016023788952511935,188.06878662109375,-23.28418826268728,0.4895718617700265,0.5677257181219442,1,0,0,0,0.6348489534964461,0
0,road_background,30.286203537859866,79.14526491196247,,,0.0813429606723904,109.0411165625156,0.0025161456919413,760.0,24.45263401255541,-0.4618142853736495,0.886976643336692,129.0,3,783.4086303710938,32.443628723955364,48.225548368017094,-0.6533951626880968,0.7570170152485316,0.01471510993939545,217.8671875,-29.40779908235413,0.2915515321483466,0.2915515321483466,0,0,0,0,1.6291748101298764,0
0,road_background,30.22786130637736,78.72884719591434,,,0.0475177015056279,63.65351250881567,0.0298822859074099,580.0,15.576722526976694,-0.7533169432110207,-0.6576576488350179,85.0,2,586.6038208007812,23.441175875463824,31.477232629892136,-0.8719857864815257,-0.48953119223824254,0.00018140156717013798,129.23141479492188,1.6601090864701291,0.2086389255115127,0.2086389255115127,0,0,0,0,4.79712406044204,1
0,road_background,30.41153495951127,79.41332196026379,,,0.3052008651671801,147.28845002762537,0.0320324670334359,1168.0,14.15548761586253,0.4890057643367664,0.8722805526007186,76.0,5,1166.95947265625,12.630627484583663,34.529965606127845,0.06863819443672496,0.9976416181497574,0.013142480027326339,145.3126220703125,-19.881005657605783,0.38285505275864556,0.38285505275864556,0,0,1,0,1.615550550481853,1
0,road_background,30.42710653449035,79.4277618275294,,,0.2345165892137089,149.92898618456013,0.0122975212329703,1295.0,28.05854121445489,-0.994332787656389,-0.1063123106299284,159.0,5,1299.41064453125,8.26498729491033,52.03207909066289,-0.9174753632059562,-0.3977926066559039,-0.0008291068568312656,148.943359375,2.462545599819123,0.3549429986079498,0.3549429986079498,0,0,1,0,3.8120884907762163,1
0,road_background,30.26050105305861,78.93182411234947,,,0.1820937026199587,86.02577809983164,0.0166538702190288,679.0,30.421719617731657,-0.9536684188428988,0.3008596797540097,168.0,2,706.49658203125,27.488954416728415,43.465809554029725,-0.9919807774043408,0.12638883360597825,-0.009335211066443066,178.987060546875,30.017912052879637,0.11634113185669641,0.15162468586692104,1,0,0,0,0.02874437257075372,1
0,road_background,30.267775882766625,79.18102726074079,,,0.095002389843855,113.80703352435734,0.0029349747877448,775.0,30.47001939102528,-0.4985775677370785,0.866845089361057,154.0,3,819.6539916992188,31.302854467713917,48.958442187917704,-0.4187709692167302,0.908091887058397,-0.0027690503232997063,199.2294921875,1.9041329375968417,0.11595617364923244,0.11595617364923244,1,0,0,0,1.8911470893084208,0
0,road_background,30.238166924847604,78.72204883097108,,,0.7138481977593634,62.521056796985015,0.0071488831016703,582.0,19.31028740874557,-0.4280863447390445,-0.9037378388935388,95.0,1,578.419189453125,19.093232113614764,31.51504179456618,-0.49242183830046404,-0.87035667008692,0.0028381758523971052,121.89593505859375,-13.019277525342204,0.563926162502636,0.563926162502636,0,1,0,0,4.191709949387573,1
0,road_background,30.411391776391145,79.36523368933814,,,0.4798732136891304,142.65715424524524,0.0066562631362348,1029.0,17.500735174402635,-0.9725788916544148,0.2325732132217079,120.0,5,1062.9923095703125,35.53805207203617,50.967779577307724,-0.9933470132978266,-0.11515950317836389,-0.00980669574848779,137.84765625,16.33613977353434,0.11138520435450253,0.11138520435450253,1,0,0,0,0.6449126917071247,1
0,road_background,30.28663960022389,79.12914134885901,,,0.2202383133488373,107.43261006716844,0.0140823140805514,765.0,20.865964606031216,0.0787024854200106,0.9968981486534684,114.0,3,776.6821899414062,27.122090185219125,32.03299558658468,-0.14384109297538464,0.9896007982876968,-0.006956601484725931,162.648681640625,5.916922072733769,0.18897111401580854,0.18897111401580854,0,0,0,0,1.7118156572471614,0
0,road_background,30.477211656160023,79.46082602803247,,,0.4617539938829535,157.2545658874032,0.0214791024530383,1463.0,32.096233432656305,-0.4995690841886996,0.8662740502421067,163.0,5,1497.7305908203125,18.830397230870158,51.51485750645912,-0.40858100080311716,0.9127220638193881,0.0012919664325800513,221.941650390625,8.906515326381623,0.39699959964473275,0.39699959964473275,0,0,1,0,2.8799706018061753,1
0,road_background,30.12388015619038,78.58891318229732,,,0.3399811706522748,41.91356181215932,0.0074949730330072,534.0,26.20460176321736,0.4740998230350174,-0.8804710999221753,130.0,1,527.5311889648438,31.424932057554607,43.09141291537867,0.2613585617048628,-0.9652417843336277,-0.008858832717234873,154.53250122070312,15.196495875839332,0.12230886271126765,0.12230886271126765,0,1,0,0,8.502763142610508,1
0,road_background,30.23637341483353,78.711517801423,,,0.0457736310504375,61.75388006424127,0.0272926472642793,607.0,14.738259624023955,0.152057184253941,-0.9883716976506172,84.0,1,557.2767333984375,31.386296013504964,36.40357851098576,0.547520141798197,-0.8367925037458703,0.0016644328268786148,158.8170166015625,-10.242251057270096,0.21793883071501252,0.21793883071501252,0,0,0,0,4.967675156810557,1
0,road_background,30.313752723675247,79.30898859940903,,,0.0886293774137668,128.97364597016298,0.0121763070595229,930.0,20.307500221928045,-0.8106792283998809,0.5854905538443584,94.0,4,981.8201293945312,36.81367159456368,43.683047672525355,-0.2882860633369611,0.9575443309245153,-0.005662138840772328,216.363525390625,-6.093788840553998,0.5623214078772036,0.5623214078772036,1,0,0,0,2.1466320232609872,0
0,road_background,30.236712643738645,78.6943597105007,,,0.1942164786558744,60.11999830515809,0.0110098464812629,610.0,14.37654823502028,0.3511234415883917,-0.9363291775690444,72.0,1,572.9163818359375,23.300318079846956,34.06750948379727,0.39428136117799656,-0.9189897759102797,0.006998075295792916,126.44818115234375,-4.512033005391231,0.2316922608529003,0.2316922608529003,0,1,0,0,6.095497711651013,1
0,road_background,30.54717453221368,79.53320047992399,,,0.1901300246746169,168.28379979676544,0.0061510814685626,1786.0,40.01603357179015,-0.8416940822656764,0.5399546942836414,212.0,5,1837.1240234375,32.649167536627736,43.05911834986082,-0.8922388494405904,0.45156376686901195,0.0031269314240598423,302.4722900390625,-12.667512751807863,0.5344579124487823,0.5344579124487823,1,0,0,0,0.7821480858504981,1
0,road_background,30.329706315193302,79.31250235539967,,,0.0462649885212132,130.7647340946779,0.0010142457106222,932.0,28.041325229742665,-0.6383358695945244,0.7697579603933968,123.0,4,961.7965698242188,41.50834701155152,44.18124322803548,-0.7358362547853132,0.6771595130717162,0.009072077097163147,256.06890869140625,-2.023174695732223,0.2801431253936207,0.2801431253936207,1,0,0,0,1.09175893010506,0
0,road_background,30.138790271268903,78.39771915111515,,,0.1820873955161252,13.023333568469326,0.0086405665337445,421.0,30.82665955230447,0.0167574232043384,-0.9998595845255226,179.0,0,406.2666015625,19.58516904229375,41.86262523237499,0.25516692031885374,-0.9668970176678547,-0.0021960754840241103,162.752685546875,-17.88395299990316,0.1629172630108847,0.18497738999347704,0,1,0,0,0.030312240809225913,0
0,road_background,30.29464064656065,79.07758592135939,,,0.3841371702722876,102.01503388679612,0.0098130124796442,714.0,21.114739211944283,0.1208469231678353,0.9926711545929332,115.0,3,750.7444458007812,29.08653567194511,47.30411304547381,-0.3601511167040448,0.9328939774362516,-0.006691243569869754,190.23968505859375,9.348954129810181,0.13816375698957367,0.13816375698957367,1,0,0,0,1.09239805441405,0
0,road_background,30.40688964657078,79.3596254727495,,,0.0120497898918422,142.11197933809447,0.0026662627593412,1007.0,17.01197993242201,-0.403103685920104,0.9151543139807768,84.0,5,1040.0064697265625,23.852393002990784,48.02617834041156,-0.46103570539704564,0.8873815855363737,0.00020278080839965506,176.1009521484375,-11.024416080191031,0.15956595432850382,0.15956595432850382,0,0,0,0,0.034244797588930904,1
0,road_background,30.28700424910449,79.1458960626063,,,0.1552348989811684,109.11900840713116,0.0191112013092853,770.0,21.06012544319803,-0.3549151741145837,0.9348985074237816,108.0,3,786.7531127929688,20.894358392235272,47.08516944608239,-0.8591574023505117,0.5117114010712687,-0.0016025069590248119,179.50323486328125,-11.173853850561727,0.2564941788715329,0.3284870968484447,0,0,0,0,1.5220151265504753,0
0,road_background,30.34644432936369,79.32020842230703,,,0.2784392674060787,132.69130991680714,0.0046279201716635,939.0,30.22383424426619,-0.984143395189428,0.1773746816911178,172.0,4,958.292236328125,32.13036802734111,49.38515688814103,-0.9538212562934509,0.3003747842991867,0.007011273281290296,182.14288330078125,0.5884999677169844,0.14183994223632124,0.18182981601794443,0,0,0,0,0.06668720261504006,1
0,road_background,30.53337764654952,79.5202024310777,,,0.1959244410822318,166.3389261453537,0.0104348724412072,1392.0,18.175638280882648,-0.659940990636712,0.7513174354941028,89.0,5,1421.6011962890625,24.704527303569844,37.929050245359164,-0.857069789246838,0.5152003264366014,0.0021177334790441972,161.8580322265625,-1.0961883797133396,0.1720074396357288,0.31875321673274915,1,0,0,0,1.9623565171695003,1
0,road_background,30.299822379138885,79.00698365426146,,,0.2337768926417416,94.71652364604384,0.0041959863502779,712.0,19.970865738202853,0.0183455358989896,0.9998317064949376,109.0,3,724.5328369140625,21.116979250558458,49.29002806467223,-0.5456196957892891,0.8380329036301639,-0.007868779624590653,179.564453125,7.372882433174027,0.18855404792126468,0.18855404792126468,1,0,0,0,0.5692239164552976,0
0,road_background,30.352149872877728,79.31979434126296,,,0.2814866300572393,133.32344425996163,0.0060717065088404,930.0,22.772094557162998,-0.9846232660466404,-0.1746912246211781,124.0,4,959.4873046875,27.30395160244009,46.72773280543768,-0.9723837365008954,-0.23338780814035084,-0.005656993981605025,182.97711181640625,-6.301687697733769,0.1821971214538626,0.1821971214538626,1,0,0,0,0.16135395223160667,1
0,road_background,30.29088372220245,78.98804530267432,,,0.2903900580147689,92.46410223648203,0.0059623583145911,642.0,27.716456021115764,-0.7677009739762,0.6408082510049272,192.0,3,739.6951904296875,47.83285745494269,52.146201746879555,-0.8948730532373221,0.44632075751606365,-0.004692262579514559,235.68780517578125,13.551393619253645,0.0779533442894188,0.0779533442894188,0,1,0,0,0.3792899903561208,0
0,road_background,30.22206346583441,78.78787038717763,,,0.2178006822881263,70.16299118021088,0.0044587981546969,576.0,11.165056476160215,0.0844430766861806,0.9964283048969312,59.0,2,579.0328369140625,11.36802335141351,23.37405721864832,0.4767809234921946,0.8790221561450713,0.007155535654892033,90.303955078125,-12.594076361537986,0.6895060140140749,0.6895060140140749,0,0,0,0,2.6260506721388897,0
0,road_background,30.266109314933026,79.20042197688353,,,0.128485788319368,115.66774611497696,0.0328250953782887,784.0,33.196804134445365,0.361708607931368,0.9322912007245118,183.0,4,844.3577270507812,36.46248999265135,57.46179163224667,0.20549986917021493,0.9786571431155165,-0.005740937555937855,326.22808837890625,-19.100545583677672,0.1117550606875448,0.1117550606875448,1,0,0,0,1.9752370795123755,0
0,road_background,30.24652289060716,78.89793350392806,,,0.0243289055267261,82.10703489736335,0.007329125314345,652.0,30.01405291518989,0.9520885800773884,0.3058223923884945,165.0,2,626.3305053710938,27.961094530487923,53.128113541194935,0.9747304859342892,0.22338415295249678,0.0038111625323076605,207.0181884765625,-16.156676741670935,0.1117967117812831,0.1117967117812831,1,0,0,0,1.513211238518581,1
0,road_background,30.544496408271492,79.5305780545958,,,0.1525105158331826,167.89656432357577,0.0098426360143858,1754.0,42.934383238921214,-0.9028605188239304,0.4299335803923477,252.0,5,1821.2403564453125,35.87031635675803,49.89279442893768,-0.969106925720808,0.24664096683228476,-0.007090027389220918,325.5201416015625,6.489573581159675,0.5190866400063523,0.5190866400063523,1,0,0,0,0.8801046769429178,1
0,road_background,30.21338839784797,78.7617432239492,,,0.3899119447521186,67.39236153251558,0.0081324355572723,522.0,12.590817008436192,-0.0149237109734975,0.9998886352243332,72.0,2,528.3484497070312,23.19796383287319,39.0925660591445,0.3326083676379729,0.9430650421774752,0.017822735146072945,82.49407958984375,-25.929384341909895,0.27638479542656297,0.27638479542656297,0,0,0,0,4.359133031604754,0
0,road_background,30.21865206629469,78.8093699649615,,,0.3001983101960003,72.21026988893203,0.0047709446883241,559.0,21.31357434104547,-0.2904816036236987,0.9568805766427724,112.0,2,577.3915405273438,19.445935707425036,39.75385876266481,0.16694807276656556,0.9859656895650728,0.014579608394937785,135.0245361328125,-12.980633191825973,0.18202869271172373,0.18202869271172373,0,0,0,0,2.4809010428280187,0
0,road_background,30.07214600963045,78.50215649238908,,,0.2225000201362535,27.92379929281925,0.0106807659088585,415.0,5.111089695288715,-0.4472135954999579,0.8944271909999159,37.0,0,442.3912048339844,24.8784567973957,47.60332487765392,-0.28614835750595957,0.9581853252354899,-0.004703176680433373,176.27291870117188,-7.785559283800353,0.07538565422620609,0.07538565422620609,0,0,0,0,0.9821314681251644,1
0,road_background,30.243321112295217,78.87166185353193,,,0.3503208488239871,78.89500425449425,0.0111972528273675,691.0,10.706087950095167,-0.1586780953837551,0.9873303712766988,56.0,2,692.1722412109375,9.515733492291456,26.802987699471394,0.15199155316167787,0.9883817925111231,-0.0011441142991187475,79.38641357421875,-2.3583252961971084,0.2574286988876036,0.5717091806086765,0,0,0,0,1.1866239169241792,1
0,road_background,30.221983094463027,78.78181614625797,,,0.1171256124368378,69.58913594491369,0.0124330542710382,565.0,6.868871009987588,-0.2490410398106184,0.9684929325968497,35.0,2,571.303466796875,6.731624694369865,32.786463787338256,-0.544752711248363,0.8385967347823133,-0.00017042555963967652,66.73040771484375,-1.5805194949315364,0.4566998790010187,0.4566998790010187,0,0,0,0,2.7723049520799687,0
0,road_background,30.3638166779551,79.31566229285224,,,0.0758785619799998,134.62110409085807,0.0141522019330408,967.0,20.425812339809216,-0.7071067811865476,-0.7071067811865475,93.0,4,977.4523315429688,20.185416728632596,41.281308925750224,-0.8298425217717061,-0.5579976604427436,0.006413971026045273,160.0877685546875,-18.739649748999227,0.42591367387938456,0.42591367387938456,1,0,0,0,0.3472222975455299,1
0,road_background,30.40832716566591,79.38894681236967,,,0.0196636367194829,144.95415544071855,0.007392049054487,1037.0,8.935631425418535,-0.9963980072059784,-0.0847998304005088,66.0,5,1052.1676025390625,13.105269705903288,48.174807957437174,-0.5725004219860275,-0.8199044254215369,-0.0026286892815387056,112.4058837890625,-9.272062443504637,0.0368340373433126,0.0368340373433126,0,0,0,0,0.06999782250743997,1
0,road_background,30.299540751479807,79.05211706531564,,,0.4408548156099548,99.6361593800781,0.0259613170986334,699.0,24.24420751067035,0.6883603102489405,0.7253689290795287,98.0,3,707.4778442382812,13.168947677813632,38.079689776244884,0.19405089190809152,0.9809914634438335,-0.007175684492110068,110.4908447265625,6.511879156443683,0.07406957818792893,0.16371739728053858,1,0,0,0,1.4745068588434014,0
0,road_background,30.43353326427725,79.43128786558306,,,0.0960009749380639,150.64014727472673,0.0077395163292619,1355.0,14.626854707832294,-0.4725758093633575,-0.8812900228668015,69.0,5,1336.6522216796875,16.125352663678893,37.935580992480375,-0.5059908090166605,-0.8625388693796155,0.011767621212613105,118.05029296875,-11.77650035511374,0.6302712073183139,0.6302712073183139,0,0,1,0,4.567695889876591,1
0,road_background,30.23296032591993,78.72542743438692,,,0.3745348162858036,63.08850821961099,0.0056959435763951,592.0,8.005205718698637,-0.5214500094539749,-0.853281833651959,44.0,2,580.7680053710938,5.665326617905358,27.526694115315017,-0.8116400861336679,-0.584157830197398,0.008475279876527237,76.0750732421875,-9.966076559271642,0.45592932970627215,0.45592932970627215,0,1,0,0,4.530378895237866,1
0,road_background,30.07092178278541,78.51384909170297,,,0.0563672108846638,29.51220823042183,0.0011441585895227,750.0,34.261730431386816,-0.7633862853691146,-0.6459422414661737,162.0,0,718.3721313476562,37.24911588110434,47.01476480273671,-0.1403429967208455,-0.9901029457947355,0.006762850810923865,304.76116943359375,-1.5159594323024521,0.4960614735218614,0.4960614735218614,0,0,1,0,1.2411775498732547,1
0,road_background,30.237761125172643,78.71451862949546,,,0.3161991480177269,61.91369155402134,0.0054580371736709,597.0,28.567289866286632,0.7101611952252657,-0.7040391159560824,148.0,1,546.6376342773438,30.540629747892925,35.33840065762977,0.6768796270735329,-0.7360937239596566,-0.0023998169610761795,160.44058227539062,-6.290402499112247,0.09735162820500966,0.09735162820500966,0,0,0,0,4.665581926430573,1
0,road_background,30.289359890242963,79.15406797176524,,,0.2456368686390345,109.94239740747348,0.0088403787772781,814.0,1.9091524329963765,-1.2246467991473532e-16,-1.0,11.0,3,815.6465454101562,0.49437665122138547,26.21580292516028,-0.9804230254264727,-0.1969027455715179,-0.0028609931707127864,30.949462890625,3.901208294324647,0.31792590297490814,0.5895064374364833,0,0,0,0,0.8749314103457017,0
0,road_background,30.267887566290455,79.1907948392614,,,0.1009879507295119,114.72631077817628,0.013949796043325,772.0,22.873622656403136,0.4503713039256335,0.8928413569052033,136.0,4,812.6323852539062,44.20955309879172,48.05489291714872,0.3947715595732808,0.9187793074248459,-0.025326594845104994,150.34649658203125,12.344991384458922,0.1078193454008115,0.12220395384318267,1,0,0,0,1.7149041851717515,0
0,road_background,30.254374221959495,78.87902626009273,,,0.1592246322861171,80.10819402527255,0.0206335461040565,655.0,29.34891196660705,-0.9840590550287558,0.177841997896763,166.0,2,743.9913330078125,38.94320644603722,49.260626313839786,-0.9564586963496462,0.2918677134887231,-0.011000102817718304,282.163818359375,22.699351917613626,0.3072505136003354,0.3072505136003354,1,0,0,0,0.451223517661502,1
0,road_background,30.23900298130288,78.83063828665347,,,0.7193442323668777,74.95728573868504,0.0039284178836534,633.0,21.266060296131528,0.2826299765775671,0.9592290114147736,112.0,2,632.0962524414062,20.098592999598093,45.74706936456346,0.36705156113756715,0.9302005974339486,-0.0017240674870696699,157.56121826171875,-0.11929144741088749,0.20217793847461332,0.20217793847461332,1,0,0,0,0.2862388144962496,1
0,road_background,30.289440060232835,79.15103165941501,,,0.3153596737414472,109.65854018702032,0.0079829169938134,805.0,10.759583898850556,-0.964763821237732,-0.2631174057921088,55.0,3,810.564453125,4.9783444247258695,36.10993188158472,-0.35959504681070337,-0.9331084622428456,-0.004164815672066264,74.18841552734375,11.456591393336794,0.11391220380380365,0.5086412441211238,0,0,0,0,1.0054378083170634,0
0,road_background,30.27187246895083,78.95773244482885,,,0.0370325880239269,88.89534493461016,0.0203958983030508,634.0,29.10977531600581,-0.2873478855663454,0.9578262852211514,160.0,3,712.0431518554688,40.05955858361278,52.914730100641016,-0.3559511106658864,0.9345045782743506,-0.007652504981050566,241.96832275390625,14.267993264947108,0.13582689539644202,0.13582689539644202,1,0,0,0,1.0096953048389943,1
0,road_background,30.20144214005775,78.63929620739204,,,0.0385118220973622,52.622388576910986,0.003223736502398,621.0,23.22954970739477,0.9940716917543756,-0.1087265912856347,128.0,1,607.2293090820312,21.84304685265617,29.50760446297871,0.9897925011084655,0.1425159806809337,0.007349141499037675,148.87841796875,-16.166780834355677,0.3638764604484095,0.3638764604484095,0,1,0,0,12.676567910005698,1
0,road_background,30.458215735372587,79.43037312049474,,,0.2013702228289489,153.3007424050005,0.0048470468858154,1355.0,46.61591806349812,-0.8726671350625154,0.4883155448905774,277.0,5,1377.0633544921875,30.832429038821203,58.86860086695473,-0.7736426416230943,0.6336221769023245,-0.0032429666066762404,382.5819091796875,25.87035729274271,0.13933832530334364,0.13933832530334364,0,0,1,0,4.486583608424046,1
0,road_background,30.24675546384865,78.91403420495706,,,0.1034869672208183,83.65446769959382,0.0121146466411693,819.0,13.606817572545188,0.922668973832998,0.3855930039899096,111.0,2,769.0049438476562,36.97206457136356,39.58517997313827,0.9955332131121561,0.09441197800378036,0.005918078353159908,195.64337158203125,3.6904584395983875,0.14970843871017245,0.5104887409825779,1,0,0,0,1.194121039082207,1
0,road_background,30.213245695580355,78.76281366458001,,,0.4450744935543828,67.48076445500993,0.0077416816866954,538.0,13.119782258760273,-0.2860355263884367,0.958219013401263,67.0,2,549.0635986328125,27.50569999915123,37.559678560045974,-0.32385756045846203,0.9461058505970109,0.01255646050796032,91.69818115234375,-17.951880084581603,0.32921900597432774,0.32921900597432774,0,0,0,0,4.337668929197287,0
0,road_background,30.465404520734904,79.454903403771,,,0.0117804537862667,155.77914958931868,0.0099916558259496,1507.0,31.113647785765853,-0.0276137753314514,0.9996186669985432,181.0,5,1548.520263671875,29.101890179008514,46.28067729314858,-0.19485142352381735,0.980832770022873,-0.004174754413911647,230.147705078125,4.150058714811394,0.27509889980724445,0.830061676655453,0,0,1,0,3.800694171023317,1
0,road_background,30.266874147355907,79.17676239234041,,,0.2730723093457247,113.4240974058576,0.0099916558254503,755.0,31.57639333699781,-0.0650791373455968,0.9978801059658184,184.0,3,820.9661865234375,47.930304545806585,48.66725687011519,-0.2164170970154862,0.9763009987290752,0.0013073011379743228,251.9271240234375,-2.7277246900825958,0.10033012162667611,0.10033012162667611,1,0,0,0,2.1190931688366326,0
0,road_background,30.234008290388307,78.84110616302179,,,0.0166909700678797,75.86603687987987,0.0081977745688151,629.0,15.510865437509391,0.4083660600582539,0.9128182518949204,76.0,2,620.4581298828125,22.871502561372562,38.408151519581715,0.2979786530914859,0.9545725338086068,0.007409634065350085,143.06500244140625,-16.846242857373454,0.2602980778318647,0.2602980778318647,0,1,0,0,0.07708982464659987,1
0,road_background,30.266906656722547,79.18953065193674,,,0.0291780158896562,114.6282393040362,0.0244407739189048,808.0,14.720138988389817,0.5836360481525753,0.8120153713427135,88.0,4,845.5106201171875,32.02243861382985,48.054875876517386,-0.6754008517452329,0.7374508047739957,0.0001672735673341596,179.26220703125,-5.120776468072108,0.01945792713411264,0.25546040812427406,1,0,0,0,1.8429314815277562,0
0,road_background,30.298756972041897,79.01327858176236,,,0.119115229630485,95.32283771793897,0.0060308650877604,680.0,19.746339269341227,0.1764333874056405,0.98431258236831,117.0,3,704.024169921875,34.63799583287843,38.30110455218363,0.28111334968749446,0.9596745722522174,0.0007538477156450616,159.60345458984375,-0.23720582063538131,0.13573084963757337,0.13573084963757337,0,0,0,0,0.5283301131766356,0
0,road_background,30.30003688002786,79.10197523113662,,,0.2185142560193496,104.3640835088948,0.0073291253131615,784.0,1.64247304538097,-0.813733471206735,0.5812381937190964,16.0,3,783.00390625,0.8071015169529943,47.29856849290298,-0.9868356499802449,-0.16172631179887692,-1.4801438229374985e-05,130.29949951171875,-8.775218112409561,0.3406073333348946,0.3406073333348946,1,0,0,0,0.19735349721542353,0
0,road_background,30.29916733244738,79.0633453288371,,,0.0047613070986244,100.62125318693818,0.013781539526666,688.0,23.686944465477417,-0.4862879332702219,0.87379863009493,116.0,3,738.3681030273438,16.70730080143655,39.100172745406354,-0.07014325809050599,0.9975369283111521,-0.0014585846907252651,175.37445068359375,0.39458976304240423,0.12921359859464715,0.12921359859464715,1,0,0,0,1.3323368288971509,0
0,road_background,30.288586803939715,79.26166544239422,,,0.0333857853821345,122.7828333841422,0.0186557499642331,822.0,24.59469898934371,-0.2184723448507238,0.9758431403332332,134.0,4,844.6554565429688,29.63196918944605,48.987759804111064,-0.39826450291546217,0.9172706174938232,0.003714925482648985,215.5062255859375,-15.970638558884275,0.35947282744697384,0.35947282744697384,0,0,0,0,0.13475554506254547,0
0,road_background,30.26917250564057,78.95173341942777,,,0.0557865146503069,88.24757665766383,0.0358409934227323,604.0,19.1434780917466,-0.2016529206704871,0.9794570432566516,120.0,3,666.9526977539062,40.8269964234873,44.99016943341252,-0.3621027483518696,0.9321381869851822,-0.002458692708243777,210.05615234375,-6.553051152505191,0.12913874076906243,0.12913874076906243,0,0,0,0,0.36167850214780745,1
0,road_background,30.298977414997356,79.11339523778855,,,0.1993944063037156,105.46900172187368,0.0014965697560511,794.0,9.398914043719726,0.4228854653311239,0.9061831399952656,45.0,3,794.7886962890625,19.833588296334742,32.31413464204702,0.7189570530037375,0.6950544985367557,0.007628861690360565,73.5323486328125,-8.836785434691365,0.4839915763196561,0.4839915763196561,0,0,0,0,0.3872632086859863,0
0,road_background,30.266591392828914,79.2025262026723,,,0.2297075102101904,115.85102435036158,0.0045915321964593,801.0,18.476999461811904,-0.3192188694853206,0.9476810187845454,136.0,4,813.0911254882812,52.699102207051745,57.461805145970885,-0.1351833618327649,0.9908205986371054,-0.004327761445584799,232.16827392578125,-18.507302528570563,0.05383927443999954,0.05383927443999954,1,0,0,0,1.936278655672017,0
0,road_background,30.21470722274637,78.74619867341316,,,0.0095810949367661,65.86087657210051,0.0057003532153648,553.0,18.76291982466018,-0.6770565308208832,-0.7359310117618297,76.0,2,561.7944946289062,29.919081549404588,36.01325472305368,-0.7099715793662386,-0.7042303291482189,-0.005771605823429117,99.26556396484375,2.4276945256004865,0.08413841289007139,0.08413841289007139,0,0,0,0,4.912945473795624,0
0,road_background,30.29070083220708,79.27770217630307,,,0.0211573593530314,124.3425726788995,0.0070503631419352,832.0,9.982109961795908,-0.4166547104932136,0.9090648228942844,48.0,4,841.927490234375,18.650174710132475,31.418927637353203,-0.3704091007511952,0.9288687195081395,0.0062215747648262645,100.51617431640625,-10.373429731889246,0.1555838723681405,0.339745997078418,0,0,0,0,0.0333703828319489,0
0,road_background,30.292822213460617,79.30188416349286,,,0.217700982370129,126.67300156317172,0.0113065986210137,929.0,13.977381126078352,0.133917896001395,0.9909924304103234,74.0,4,935.3690185546875,11.090666023969435,36.99761923499081,-0.9979266283690196,0.06436182402667583,-0.0013959153178338297,88.69287109375,1.4672246255165646,0.15798042777411456,0.5259018033370112,1,0,0,0,0.23794258902004137,0
0,road_background,30.30413658049317,79.04800945238665,,,0.162714997564594,99.05555506978553,0.0164141415096839,788.0,28.25731168850377,0.8682431421244593,0.4961389383568337,140.0,3,757.5860595703125,40.460834472078,46.22161697110512,0.594365178006272,0.8041952717925993,-0.013716339424343712,204.048095703125,10.706220138171489,0.1462666661657069,0.1462666661657069,1,0,0,0,1.2123094685966582,0
0,road_background,30.249383411407607,78.9129994120124,,,0.179020710808903,83.76649957256072,0.0097220071280875,755.0,22.01465822651287,-0.964573317889406,0.2638149245509487,167.0,2,775.8447875976562,8.142338845728073,45.770701889617435,0.9999941700290113,0.0034146607428763537,-0.0023108744254147166,144.367431640625,25.13808775342204,0.1505537755208722,0.2772695106331117,1,0,0,0,1.4844768938707458,1
0,road_background,30.23494674760138,78.82361732035311,,,0.3817124842390157,74.22001580524474,0.0068356517805713,587.0,13.59687524180116,-0.8682431421244592,-0.4961389383568338,63.0,2,600.5712890625,26.919364910879157,32.149596957284025,-0.8880777263815336,-0.45969332375509425,0.003022333564616879,68.72271728515625,-1.8342345686983208,0.2949313617396695,0.2949313617396695,0,1,0,0,0.3572498204979564,1
0,road_background,30.298525299285465,79.10801074724169,,,0.1035972542258374,104.95738000196552,0.0085179898904113,763.0,13.60805977475334,-0.7848827655334263,0.6196442885790207,61.0,3,807.43701171875,27.73117882227144,34.794670757489925,-0.5739212112408687,0.8189105221498952,-0.0009068722265289128,149.84375,-3.5982676104080156,0.3855577796089371,0.3855577796089371,0,0,0,0,0.44753896462566456,0
0,road_background,30.25663363116765,78.88435503858224,,,0.5725449247850298,80.50124726872981,0.0104938845171508,655.0,23.171829876153083,0.7943578329771962,0.6074501075707971,102.0,2,650.5761108398438,17.655352014704174,46.92427821419895,0.5112028967447838,0.8594600621086136,0.013079827434921776,146.021240234375,-3.7111438089166313,0.14894961606705562,0.14894961606705562,1,0,0,0,0.7595066154104655,1
0,road_background,30.330129785810996,79.32019541003639,,,0.6407257358490727,131.06267996979997,0.010322380812177,910.0,22.418084495805623,-0.9615239476408232,-0.274721127897378,119.0,4,919.6339111328125,33.075474220275936,39.740005147110836,-0.9657401096720707,-0.25951115692890153,-0.00946670671988503,130.759765625,3.686917391690372,0.06005096708236835,0.06005096708236835,0,0,0,0,0.4358717409328085,0
0,road_background,30.24415342052796,78.91874704196452,,,0.6023188762270393,83.65691160327836,0.0134349776898727,719.0,22.45167624107132,-0.9518605578567334,-0.3065313660894564,121.0,2,750.9334716796875,38.82941214772503,42.92717045776939,-0.9378742701577214,-0.3469752921695166,0.007365774962304575,167.46722412109375,-19.134299033929437,0.027864882136636262,1.0465973212730777,1,0,0,0,0.9790463034947171,1
0,road_background,30.30745975067371,79.30048776599433,,,0.5449496135877197,128.10705421427167,0.0166749439431641,932.0,29.031480434376107,-0.7507135169227553,0.6606278948920246,125.0,4,951.1134643554688,37.77440884619115,43.99412127748454,-0.4789865765315953,0.8778222254548709,0.0015758731872724755,239.37115478515625,12.758852115347395,0.250855076183607,0.250855076183607,1,0,0,0,1.3876502641445942,0
0,road_background,30.528196671835826,79.52418234311055,,,0.4481270411607309,166.09388483586127,0.0099385112731911,1663.0,24.793552696952784,0.3463740827591586,0.938096474139388,130.0,5,1675.4248046875,29.208338481542487,40.925392974108654,-0.07131834828568005,0.9974536045339665,0.0072438449012426475,219.78662109375,-21.40415462777628,0.31376585349160524,0.9665931389475545,1,0,0,0,2.3004916121389205,0
0,road_background,30.13313524694546,78.34618644536216,,,0.0146038231344388,6.57498526583005,0.0058332787944235,413.0,33.80207128719891,-0.6173816800165274,-0.7866637535694461,158.0,0,414.6579284667969,39.46643402301588,44.0549315954559,-0.634223299993256,-0.7731499244943794,0.006397331035529058,207.71014404296875,-8.463242207676899,0.13283960209796733,0.13283960209796733,0,0,1,0,0.206684648304211,0
0,road_background,30.23171440649792,78.67814161345073,,,0.5590214882607055,58.324753760814005,0.0298822859063081,599.0,25.32975410819944,1.0,6.123233995736766e-17,142.0,1,554.6373901367188,25.829115085608347,35.035257790092025,0.9988116082423427,0.04873778042078802,0.004215665371960185,140.14208984375,-8.746429443359375,0.18092489352617705,0.18092489352617705,0,1,0,0,7.666967165784393,1
0,road_background,30.4049256548038,79.33810905585942,,,0.0434047461101745,140.0305029257004,0.0110098464811824,1011.0,17.06420246076965,0.0434372242763069,0.9990561583550596,95.0,4,1017.9912719726562,41.407474898199936,50.034201526022514,0.18131243820415333,0.9834255435733125,-0.006208375473763909,225.6646728515625,-17.308224008103025,0.051236406272698834,0.08239167916279506,0,0,0,0,2.048269855745707,1
0,road_background,30.284339382752577,79.13511274500145,,,0.0982886591249497,108.04902026366156,0.0094822081505243,699.0,17.01197993242201,0.490261239632559,0.8715755371245493,96.0,3,741.5598754882812,33.38274436496968,43.84144287195705,0.12214634538417701,0.9925121008377124,-0.005808503795231908,150.49224853515625,-9.147172912093197,0.09162750400459786,0.09162750400459786,1,0,0,0,1.9554646893665164,0
0,road_background,30.21262981038813,78.66736042080446,,,0.0004755301417424,55.80918198849223,0.0123723958014346,633.0,32.72966250506555,0.2437557372309378,-0.969836656642242,187.0,1,561.3021850585938,41.776839255594396,50.65630320372144,0.3359107478591787,-0.9418938206999169,0.006572511070805521,215.75698852539062,-17.056618430397748,0.11320030620911098,0.11320030620911098,0,1,0,0,9.811975088371447,1
0,road_background,30.299439150232377,79.00994052864556,,,0.1928786858632642,95.0012562615732,0.0081977745693213,722.0,11.91191379484262,0.8532818336519591,0.5214500094539749,69.0,3,712.8649291992188,23.65247328119615,37.4349287011859,0.7045441745060071,0.7096601342682629,0.002879721009223866,143.4957275390625,-5.34417421955709,0.2139604126130827,0.2139604126130827,0,0,0,0,0.6892560143520967,0
0,road_background,30.4052042795667,79.35110977290469,,,0.1244662639669512,141.2792097412192,0.0095210097485401,986.0,23.57458972284436,0.7333374003681953,0.6798648815913477,96.0,5,1004.1741333007812,25.868261728619203,48.607966612545454,0.09305197904144392,0.9956612522321387,0.005466467914910049,156.09552001953125,-29.268454811789752,0.12303328387516921,0.12303328387516921,1,0,0,0,0.8591811952326686,1
0,road_background,30.49373455440244,79.48403272500099,,,0.1664468388477225,160.28962991610257,0.0010142457102693,1425.0,35.22382472624917,-0.9631109740028582,0.2691045368537398,204.0,5,1430.89208984375,43.70526311267505,61.54244848694376,-0.8467959860501445,0.53191781132931,0.05335518637426047,246.556396484375,-50.684773090457156,0.6373224476678309,0.6389057809267854,0,0,1,0,2.0898770387596817,1
0,road_background,30.28973266830988,79.2935145804299,,,0.4058966311847964,125.81868363428346,0.0118934025820511,908.0,18.370345512861498,0.3312445047308071,0.9435449528695716,108.0,4,913.5455932617188,15.483355209187035,41.3298895997118,0.5335869853315253,0.8457451915824379,0.004912266162011363,159.86431884765625,-7.045296156701966,0.32901462377327273,0.32901462377327273,1,0,0,0,0.38013937173595447,0
0,road_background,30.34101628802607,79.31691348815767,,,0.0745969524241796,132.08105458572183,0.0023344536058206,889.0,11.904688112848122,-0.3162277660168379,0.9486832980505138,60.0,4,948.1082153320312,27.00898839756864,39.11709319320654,-0.8356440777816714,0.5492713129851403,-0.013521956185941812,129.442138671875,31.201171370577185,0.1411107190541528,0.1411107190541528,1,0,0,0,0.2521997305566079,1
0,road_background,30.32711869902097,79.30894058430917,,,0.3022534125613085,130.39895547227684,0.0079359202513659,928.0,39.50465660472722,-0.4325996264719779,0.9015861374135614,223.0,4,955.128173828125,38.169152523476214,49.850303830198115,-0.13750597866285333,0.9905009368152919,-0.0011093130445793532,242.2872314453125,-11.098291822701412,0.2335115846881626,0.2335115846881626,1,0,0,0,1.5287550727332293,0
0,road_background,30.07278624697125,78.44891685378408,,,0.0222403165388727,22.71556651855169,0.0115091128987552,451.0,22.36458422049409,-0.7615393896958206,-0.6481186295283581,94.0,0,456.9203186035156,25.272710562072493,35.366120453118384,-0.6917176722665666,-0.7221680288368647,-0.004150630886908323,112.85653686523438,10.850704729064432,0.14620449078654513,0.14620449078654513,0,0,0,0,0.47045356978686736,1
0,road_background,30.28830742622477,79.11991654205877,,,0.5792823116527354,106.60015321049232,0.0114292035335538,826.0,23.87326211182711,0.3765790586261646,0.926384484220365,123.0,3,802.9105834960938,35.89378677863031,42.82577880373718,0.25566686916000136,0.9667649414485006,-0.003321664484696053,238.13525390625,-3.9925194101884927,0.02993040459061765,0.2293734028135093,1,0,0,0,1.560856162233289,0
0,road_background,30.326287110035945,79.30643698605724,,,0.5107326597434918,130.24721530893407,0.0073920490534334,882.0,30.44467960027541,-0.7769806552067143,0.6295244724667539,150.0,4,963.361328125,48.250306746883396,49.85025218467048,-0.7627536111445997,0.6466892056358083,-0.008147803592919448,288.806884765625,7.25439453125,0.13422728554185592,0.13422728554185592,0,0,0,0,1.7846258191169662,0
0,road_background,30.41243529579136,79.3915204412764,,,0.3907100312331547,145.31470406727513,0.0097316569935469,1039.0,8.514145496176376,-0.9797149322825656,-0.2003962361487065,101.0,5,1070.0771484375,50.17159320946486,58.68601576334966,-0.44917819241642026,0.8934421925662104,0.02218416411632869,258.9266357421875,-53.19585324121908,0.018039709468425934,0.018039709468425934,0,0,0,0,0.5230077537238018,1
0,road_background,30.526771770464283,79.5080354561353,,,0.0187100474542119,164.67409665440587,0.0140661818632742,1280.0,20.061121712720187,-0.994946404055101,0.1004074352716156,109.0,5,1304.1376953125,11.094804502888794,57.57404022162756,-0.7445999541021197,0.6675109799479866,-0.0008862208186977533,170.6749267578125,-21.893655572055877,0.03175501347807608,0.09321820952077647,1,0,0,0,0.8005030076349565,1
0,road_background,30.22941614959984,78.82381415644132,,,0.1955901755109715,74.0371201979376,0.0120000464491315,570.0,12.702915382815172,-0.7837458765125088,0.6210816379910448,65.0,2,594.2813720703125,20.887946516634948,40.304050722869945,-0.6770123871394957,0.7359716215043087,0.00036038814562394054,147.12445068359375,-3.7928416354596948,0.1556409463313585,0.1556409463313585,0,0,0,0,0.9534346716605822,1
0,road_background,30.489141477691188,79.48193813526086,,,0.1303925493247485,159.57769941134126,0.0153323212964169,1457.0,28.20300342680093,-0.5034844968720746,-0.8640042600644247,139.0,5,1473.698974609375,40.451076134471776,55.29624132061383,-0.1292660449196342,-0.9916099483319211,-0.009471164591461273,245.2298583984375,35.538380520402825,0.09171550769229518,0.7006521046807707,0,0,0,0,2.389080549466552,1
0,road_background,30.299336321554463,79.0231972456256,,,0.0332503656781943,96.3120959037142,0.0118784880851734,701.0,12.038292908076391,-0.4220295801578592,0.9065820610798456,58.0,3,710.0234375,7.850669915405018,37.17577393238484,-0.5289209213014547,0.8486711135708699,0.004083716215023669,140.94537353515625,-15.077498506908569,0.2807337282878756,0.2807337282878756,0,0,0,0,0.19100683041838223,0
0,road_background,30.24427866755455,78.90892393396102,,,0.3434608200029936,83.14534462960756,0.0054227853237632,672.0,34.22498216619467,-0.8771454153796023,0.4802248642860393,179.0,2,746.6410522460938,37.16346082655881,45.40233821301756,-0.5742832900381555,0.8186566452322682,0.01305132517363931,246.53594970703125,9.026329860214332,0.25868027651731706,0.25868027651731706,1,0,0,0,0.9791959150524819,1
0,road_background,30.21779992013594,78.80606039885328,,,0.1821808636503784,71.89984636090446,0.0116412768215367,564.0,20.32564650707041,-0.2699636923249093,0.9628705026255098,107.0,2,588.429931640625,23.47878148355575,38.464402703347616,-0.7783901076973244,0.6277808855316859,0.008759116217940531,150.897705078125,-10.474191208516231,0.1838718665908505,0.1838718665908505,0,0,0,0,2.6072503801212115,0
0,road_background,30.3298168150804,79.31809788740395,,,0.4635922959177452,130.9599381865809,0.0058716493345225,921.0,30.231991001269364,0.7378660190471255,0.6749472112214016,135.0,4,910.1629638671875,35.8503749155748,51.31137005331037,0.6837266385949748,0.7297382295560625,0.0023342439843071975,253.96258544921875,-12.972500383361307,0.09256144093700899,0.09256144093700899,1,0,0,0,0.6184855262029,0
0,road_background,30.527526682351173,79.50904779134085,,,0.0358629926741367,164.80122703228824,0.0078541868410615,1299.0,17.94001375181023,-0.8751268117320218,-0.4838936488400591,129.0,5,1393.8896484375,54.356938121396745,57.57416693286548,-0.9960486689147122,0.0888090600852747,-0.01277438109071163,268.7137451171875,15.132624854726146,0.0658923760118198,0.0658923760118198,1,0,0,0,0.9266271642088522,1
0,road_background,30.061450652519845,78.48583163890018,,,0.5736608265041573,26.46616882014456,0.0070503631418928,496.0,16.142764795595028,0.783110847498294,-0.6218821436015861,68.0,0,492.1744689941406,11.362049367234759,37.95409935608076,0.9688977780254928,-0.24746130149432025,-0.003950980792976927,143.460205078125,3.2499919292355344,0.2270246713460106,0.2270246713460106,0,1,0,0,0.5714203164897133,1
0,road_background,30.2669321144798,79.19634011618835,,,0.120608429422576,115.26465834983246,0.0114913123179091,781.0,36.59594159662962,0.1571150487351317,0.9875803063351136,220.0,4,841.631591796875,43.488706512779906,52.99661292370818,0.36895213942165206,0.9294483949182901,-0.012105965020182005,303.77288818359375,-6.636313194085687,0.1137779905771437,0.1137779905771437,1,0,0,0,1.8022889567662699,0
0,road_background,30.23828887545508,78.69084116409255,,,0.079193168050732,59.75699579761625,0.0113444637137916,560.0,21.60534444196841,-0.589172157449442,-0.8080075302163774,123.0,1,570.1586303710938,27.69622329024926,45.6114538122136,-0.660094995825496,-0.751182132698947,0.003449793877527258,170.9000244140625,-16.579488959194236,0.26787688128401466,0.26787688128401466,0,1,0,0,6.250485483759653,1
0,road_background,30.22053365332448,78.79331810486069,,,0.1334540297887956,70.7073033416708,0.0035303767041619,579.0,4.400579233069834,0.303203657276947,0.952925780013262,22.0,2,582.7950439453125,10.018449881834137,26.777811993437048,0.15140785556726197,0.988471376051185,0.006259743088565305,85.37713623046875,-11.31532073217977,0.335922720583585,0.335922720583585,0,0,0,0,2.636121651087507,0
0,road_background,30.43186506148321,79.43081614964348,,,0.0520072170269089,150.45920454446895,0.0041661924652468,1306.0,1.3366589783291134,-1.2246467991473532e-16,-1.0,31.0,5,1334.6160888671875,23.50882702514463,35.09105206618386,-0.48166823095818806,0.8763536473853518,-0.0071744993796720655,134.8563232421875,-3.6171622788610875,0.5615077657566216,0.5615077657566216,0,0,1,0,4.39868720844581,1
0,road_background,30.091741342236013,78.54570307465853,,,0.2070786429963259,33.575330732612095,0.0059744141166505,1027.0,25.593507375817325,-0.8211887887287699,-0.5706566158962637,118.0,0,1011.5186157226562,27.428462159828985,49.792878368771675,-0.8192406887100457,-0.5734498181723402,0.012584321884502547,261.01348876953125,-45.90986973786153,2.09262099817484,2.09262099817484,0,1,0,0,4.397297756965072,1
0,road_background,30.068912683949737,78.4711048815588,,,0.05986309724291,24.898437939179395,0.0078155707230704,488.0,11.694448323334576,0.2576626505603323,-0.9662349396012464,60.0,0,486.9283447265625,13.618931438127506,23.409027169545922,-0.5685413641353203,-0.8226546768037906,-0.0029840595111213964,75.23565673828125,-4.6403374790160115,0.46955021422451104,0.46955021422451104,0,1,0,0,0.1526559177527777,1
0,road_background,30.257575532146216,78.93279147799153,,,0.1495729215674369,86.08326759238184,0.0143850183435033,683.0,14.21703412739586,0.0131567558702855,0.9999134461416996,76.0,2,704.2620849609375,24.50901261952903,41.886624576930146,0.29702492940304565,0.9548697247861174,0.009676660253848477,190.1246337890625,-19.509053380036107,0.08655506493691223,0.3539265843677687,1,0,0,0,0.16874277276850802,1
0,road_background,30.46533118498311,79.45606597180137,,,0.0257755270789942,155.88483314957838,0.0103223808126736,1516.0,32.44329863622061,-0.167799348048362,0.985821169784127,188.0,5,1546.9085693359375,32.85366213928826,48.22047961017277,0.16497085330090674,0.9862984424408114,0.004620555162105292,257.79248046875,-9.487735464553225,0.18793910252784785,0.9071233556353516,0,0,1,0,3.8462019813724333,1
0,road_background,30.405859503538405,79.35495465414307,,,0.0853536575640225,141.6541650706257,0.0024451748392634,989.0,7.445333506256379,-0.1020288654985694,0.9947814386110524,82.0,5,1019.7359008789062,33.14305986231743,41.899628731324086,-0.19123612830472736,0.9815440607690609,0.013090191209553318,134.90521240234375,-15.415667573282462,0.0987902442251736,0.0987902442251736,0,0,0,0,0.48697414841279973,1
0,road_background,30.12468037913286,78.59232770956577,,,0.1722715445800461,42.20961899879229,0.0098239429822127,564.0,38.07907632899582,-0.2254808838001039,-0.974247592268374,229.0,1,558.8745727539062,35.377697438076964,47.09517467282323,-0.2540696966871352,-0.9671859124415053,0.0015358120402204833,262.73760986328125,5.844652412351479,0.16172450899392724,0.16172450899392724,0,1,0,0,8.617272642004986,1
0,road_background,30.29529771828288,79.07232961175292,,,0.2892385218511676,101.51295889923972,0.0089018006332847,686.0,13.687290227477366,-0.041061231452097,0.9991566320010278,73.0,3,694.9121704101562,18.54874923106795,43.88531021879561,0.0795319874865359,0.9968323143670863,0.004846558042919421,89.76470947265625,-3.87535914901855,0.1548456697268728,0.1548456697268728,1,0,0,0,1.5070540170938396,0
0,road_background,30.226121713119205,78.82161583139285,,,0.3571912326063934,73.64811102993933,0.0272710027405138,590.0,3.981482260117364,-0.9578262852211514,0.2873478855663454,20.0,2,594.3646240234375,5.281543302722227,46.223127708834326,-0.9895389703312792,0.14426581783538245,0.001814332056280847,132.21173095703125,-9.813413509652605,0.2956953763450076,0.2956953763450076,0,0,0,0,1.354180353429718,1
0,road_background,30.29461680446381,79.08407668089211,,,0.4143258134925466,102.63886371123162,0.004295373816859,697.0,31.735375499728693,-0.2425356250363329,0.970142500145332,204.0,3,759.5484619140625,45.196953160348755,56.80987886493447,-0.298627553798449,0.9543697313475289,0.013307677279096364,308.9599609375,-25.95628571313273,0.1202785617044808,0.1202785617044808,1,0,0,0,0.6824440146562387,0
0,road_background,30.25095250052769,78.8949338048926,,,0.3398512606765528,81.67453868522314,0.0173911536273946,593.0,16.17215901578255,-0.0,1.0,87.0,2,618.0918579101562,28.443897427387334,41.60591911862715,0.1745467360029064,0.9846488901891535,0.004297825515082508,107.6617431640625,-10.645930014365945,0.11587337319387785,0.11587337319387785,1,0,0,0,1.9241797214308782,1
0,road_background,30.51380739203376,79.49284774352472,,,0.1975496671235515,162.63327329076756,0.0077395163291205,1460.0,47.066561811519925,-0.8993339802242959,0.4372623834883646,290.0,5,1530.460205078125,50.69880923787132,61.56842510204206,-0.9700838903490904,0.24276994394935736,-0.030789121416278598,398.2325439453125,46.446943803267004,0.18005696235973853,0.18005696235973853,1,0,0,0,0.7489343109412109,1
0,road_background,30.23604125603072,78.83625677224481,,,0.3115255456147647,75.4401997569408,0.0059744141172256,613.0,25.78320887758088,0.517536847347567,0.8556609209479775,124.0,2,639.9795532226562,40.99395201399098,47.36501983691602,0.5589109043246185,0.8292277136149256,0.005748067407014097,174.16741943359375,-2.6926390592716416,0.18403599799943823,0.18403599799943823,0,0,1,0,0.03484236596087593,1
0,road_background,30.138932889609052,78.40027634504733,,,0.2818211802281637,13.24882555719209,0.0095210097484904,418.0,33.732983054232655,-0.1148135792776435,-0.9933870554891764,199.0,0,396.3827209472656,32.75113057585162,45.64284910164138,-0.16211889495314358,-0.9867712317954813,0.011001317060564892,170.5572509765625,-30.12474652755361,0.13147715019483602,0.13147715019483602,0,1,0,0,0.18584031824773153,0
0,road_background,30.269074866047216,78.93885781072291,,,0.6792537609339533,87.176912326351,0.012042259849327,698.0,26.207204793582616,-0.0948090926279954,0.9954954725939522,147.0,3,713.4285278320312,39.20592742166896,51.038776719574635,-0.11818121677326628,0.9929920442793035,0.00019313965894330026,266.45819091796875,-4.9267103967588355,0.23326627993632723,0.23326627993632723,1,0,0,0,0.8441930033678454,1
0,road_background,30.08677852151848,78.58373307282072,,,0.2790561652874128,37.62298655937169,0.0118411191814738,861.0,18.84584886404717,0.996129850025381,0.0878938102963571,102.0,1,854.9375610351562,14.717200926100789,38.364271463161515,0.9742726761697178,-0.22537247495889162,-0.009783590403775227,167.2469482421875,34.11057552621389,0.6682444583648072,0.6682444583648072,0,1,0,0,4.37330475671547,1
0,road_background,30.136422062020458,78.3360680594495,,,0.3027835719453089,5.581247709246906,0.0087713073942596,460.0,32.401162502089626,0.3939192985791677,-0.919145030018058,175.0,0,434.7412414550781,34.061953378359526,42.62655859412527,0.49982246310648476,-0.866127880496966,-0.0028944825523534723,230.65631103515625,-5.231902823960468,0.21973285423563957,0.21973285423563957,0,0,1,0,0.22177912062978142,0
0,road_background,30.245876734390308,78.91435643547722,,,0.2037091375410648,83.65691160327836,0.008257008446731,766.0,30.82351257641641,0.9999843953591788,-0.0055865050020065,179.0,2,753.8248901367188,28.90619601594856,39.584933518762405,0.999908090794063,-0.013557653357865395,-0.0010165974494085743,180.5462646484375,-2.9654904200025385,0.09714824425797514,0.5863483145736953,1,0,0,0,1.098973686115051,1
0,road_background,30.221996657011783,78.77250189617627,,,0.0758990809473426,68.71928342886685,0.0142522221268095,544.0,1.3502244696996155,-0.1414213562373095,0.9899494936611666,7.0,2,547.3128051757812,3.4749267207972996,26.224325241704413,-0.5977509812235499,0.8016818349234834,-0.0017845698443055508,19.026611328125,-0.0812438460420708,0.42688363965052056,0.42688363965052056,0,0,0,0,3.0780650673531977,0
0,road_background,30.4353607662256,79.42772584755076,,,0.2406653342256997,150.85219379927668,0.005962358316234,1310.0,27.925465116864437,-0.8678558742495486,0.4968160439544517,138.0,5,1329.8360595703125,5.948163699099164,44.336752562469535,-0.9963908745956603,0.08488359689890135,-0.0002684862565170375,173.0015869140625,12.523882400891125,0.23920304631822314,0.23920304631822314,0,0,1,0,4.503658165752388,1
0,road_background,30.286571041083285,79.25329813604365,,,0.0601684931233197,121.95440261368567,0.0125043566791166,792.0,14.544364771894998,-0.6809437453161917,0.7323357260947723,61.0,4,814.3218383789062,36.03418989645649,48.94786098540713,-0.6135626159010642,0.7896460703179895,0.009448054099254019,173.10272216796875,-24.030218959839885,0.26601731432513853,0.26601731432513853,0,0,0,0,0.11700556789736914,0
0,road_background,30.351245506442623,79.3200784816622,,,0.3019802457385087,133.2218204357558,0.0126003765212132,953.0,26.83227686595414,-0.9884477545529802,-0.1515619890314569,150.0,4,971.3182373046875,31.741782983504407,46.72746851391012,-0.989743575639077,0.1428553621015841,-0.007516227254110638,189.09326171875,-8.515647194602252,0.24821412731432377,0.24821412731432377,1,0,0,0,0.1574019159583437,1
0,road_background,30.284054555178304,79.13772438742211,,,0.00059171335404,108.28191461034235,0.0011991436988594,757.0,18.69555727416437,-0.4432690864696073,0.8963885970829838,91.0,3,769.6705322265625,45.89746702804781,48.23248258325963,-0.3950503312857735,0.9186594775818735,0.00797851005811718,233.38238525390625,-12.591189045551346,0.10809786661082343,0.10809786661082343,1,0,0,0,1.962332675992125,0
0,road_background,30.27546896490556,78.96721087266411,,,0.2602500183683765,89.86494709554351,0.0082570084463322,654.0,27.112466130893708,-0.5989578255907086,0.8007805711701865,135.0,3,704.3016967773438,34.10509410534687,50.327836350066804,-0.43191716807726116,0.9019132773832077,-0.0010120666012324614,257.60552978515625,-3.0968804477660115,0.14724203787449547,0.14724203787449547,1,0,0,0,2.0017529579007505,1
0,road_background,30.40468153618861,79.3361194943744,,,0.0531888283076223,139.837417278428,0.0012507642623979,1017.0,31.26448999474075,0.2360713883635246,0.9717357148917178,181.0,4,1054.0601806640625,49.9206525469567,54.33981871792359,0.10524882315138193,0.9944459187030983,0.00230374938306962,275.58734130859375,-10.950979689921269,0.13185837886228471,0.13185837886228471,1,0,0,0,2.239887009624066,1
0,road_background,30.283345753601854,78.9747228,,,0.0094891678865255,90.9641672503694,0.0046279201715151,637.0,24.95516341112208,-0.5228979516403331,0.8523952910301322,119.0,3,711.436767578125,27.278606373854416,46.44458344113772,-0.2647058725520718,0.9643291974406076,0.000813573475140261,169.9393310546875,6.936458366961574,0.14200124672907938,0.14200124672907938,1,0,0,0,1.1081148809374444,0
0,road_background,30.29810181111828,79.1142231685465,,,0.1100311973657523,105.55694878194385,0.0137551595458889,799.0,14.959246786437893,0.6487341760138776,0.7610150910932025,61.0,3,803.1474609375,28.448881943532438,32.31404869897486,0.5736356408749804,0.819110585646377,0.007989874289688675,82.036376953125,-7.554417129390458,0.4470504446217983,0.4470504446217983,1,0,0,0,0.4859896063276382,0
0,road_background,30.30206877669429,79.04980479379441,,,0.2901277493746809,99.31224115608276,0.0117889908945921,757.0,33.62946437787163,0.907077318021167,0.4209640591921437,181.0,3,726.1893310546875,29.679764752475403,38.92297324828222,0.882359644598499,0.47057566616221286,-0.001001896660737296,167.3492431640625,3.6598581361377,0.11745149386008177,0.11745149386008177,1,0,0,0,1.3471404430069638,0
0,road_background,30.086395978049847,78.53580787414,,,0.3270682658764202,32.23110502988113,0.0088249875261416,930.0,29.165971054161123,0.6151803235809573,-0.7883864341037513,156.0,0,907.709228515625,33.48238951411519,48.777509958789594,0.9399618841365263,-0.3412794402985795,-0.0011994156975195418,260.20965576171875,-10.85223943536937,1.2154395837561862,1.2154395837561862,0,1,0,0,3.6053952356588104,1
0,road_background,30.249932289953268,78.9287290321684,,,0.947395297672668,85.60311343990519,0.004847046886172,752.0,33.68610041444362,-0.5100765172168042,0.8601290290322582,223.0,2,794.7575073242188,39.74323646848037,51.62572563815518,-0.9250957875541959,0.3797338329007333,0.005208722858979973,348.68505859375,-7.707035789804991,0.2547518915860006,0.2547518915860006,1,0,0,0,1.1006556614640806,1
0,road_background,30.41730232601472,79.42530808307806,,,0.0916803561540883,148.5889367415269,0.0048470468855138,1224.0,15.826471649478735,-0.7525766947068778,0.658504607868518,65.0,5,1241.0015869140625,13.961242936379508,29.30154216770502,-0.8438399502225351,0.5365949481763964,-0.0035570857597661074,155.2305908203125,2.691888478176679,0.17915680733863973,0.826322416594352,0,0,1,0,2.885729573569568,1
0,road_background,30.28491899537776,78.98382518980596,,,0.4753300360343437,91.7119810353346,0.0128873744227205,663.0,8.615410562643753,-0.7700215609055623,0.6380178647503231,73.0,3,688.203125,31.413955155898247,38.23261709171452,-0.7025903567167809,0.7115945409069595,0.0012077749085865233,121.95989990234375,1.002039885717977,0.11354926948109792,0.29154012937099066,1,0,0,0,0.395363933760208,0
0,road_background,30.2237607098157,78.6790504908082,,,0.1353994164009617,57.54908395279362,0.0058264579370733,551.0,9.989124040512577,0.8705628387201343,-0.4920572566679019,46.0,1,534.4573974609375,18.14512849748209,23.968977634158296,0.971496167175578,0.2370552618339476,0.002237525476511968,59.1859130859375,4.717854649567357,0.12985978845249638,0.24648442288220196,0,1,0,0,8.149867861576547,1
0,road_background,30.228337782571234,78.6787344492614,,,0.3608405458763226,58.00322445137592,0.008517989889475,561.0,22.643281111131632,0.9988499868416298,-0.0479447993683981,125.0,1,538.0584106445312,12.31368133599819,29.876593702982678,0.998549444389375,0.053842428526863606,0.0039013643435160056,112.50967407226562,-6.324013954351813,0.19227148199716634,0.19227148199716634,0,1,0,0,7.847776646339436,1
0,road_background,30.30848542836732,79.30389783747421,,,0.2511354883173792,128.29199006914257,0.0140661818636233,915.0,25.85783647839694,-0.3713906763541036,0.9284766908852592,152.0,4,950.8911743164062,29.969740743221404,42.94781395597375,0.2724733246765604,0.9621633371417255,0.0021890884787773737,215.80810546875,4.574339811466984,0.23825578677006082,0.23825578677006082,1,0,0,0,1.505664363142132,0
0,road_background,30.115955429273043,78.43360720643055,,,0.0666188224495935,17.417203030354337,0.0041959863505183,472.0,22.50225703641086,0.9494848750783712,-0.3138127976953938,123.0,0,422.14434814453125,29.72661674249012,46.16059181992906,0.8761625372854752,-0.482015775942529,0.00842821996751089,150.28570556640625,-19.35467529296875,0.05361616783365801,0.2827287101973041,0,0,1,0,2.5220805467445024,1
0,road_background,30.296640662840115,79.09030203047121,,,0.2171857674446153,103.24716970724114,0.0065497787353923,721.0,15.968099418295768,-0.1397902777495302,0.9901811340591726,85.0,3,722.1216430664062,18.62113642320513,41.95088645574973,0.11330957149828742,0.9935597319773354,-0.00613380726082266,160.04376220703125,-3.6724026262268126,0.061097994705003184,0.17667379225520866,1,0,0,0,0.3843219689217417,0
0,road_background,30.26484231982619,78.93574003755492,,,0.4301035238710694,86.6799653914368,0.00617308160031,681.0,31.750259969383293,-0.9534197080546158,0.3016469132828164,177.0,2,755.692138671875,34.93189154071457,50.756547796196834,-0.9836079429070579,0.1803203112523543,0.003161686628144672,344.23651123046875,-6.075869221332596,0.21294258266196955,0.21294258266196955,1,0,0,0,0.6376944913549982,1
0,road_background,30.208523594684756,78.66425434833367,,,0.2534839836742379,55.38208945524548,0.0059287154608501,588.0,21.99027979518445,0.9409925915226636,-0.3384271601090279,114.0,1,572.3071899414062,28.082309953247403,54.35990047613441,0.9361746384316032,-0.35153527043165533,-0.011961417103795183,176.85516357421875,12.479464444247128,0.1600798971062915,0.1600798971062915,0,1,0,0,10.340777525231891,1
0,road_background,30.25344717417723,78.87875340173628,,,0.0540067310834183,80.11943151863923,0.0147476539437592,667.0,36.0641718159674,-0.9795101877096708,0.2013946180337641,214.0,2,719.5718383789062,43.76478371984033,49.26036195013628,-0.9997020603250114,0.02440882180538869,0.002420444253238766,274.402587890625,-4.18554132634938,0.3013577509932653,0.3013577509932653,1,0,0,0,0.5308275877443683,1
0,road_background,30.23902321256165,78.82495568471113,,,0.8068547851845294,74.41753759171316,0.0059623583154812,580.0,13.910966097929396,-0.8747913560854157,0.4844998279857686,65.0,2,616.7579956054688,17.86619893131654,37.88218698834989,-0.7166257733989183,0.6974578846786393,-0.003643195054097583,99.46820068359375,13.204505100723168,0.1338647110006922,0.1338647110006922,1,0,0,0,0.11059043166484593,1
0,road_background,30.137299892687075,78.39379121141499,,,0.0971823077076307,12.719352416276012,0.0161976518645977,411.0,17.96402006474039,0.2570227035097048,-0.9664053651964906,94.0,0,407.07940673828125,9.591472228144486,37.473665258504894,0.38592200232295765,-0.9225314130819823,-0.0034079264361989645,114.02862548828125,3.904466108842314,0.1585076131541874,0.1585076131541874,0,0,0,1,0.0070664541148189874,0
0,road_background,30.263065647782348,79.21835345782489,,,0.1749167108922203,117.68148108753786,0.0122975212326274,819.0,20.805327017676884,-0.8333974630293253,0.5526741070615525,95.0,4,827.95751953125,22.262240504673432,42.40392629630253,-0.999066494629531,0.04319883457526807,-0.010904695617309675,164.23974609375,17.756979193569236,0.15852874767398156,0.15852874767398156,1,0,0,0,2.4995264462011852,0
0,road_background,30.145405775782653,78.60320687171868,,,0.4987429070518985,45.67617446776306,0.0089449291016059,570.0,37.71236996163477,-0.1595035039599646,-0.9871973623468072,229.0,1,567.1320190429688,24.96216885486705,44.90833027462153,0.007991359660388954,-0.9999680685755812,0.003637427830928566,205.10113525390625,8.724066616089885,0.159646037687705,0.159646037687705,0,1,0,0,11.037346590056366,1
0,road_background,30.528543168273803,79.5274387661459,,,0.6813145732658943,166.30666006175213,0.0059623583152223,1647.0,24.15404655313558,-0.1932564780242632,0.9811482730462596,132.0,5,1677.020263671875,30.685248426972304,38.3006845782494,0.0017405490198394425,0.9999984852434075,-0.0035148039813417235,175.7767333984375,-15.895046770080171,0.043849633345585066,1.1683941203975317,1,0,0,0,2.463362949915805,0
0,road_background,30.233604390895024,78.70949420375105,,,0.2887344152775047,61.61328970568808,0.0074354485911321,556.0,5.822915528381649,0.1961161351381838,-0.9805806756909202,33.0,1,541.5847778320312,13.046973412004878,19.86582614023089,0.8324014790111187,-0.5541730575732656,0.002631131391530492,56.83209228515625,5.228783221284175,0.18674155712577137,0.18674155712577137,0,0,0,0,5.328642902921175,1
0,road_background,30.25780910479377,78.87905424365852,,,0.5301493675567343,80.09956330637564,0.0049888681633991,636.0,16.04294696177856,-0.8230259256433586,0.5680038078383742,71.0,2,670.5455932617188,9.116755777144704,42.049819596023035,-0.9055373618328452,0.42426652746217297,-0.001168557400573277,111.4945068359375,18.319979580965878,0.19708697298901387,0.19708697298901387,1,0,0,0,0.23727320726773288,1
0,road_background,30.323427817269387,79.30299372583987,,,0.7478599694060377,129.8554228690919,0.0116192913639675,908.0,34.50756012361928,-0.940639920797582,0.3394061569888184,194.0,4,969.06396484375,38.22289149472338,47.60481369716816,-0.9434712039916702,0.331454502516572,-0.0046482784624577115,248.08660888671875,13.734898086421708,0.21241219710348058,0.21241219710348058,1,0,0,0,2.2260962223381364,0
0,road_background,30.13561698742777,78.33289297373605,,,0.3479333108728352,5.266248508441332,0.0135619524497183,446.0,29.538782259558104,0.152941176470588,-0.9882352941176472,168.0,0,412.64093017578125,32.679888435014206,43.69894254930294,0.17736061573610096,-0.9841459302286989,0.009960528972099973,205.21893310546875,-12.666711224012147,0.23205196538399825,0.23205196538399825,0,0,1,0,0.05577610246026084,0
0,road_background,30.238477148720506,78.68113748486022,,,0.585316924471868,59.125745414011874,0.0113311727753566,591.0,24.970337178163145,0.6513806620718378,-0.758751100874888,106.0,1,538.6586303710938,32.6236932268478,40.63413773229164,0.8259067377465523,-0.5638067581581899,0.0020297041051674514,153.57290649414062,-18.765161939888912,0.12404816913079782,0.12404816913079782,0,1,0,0,6.998404904795397,1
0,road_background,30.235187816426414,78.71075163471883,,,0.0958324028191424,61.70319534683517,0.0108925137137935,573.0,13.176636939354136,0.4698490814454044,-0.8827467590792445,66.0,1,541.5562133789062,19.86601110785752,35.44603043120392,0.7919215263020355,-0.6106228755782529,-0.005173793952097185,103.95382690429688,-4.553558349609375,0.260838183232047,0.260838183232047,0,0,0,0,5.11610576981873,1
0,road_background,30.515513525261373,79.49361300530538,,,0.250594765509549,162.82871807413198,0.0014474163613841,1403.0,45.46380536115595,-0.6526800634676733,0.7576336415127262,245.0,5,1447.5684814453125,45.84049774087913,57.78624983243188,-0.7096077759311805,0.7045969091175489,-0.002025816174157067,313.4935302734375,2.7194279442148854,0.15225294751705157,0.15225294751705157,1,0,0,0,0.6750752170573044,1
0,road_background,30.5301933,79.51843365569079,,,0.1239369999547218,165.76075964393726,0.0135619524498906,1535.0,23.962023808777246,-0.3675080393262913,0.9300203444175535,124.0,5,1582.288330078125,28.183673037753703,37.929030629281456,-0.7405782633710283,0.6719701152747434,-0.017284663702736944,221.05126953125,24.866128212164313,0.411343249774757,0.411343249774757,1,0,0,0,1.8586676307133123,1
0,road_background,30.405404992639856,79.35353455545956,,,0.1232034390107419,141.51357709876407,0.0088403787774687,993.0,14.301742055401467,-0.4576434318173782,0.889135810388049,117.0,5,1011.5414428710938,31.144732101597118,41.89960484747082,-0.4545014009491694,0.8907460224638909,0.012915303907422078,154.4368896484375,-24.091253107244256,0.09991855938311452,0.09991855938311452,1,0,0,0,0.63242033346879,1
0,road_background,30.21301249070225,78.67520036909644,,,0.4494111581514209,56.41620394198817,0.0108435058485415,577.0,39.60249007337404,-0.4472135954999581,-0.8944271909999159,222.0,1,557.3558349609375,35.92830396449375,48.566083092321826,-0.5753026826692763,-0.8179405988906125,0.005856232781276996,208.25665283203125,-19.96316730089427,0.1395925124785575,0.1395925124785575,0,1,0,0,9.238279094145236,1
0,road_background,30.237114734937883,78.82312869227499,,,0.6258352445509013,74.21097204648751,0.0126455435178962,582.0,14.607427362451745,-0.9336748535812904,0.3581218616476183,82.0,2,615.4190063476562,22.573077334541995,32.15013117411895,-0.9332513834602362,0.3592239625492086,-0.0030653405723348012,88.72021484375,12.713012190889685,0.25440394608613576,0.25440394608613576,0,1,0,0,0.1287420799555813,1
0,road_background,30.12610884404624,78.39012778320662,,,0.0610744241094892,11.43319160527178,0.0110098464809947,492.0,36.40050809718758,0.9991718086377764,-0.0406902546504071,221.0,0,469.1162414550781,38.27303029630249,43.60014822073833,0.9514137963588557,0.30791522875302846,0.02162490393077781,237.84796142578125,-23.553513455982056,0.20296662533210114,0.20296662533210114,0,0,1,0,1.2970567901255123,0
0,road_background,30.407304389487106,79.38119286206425,,,0.0138739687834109,144.18857650961115,0.0085416658144724,1054.0,14.325168124318807,0.5873952888998236,0.8093001758175348,62.0,5,1055.7137451171875,26.24403371348305,64.53888237158412,0.13408802679377912,0.9909694248918837,0.010952154801218706,280.28033447265625,-28.731333835065925,0.1120289040929539,0.1120289040929539,1,0,0,0,0.6141268557343273,1
0,road_background,30.41082756587259,79.39004115212275,,,0.2577007776435751,145.12984581832364,0.00149656975731,1074.0,10.226214981308424,-0.4619344188369685,0.8869140841669796,78.0,5,1095.2310791015625,34.29737897544978,55.66885570666894,-0.999225630735795,0.039346396031310724,0.007489369776925693,172.2305908203125,-7.03663219105124,0.10215213147531095,0.10215213147531095,0,0,1,0,0.30855718745523747,1
0,road_background,30.28669311661388,78.98322292478377,,,0.2949024581035168,91.80835300995828,0.0121146466416982,616.0,6.297279578570529,0.4228854653311238,0.9061831399952656,49.0,3,645.1560668945312,18.756118093160403,38.6630705867507,-0.5051451983768879,0.8630343727550916,0.002056202801566327,98.82818603515625,-4.60875758651855,0.039492393031716914,0.09683676377102321,1,0,0,0,0.2725406552542702,0
0,road_background,30.238145190083515,78.83200663938848,,,0.6051159130430144,75.07254268732076,0.0187616784353004,637.0,23.44414611986146,0.568810207097825,0.8224688129657741,107.0,2,631.0284423828125,25.6125924215041,51.91979197912538,0.6073478139694818,0.7944360470588502,0.008601435498686739,183.3111572265625,-19.23716950219523,0.19481948668833243,0.19481948668833243,1,0,0,0,0.2554291368722651,1
0,road_background,30.22233946217347,78.78011753505555,,,0.1302534168264898,69.42152235356698,0.0132115395629653,562.0,5.362499644812646,-0.1065331236342652,0.994309153919809,28.0,2,564.4601440429688,6.7404437141450515,13.023935374998997,-0.004046147088227754,0.9999918143133675,0.0030179843785388704,39.2772216796875,-1.4090555994963552,0.38517846778621945,0.38517846778621945,0,0,0,0,2.783566914746092,0
0,road_background,30.217852178167,78.80359420782248,,,0.0337867724759178,71.71457677542415,0.0066459649825822,558.0,18.45641864524321,0.0499376169438922,0.9987523388778446,100.0,2,582.7929077148438,23.476959060139187,36.27476018967322,-0.04434500227605831,0.9990162765306361,0.0022466185599527206,136.2408447265625,-5.212546608664752,0.15089277210958837,0.15089277210958837,0,0,0,0,2.630852917400472,0
0,road_background,30.354277287069067,79.31951546032892,,,0.2706724397358239,133.55995947545188,0.00529228925627,947.0,26.455184637901645,-0.984716047606254,-0.1741674642024668,147.0,4,963.663330078125,22.583095913081905,40.943727321726776,-0.7268570252113301,-0.6867888066217561,0.00048026109882733526,198.19561767578125,-0.4841979476045708,0.13019712706598613,0.13019712706598613,0,0,0,0,0.19605943820186802,1
0,road_background,30.26055514131978,79.21968872922693,,,0.0980298528451279,117.54339453705867,0.0010142457106815,804.0,24.85307336012273,-0.8275951732462347,-0.5613254218539677,115.0,4,821.8779907226562,23.010939387748873,43.59091551988877,-0.8902419897789413,-0.45548786990921203,0.005386697510569057,196.44866943359375,-13.596957624451193,0.13909459180412564,0.13909459180412564,1,0,0,0,2.804148542866908,0
0,road_background,30.40728333753492,79.38570949166296,,,0.0078485710271539,144.62309923509804,0.0142061421787258,1049.0,1.3769539890554017,-0.8320502943378436,0.5547001962252291,39.0,5,1057.391845703125,14.403904647478292,43.84739641835399,-0.1399536361574784,0.9901580579515071,-0.0029044272377108968,172.137939453125,-17.221396201898187,0.09022822099943427,0.09022822099943427,1,0,0,0,0.2607351974805138,1
0,road_background,30.290463266748503,79.28021148746703,,,0.0914611335535558,124.57505074469952,0.0065999884204904,844.0,12.39360918751796,-0.3792234174838819,0.925305138660672,63.0,4,847.556396484375,4.607067880768422,37.483932372434516,-0.9998494273113946,-0.017352887514079107,0.0052600531109265386,86.07196044921875,-11.922134273308416,0.0133689794113406,0.49131495182414686,0,0,0,0,0.13524073081990437,0
0,road_background,30.286522213537527,79.16276682571961,,,0.2054452580304919,110.72083045364226,0.0124330542713941,817.0,11.038532615965034,0.546788900938727,0.8372705045624257,49.0,3,816.6329956054688,17.9315591132047,26.425726513619967,0.47958966198514286,0.8774928809494561,-0.012142930652890493,53.91033935546875,13.13209016658061,0.5034681127848264,0.5034681127848264,0,0,0,0,0.8640691333446536,0
0,road_background,30.2721221743443,78.95905001623261,,,0.0902969607567979,89.0136593309425,0.0102060467700112,639.0,28.730172850142985,-0.2310724307958956,0.9729365507195604,166.0,3,694.092529296875,45.36769474212221,54.703729151770766,-0.3552061517782493,0.9347879918670796,0.00969286116213012,281.82916259765625,-18.617579436499227,0.13510931994258912,0.13510931994258912,1,0,0,0,1.1338625063310257,1
0,road_background,30.4110649994868,79.41639667911471,,,0.4534734215687356,147.5496899554885,0.0066459649821242,1187.0,9.761969244030082,-0.5812381937190965,0.813733471206735,43.0,5,1199.1593017578125,7.6107867206615385,31.005990361212955,-0.6427131671916873,0.7661069016256349,0.0020567800049044673,129.044921875,-12.08594456191895,0.5974176522169645,0.5974176522169645,0,0,1,0,1.794534402829309,1
0,road_background,30.39842605591337,79.32902051231467,,,0.0134519860968699,138.66056684515593,0.0077348389823126,948.0,24.17176518041685,-0.8837879163470618,0.4678877204190327,153.0,4,1053.26806640625,51.11049507804481,55.922038400972276,-0.840001668523881,0.5425838155318455,-0.005946694053147629,206.6004638671875,13.440512917258502,0.10026485022900317,0.10026485022900317,0,0,0,0,1.7142502383844829,1
0,road_background,30.28295420926612,79.1669652101846,,,0.4260600640467482,111.24061833721424,0.0123430670811036,811.0,19.42151942541203,0.9643261479171182,0.2647169817811698,104.0,3,803.6446533203125,28.95639950497515,44.46008404004422,0.7984216656525025,0.6020986993979338,-0.008609977882894339,119.1981201171875,9.253705994156803,0.15073363960780178,0.15073363960780178,0,0,0,0,0.9840054843902685,0
0,road_background,30.397256767418156,79.32854720811501,,,0.0167683094812092,138.52352758319532,0.0055826068404903,1028.0,32.86335003171469,-0.8049261287772091,0.5933750308293531,163.0,4,1050.3648681640625,29.020616164381963,54.5063701239366,-0.985272530916548,-0.17099134428765694,0.008937448936127966,214.491943359375,-10.5851369810498,0.1882628746316914,0.1882628746316914,1,0,0,0,1.5790510098155852,1
0,road_background,30.330669157244454,79.31504839068602,,,0.1557112772510653,130.94607256856568,0.0095423580593121,921.0,24.38695354474039,-0.0073527424134128,0.9999729682241424,136.0,4,940.9723510742188,39.77429370718948,47.409861011708706,0.17112390738921734,0.9852495157673749,-0.004054311547970502,237.66009521484375,-4.52648068262522,0.15626391395108602,0.15626391395108602,1,0,0,0,0.8254702056089124,0
0,road_background,30.29426897039204,79.29856751973149,,,0.0019333884682177,126.38860283117856,0.0111500647984612,873.0,24.19477015360099,-0.5564110560103849,0.8309071769755081,146.0,4,940.1150512695312,29.372238512780626,46.08595855116237,0.08717090039054393,0.9961933718536286,-0.0013256246117761775,163.77490234375,36.698344585324094,0.170246667889934,0.170246667889934,0,0,0,0,0.0006945789819141274,0
0,road_background,30.202299922435024,78.63980525120539,,,0.050624395170023,52.72844833607815,0.0029349747879152,634.0,23.552514211939997,0.9635179096299404,-0.2676438637860947,126.0,1,606.0581665039062,22.365542587991825,35.61795752897672,0.8393120123458616,-0.5436500215505746,0.0030802377446767937,145.45916748046875,-4.421286843039752,0.3187615177766166,0.3187615177766166,0,1,0,0,12.579205229646515,1
0,road_background,30.431292460036637,79.42951657109195,,,0.0721454171046933,150.3941512844384,0.0084875974043509,1292.0,17.896342138883487,-0.9909553679602788,-0.134191872744621,96.0,5,1323.9178466796875,19.38832057366315,46.50840635867799,-0.7947311705426486,0.6069615857432095,-0.009520845335365041,121.7562255859375,3.2056269369834354,0.426462031897788,0.426462031897788,0,0,1,0,4.268519952912317,1
0,road_background,30.49531734875013,79.48444229350558,,,0.1701085044726773,160.46899063939702,0.0134539881899898,1412.0,31.096243266249036,-0.9671460864252652,0.2542212570032126,187.0,5,1495.7041015625,56.370039030277546,61.54280966619982,-0.9893725575449497,0.14540269040483844,-0.014183057102194209,304.997802734375,4.334187152957156,0.519291105789916,0.519291105789916,0,0,1,0,2.0363538331005624,1
0,road_background,30.239597337937383,78.7159156479906,,,0.5591567418714902,61.92998886399696,0.012042259849001,574.0,17.987985640523593,0.3285206249412726,-0.9444967967061592,92.0,1,557.7565307617188,18.275017393452252,35.33881892827776,-0.13748793051210986,-0.9905034421765011,0.009079554013108821,104.13861083984375,-19.613774575477805,0.25130738107150213,0.25130738107150213,0,1,0,0,4.422849588217293,1
0,road_background,30.408834163784235,79.36367980045755,,,0.1984485317576394,142.50505287949318,0.0150099242513753,999.0,9.035788824485143,-0.5449883505954142,0.8384436163006371,98.0,5,1024.197509765625,34.18731303381432,48.276900819429,-0.5763817216696663,0.8171805864832518,1.2700700956719735e-05,169.7652587890625,-29.15541467587809,0.03863460213619425,0.03863460213619425,1,0,0,0,0.41346929151942446,1
0,road_background,30.21879259457707,78.7680922694198,,,0.0820876278105935,68.18957394496087,0.0012507642621686,535.0,1.3502244696996155,-0.7071067811865476,0.7071067811865476,6.0,2,535.2379150390625,1.4586002729970335,18.582916558778543,-0.8997946518246351,0.43631363094428266,0.0008746236859729646,37.56903076171875,-6.510799691696775,0.3786188806590557,0.3786188806590557,0,0,0,0,3.571249677843491,0
0,road_background,30.23451959652246,78.83990493751233,,,0.0905673898381628,75.76068756184964,0.0128850237150493,621.0,17.896342138883487,0.1341918727446211,0.9909553679602788,96.0,2,629.7763061523438,19.866483682144967,33.003439221606484,0.2647839642803783,0.9643077580627294,-0.0019299701328175853,140.1932373046875,-3.1721589900245135,0.22360384172266148,0.22360384172266148,0,1,0,0,0.049337687240192565,1
0,road_background,30.235479893741854,78.84701294966223,,,0.009126619911662,76.46323623476273,0.0104938845181214,615.0,31.998331672918127,-0.6881884364992321,0.7255319950689579,136.0,2,670.15966796875,44.77056689911183,48.89597950366227,-0.6728583885305108,0.7397713085705097,0.0020799455881582037,267.1268310546875,-11.166480702802119,0.13604046163906156,0.13604046163906156,1,0,0,0,0.15313121946467512,1
0,road_background,30.13861380782899,78.4038284656892,,,0.3666855857310265,13.58178936215676,0.007773195351063,463.0,26.962533897302656,-0.2162365957693923,-0.9763409930193776,149.0,0,408.25079345703125,37.62447577063748,43.582218257796164,-0.1378800582811844,-0.9904489333268915,0.009592215734684406,182.6549072265625,-24.11174326494705,0.1301457559697339,0.1301457559697339,0,1,0,0,0.3462555424847105,1
0,road_background,30.297063109318184,79.09181390429458,,,0.1769379368020397,103.3945645568912,0.0059623583154369,712.0,11.052669609878356,-0.8020431103403958,0.5972661459981671,47.0,3,714.2636108398438,13.555391237551898,36.178378888408155,-0.9476123718156121,0.31942259278577995,0.0047118489758689215,111.64190673828125,-14.586772319699094,0.049947749145676464,0.2578454191977504,1,0,0,0,0.35655149639077965,0
0,road_background,30.545607926241026,79.53103830924748,,,0.2101228177521009,168.01381519290808,0.0055400484969342,1762.0,40.15770396242383,-0.8532818336519591,0.5214500094539749,216.0,5,1792.043212890625,41.31135285862653,50.14446657397171,-0.9050031590305779,0.4254048449943589,-0.00864721660498078,344.9671630859375,5.888494318181756,0.4663071298272596,0.4663071298272596,1,0,0,0,0.8047027782116742,1
0,road_background,30.274569304459256,79.2311927128867,,,0.0053830215197905,119.445496745689,0.0054580371739125,848.0,39.83529877025462,0.1838060032368466,0.9829625390492236,246.0,4,891.4734497070312,45.23924667457808,48.27505505459871,0.05789092264402474,0.9983229142293707,0.010155650054536348,298.55352783203125,-16.150276625451966,0.18493413254261917,0.18493413254261917,1,0,0,0,1.268853182661341,0
0,road_background,30.46865546952628,79.4432651452818,,,0.6560248061531936,154.79515341101296,0.0072674417387861,1278.0,42.850705625821256,-0.2694966407213549,0.9630013295109748,268.0,5,1355.75830078125,37.98177755498039,58.088316784913715,-0.26216513832728117,0.9650230257594051,-0.0034410191989800443,338.6043701171875,28.958207563920496,0.16053860233896955,0.16053860233896955,0,0,1,0,3.2181795145037992,1
0,road_background,30.26424131800751,79.21363818671136,,,0.2393390369685202,116.95132440863556,0.0123430670815357,753.0,10.555380466061171,0.6797646651599362,0.733430296619931,99.0,4,771.2377319335938,24.925231587664303,51.11017555341126,0.3246905564983441,0.9458203013896432,0.007414669116776035,235.41961669921875,-32.199277263042404,0.07372545925180836,0.07372545925180836,1,0,0,0,2.247240164608771,0
0,road_background,30.206326159684792,78.66154101527768,,,0.4247681392369835,55.0692561204202,0.0086551061299138,622.0,39.52004833321298,0.1091009280016243,-0.9940306773481312,246.0,1,562.0320434570312,49.86984244979042,49.97642784175437,0.192169910161821,-0.9813616691253014,0.0016056243946612303,234.36993408203125,-6.038075092410281,0.1574004749031676,0.1574004749031676,0,1,0,0,10.698058802587532,1
0,road_background,30.40669223354806,79.35783919904439,,,0.0184374443172142,141.93883759404127,0.0118784880849831,990.0,9.946959301027954,-0.1520571842539411,0.9883716976506172,69.0,5,1021.6956176757812,23.614763131094342,48.02617168065296,-0.34593420006251163,0.9382587751932354,-0.0008052541651590901,164.0306396484375,-9.537438258651946,0.10653739217644208,0.10653739217644208,1,0,0,0,0.19493615002074402,1
0,road_background,30.26410590461733,79.21948459515772,,,0.1608691168849397,117.83921416731326,0.012709126272892,819.0,32.17906765366635,-0.8846882866737746,0.4661830492652227,167.0,4,838.076416015625,36.547877521073474,45.234833888508994,-0.8647068624253916,0.5022768579921186,0.004928537676636512,223.88739013671875,-7.0424441503099615,0.17137332842806757,0.17137332842806757,1,0,0,0,2.424444569419532,0
0,road_background,30.412340870540767,79.39485062139462,,,0.2945859955030301,145.62056176469576,0.0284628668847166,1161.0,31.001940781337822,0.4271322938277432,0.9041891414795084,223.0,5,1150.1812744140625,63.329224864547065,66.14924230188386,0.579464328464897,0.8149976024729925,1.4783303225346291e-05,297.6922607421875,-16.074441704868377,0.06448997424366752,0.06448997424366752,0,0,1,0,0.7062286467091663,1
0,road_background,30.221497101325188,78.771353282422,,,0.0687835018305877,68.59593149133168,0.0044912379129711,545.0,0.7874055945561603,-0.970142500145332,-0.242535625036333,4.0,2,544.7374877929688,1.747833875404839,6.867049130556965,-0.3181188519799104,-0.9480508404167911,0.0014401258906232154,10.2098388671875,-0.6735648163094083,0.4627080739383576,0.4627080739383576,0,0,0,0,3.17213144452923,0
0,road_background,30.412226374241577,79.41159986430594,,,0.1775562807664653,147.15802941475226,0.0018544063413793,1175.0,24.01218370209156,0.2319577079001624,0.9727258718393909,130.0,5,1177.4180908203125,34.52998373191551,34.529983731915515,0.30925922623698177,0.9509777762846529,0.0019344664583844822,168.796630859375,-4.185774874096069,0.2805887134020216,0.2805887134020216,0,0,1,0,1.54704864984596,1
0,road_background,30.28150386122445,79.24653514439346,,,0.0942766471370635,121.10968063416946,0.0118934025823449,802.0,9.508656426564368,-0.6766252893427925,0.736327520755392,44.0,4,816.8541870117188,17.66688635284158,35.95027583289827,-0.6283977370016728,0.7778922059843358,0.003211392882861432,139.947021484375,-7.432080986086021,0.22229918962799208,0.22229918962799208,1,0,0,0,0.5710262541915909,0
0,road_background,30.29401356595199,79.08190987982549,,,0.4717647471226077,102.42762978860074,0.0216280710565817,769.0,32.0688940876747,-0.1010838517724733,0.994877909550132,187.0,3,810.820556640625,52.13534145425575,56.809871000202804,-0.10144520513407704,0.9948411281985204,-0.006372045701425531,354.577880859375,1.7067129592264791,0.1467871761607347,0.1467871761607347,1,0,0,0,0.8432943771649214,0
0,road_background,30.221133565420597,78.73885385869838,,,0.087588932826895,64.86171707592723,0.0111500647992212,565.0,20.307500221928045,-0.4864075370399286,-0.8737320572754272,97.0,2,560.4761962890625,23.95501280924741,35.12780937643646,-0.891145900761066,-0.45371685394830585,-0.006443634573907623,127.1324462890625,-2.0352571345557635,0.11330516027436324,0.11330516027436324,0,0,0,0,4.739286179602022,0
0,road_background,30.278819411370765,79.24258894137967,,,0.1584219659564525,120.63200428752168,0.0116192913650018,815.0,18.63974550018102,-0.3162277660168379,0.9486832980505138,96.0,4,837.3600463867188,25.59309950444562,33.35157510649028,-0.3802295853203362,0.9248921355742653,0.004767394767942464,127.40692138671875,0.17005201607696563,0.13043310695745844,0.19534638088586906,1,0,0,0,0.7495188616804243,0
0,road_background,30.321420728484423,79.30355956466414,,,0.6372808809092706,129.65544689246693,0.0191112013094162,960.0,23.881078530833086,-0.8959278822580864,-0.4441995382624125,119.0,4,964.5924072265625,28.31924534013825,45.22694773084108,-0.766203867433139,-0.6425975673238273,-0.0008479651977985015,253.258544921875,-2.5410928016851813,0.334331906642592,0.334331906642592,1,0,0,0,2.297213611231883,0
0,road_background,30.30027836241821,79.00495001881336,,,0.2831807089683997,94.52058404647111,0.0088403787771393,694.0,28.386379696379503,0.3639341469459746,0.9314246811668164,151.0,3,725.106689453125,20.045434628731538,45.90751249717336,0.07158267498868606,0.997434669861372,-0.014110028685122643,182.85931396484375,17.8606491719396,0.067580456106865,0.1403975775306683,1,0,0,0,0.5418484318963037,0
0,road_background,30.082969400161243,78.53398730311417,,,0.4859511139100104,31.845097372220778,0.0036633103372102,939.0,39.00960801192885,0.4814447929851063,-0.8764764179985267,213.0,0,881.4559936523438,35.05516390480923,46.130784593791546,0.44350027335011183,-0.8962742367927219,0.021847642669006895,298.83209228515625,-27.38353483341939,0.8123582178202752,0.8123582178202752,0,1,0,0,3.1990606341424384,1
0,road_background,30.22529926050358,78.81979536806861,,,0.323387803674423,73.45365836126948,0.0043631924077907,569.0,6.697349295207787,-0.8232127859153063,0.5677329558036596,29.0,2,581.328857421875,6.4770655820311624,19.873408097351614,-0.9200480749800634,0.39180548710486385,0.002388973206298387,66.19842529296875,-4.463338552427672,0.32113761833918725,0.32113761833918725,0,0,0,0,1.477468274925493,1
0,road_background,30.2514804429728,78.89230976334159,,,0.3062755684329458,81.41757163572673,0.0084181887096627,634.0,25.645855808388653,0.5832067830913987,0.812323733591591,117.0,2,612.4141845703125,38.31566859724478,46.69063196529692,0.5795203934945687,0.8149577372624303,0.012372115659816857,162.58831787109375,-32.51407642206868,0.10081126832466103,0.10081126832466103,1,0,0,0,1.6698096261205542,1
0,road_background,30.270227879698936,79.16832298395423,,,0.0682795176131502,112.55518083113915,0.0066524580059579,798.0,17.09827707070628,0.4984711242580826,0.8669063030575352,92.0,3,799.720947265625,26.28539696393116,39.411596046581444,0.8124943642958196,0.5829690454797167,0.00042737412018879084,196.56365966796875,-2.0555203020080626,0.18091284557748263,0.20551892539798036,1,0,0,0,2.0089120589935607,0
0,road_background,30.245272890510968,78.9096932665436,,,0.2387858663125769,83.22663956735964,0.0028457767973739,701.0,39.612764584574585,-0.9061831399952656,0.4228854653311237,225.0,2,765.4125366210938,42.04862133494777,49.11116795667667,-0.991662540410485,0.12886196470108377,0.001039260044871774,299.513427734375,2.5093232462228343,0.24592888749689998,0.24592888749689998,1,0,0,0,1.069655933813162,1
0,road_background,30.432980838626985,79.42874069245298,,,0.1493993834456922,150.5797823283547,0.0085179898904544,1326.0,14.70766576132861,-0.7619393177594593,-0.6476484200955404,60.0,5,1329.0679931640625,5.784809856133991,46.50866020621935,-0.6873768282615293,-0.726300967897689,0.0014293093092635743,136.0897216796875,7.895411972172042,0.3902636414382797,0.3902636414382797,0,0,1,0,4.363698391548787,1
0,road_background,30.430407247567924,79.42848052280071,,,0.1704608420502463,150.29488850766464,0.0084181887101632,1281.0,27.354983491958595,-0.9986707093363724,-0.0515442946754257,155.0,5,1309.8648681640625,19.663118593069125,46.50827327558588,-0.8497712357553051,0.5271516355688386,-0.012796801491104775,196.193359375,15.052417597494923,0.30872600471714795,0.30872600471714795,0,0,1,0,4.129178335681855,1
0,road_background,30.289328952380256,79.15618632741919,,,0.1996958295841317,110.14101471311456,0.0078944614012265,815.0,8.680866955824149,0.807790947859209,0.5894690700594227,40.0,3,817.1300659179688,2.653351387643717,26.215798849660164,0.5277763399087402,0.8493833851874747,-0.0023483008425204356,47.4893798828125,11.494829666516011,0.42810093212085365,0.5288817333495458,0,0,0,0,0.7875737898965712,0
0,road_background,30.2464111925268,78.87367481161218,,,0.2315434362347741,79.2693771640626,0.0140773607447189,690.0,10.989685337598363,-0.6351053995925656,-0.7724254859909578,46.0,2,678.123046875,28.158864728643465,31.930481877326066,-0.19555341094288325,-0.9806930526258478,-0.005786519446453656,69.14532470703125,4.052961869673254,0.08067808412612425,0.4129408529992129,0,0,0,0,1.2989931344706784,1
0,road_background,30.239768336326907,78.84865102037544,,,0.360713623631471,76.7992692598612,0.0063634505485019,630.0,24.29407880573639,-0.9378378076817367,0.3470738343389106,127.0,2,665.6561279296875,35.23132141654647,42.47927928751949,-0.9162834510330721,0.4005304449887972,-0.004788064836693505,183.10174560546875,13.485150802233989,0.1698578820659493,0.1698578820659493,0,0,0,0,0.6271346172619613,1
0,road_background,30.28034307965113,78.97232568574327,,,0.1200501732041742,90.58120883014196,0.0116638893927984,723.0,25.781071626671828,-0.8902481629773388,0.4554758043139874,129.0,3,722.1373901367188,20.426334206321133,47.3513922878235,-0.9102463152162997,-0.4140671994195492,0.006179242941801255,165.53070068359375,-8.292342256908569,0.2471973883516821,0.2471973883516821,1,0,0,0,1.5029869087661203,1
0,road_background,30.309091028465897,79.30707513771144,,,0.0314095200511141,128.42660459445716,0.0066094225711585,944.0,22.410170065975223,-0.8406528164418242,0.541574410592329,104.0,4,963.9043579101562,27.014919941245886,44.16412260391207,-0.7298385252634398,0.6836195777194266,0.024272533097002124,189.600830078125,-31.44627846962169,0.4868032790991173,0.4868032790991173,1,0,0,0,1.6029776967231109,0
0,road_background,30.28703670799493,78.98447619796934,,,0.3524581131767396,91.92092884472687,0.0137815395269718,616.0,7.662350300486558,-0.7432941462471663,-0.6689647316224497,86.0,3,656.65185546875,17.53210580826423,36.023258646821894,-0.2519509615728993,0.9677400027706261,-0.003109356073115352,120.874755859375,-1.8957075639204959,0.06357245107686794,0.06357245107686794,1,0,0,0,0.16697020673240082,0
0,road_background,30.08881619840937,78.58191567606237,,,0.0051196632262897,37.63164078305034,0.0102583531783855,832.0,37.73682576715284,0.5685378803551766,0.8226570844533236,191.0,1,833.0850219726562,30.289358060091587,38.28601341220352,0.8097501569238988,0.5867748148665902,-0.01148516661159225,259.47808837890625,8.573885830965878,0.6521046060993402,0.6521046060993402,0,1,0,0,4.602061095637145,1
0,road_background,30.30308110471771,79.30030975691697,,,0.4517270505280976,127.63164060478196,0.0095303817049404,930.0,35.07664121839609,-0.8876826746612136,-0.4604557189419129,187.0,4,957.2578125,40.28436030053995,42.25442277959824,-0.9220022556410278,-0.38718450458774417,-0.0009726857677071299,227.775146484375,2.5892727434143126,0.4219815421409598,0.4219815421409598,0,0,0,0,0.9069232750719955,0
0,road_background,30.26807452055722,78.94273239777104,,,0.3937459018703056,87.44094953051031,0.0085083496231531,668.0,36.2792214259171,0.8582932797672528,0.5131594741465584,189.0,3,665.9848022460938,26.72058553868524,57.51362054104287,0.5488783871899192,0.835902216814738,0.0010356854873933975,237.65692138671875,-23.23009799925751,0.11509467957135197,0.11509467957135197,1,0,0,0,0.4890473406382543,1
0,road_background,30.28805451830316,79.25836878133788,,,0.0339793643847577,122.46020829899628,0.0014965697564885,815.0,14.774422182543711,-0.353892097415891,0.9352862574562836,74.0,4,826.5567626953125,28.473008112524713,40.136416686685486,-0.26930163743532287,0.9630558800374223,0.007261463970683628,168.8807373046875,-11.39769801620605,0.1107297332052203,0.3303702766873543,0,0,0,0,0.0929741773461726,0
0,road_background,30.236795265991283,78.69244109392815,,,0.2161806690442112,59.93646877103812,0.0072624706221679,562.0,15.429676513191891,-0.7970921481540103,-0.6038576879954624,73.0,1,567.5355834960938,25.564234283771615,34.402704970234225,-0.6148729084702534,-0.7886262146475549,0.0072853368842204355,113.3267822265625,-4.3211806116025855,0.27001428630640234,0.27001428630640234,0,1,0,0,6.231638619276426,1
0,road_background,30.29484149832772,79.07521871652732,,,0.3519004371872453,101.78845818844783,0.0085083496226154,710.0,13.886723705145329,0.0674138579923237,0.997725098286392,74.0,3,719.4205322265625,21.005739259931836,43.429382304229236,-0.059761507638224694,0.9982126838528984,-0.0025865205035519655,128.58251953125,1.3026889769498666,0.19046928545847014,0.19046928545847014,1,0,0,0,1.2754238327420284,0
0,road_background,30.26664791283129,79.17566,,,0.3183576293199034,113.32496711056892,0.0161945031991274,806.0,25.27527244058664,-0.2541457893271961,0.9671659204951631,137.0,3,815.7432861328125,36.525188095389346,48.667254634596006,-0.46645228960633345,0.8845463591700603,0.013644717950934984,273.2706298828125,-16.197799304300133,0.1480867629226568,0.1480867629226568,1,0,0,0,2.1706708257033207,0
0,road_background,30.13794925209145,78.39563039149448,,,0.025433304648017,12.866801099165444,0.0173911536273077,412.0,14.00865002478555,0.3874596177320691,-0.9218866766728536,69.0,0,405.4129333496094,8.770877040921489,39.92188005722753,0.9984255661494237,-0.05609268097713559,-0.010093901349429689,109.36697387695312,4.121041794453788,0.05109592686101491,0.18913541986716706,0,1,0,0,0.11406719212563352,0
0,road_background,30.243800969487665,78.91705426763572,,,0.5216416950145997,83.65691160327836,0.0116412768223318,722.0,22.44706987542605,0.2501220325818293,0.9682143196715974,120.0,2,731.0042114257812,22.58379666071703,45.04485853275697,0.40002681340597046,0.9165034361944667,0.0029939703046053226,153.97906494140625,-12.3993600892627,0.08284633165342126,0.9265055159216904,1,0,0,0,0.9055994466420648,1
0,road_background,30.144911934192315,78.59673576152484,,,0.0577944740716328,44.745761094571975,0.0480288295156836,491.0,28.056215780306516,0.9318872501845502,-0.3627480571188183,149.0,1,479.8047790527344,41.29973685001792,43.49826294818579,0.9508717900764911,-0.3095849460757569,0.008541495864701017,164.94100952148438,-23.482477361505687,0.06371675581147494,0.06371675581147494,0,1,0,0,10.893322370782263,1
0,road_background,30.138562363065823,78.40277758596369,,,0.3264434482586341,13.488849909878653,0.008263369681039,445.0,23.22767085385943,-0.3417430630867042,-0.9397934234884372,121.0,0,404.2345886230469,34.714585973220906,43.58221811878792,-0.03971251677587454,-0.9992111468610255,0.006183476164041713,181.0281982421875,-21.160496230953015,0.09798757145559338,0.09798757145559338,0,1,0,0,0.28225174513788936,0
0,road_background,30.429430699372706,79.42835199263408,,,0.1813205983236339,150.18674563432683,0.0502761324437567,1308.0,17.661411261406936,-0.9422146902791404,0.3350096676548055,90.0,5,1313.634521484375,5.4578836199264185,43.96182110050634,-0.9987205038628614,0.050570299227039026,0.0006846349888231687,216.9326171875,3.9977270709582626,0.29427863008977595,0.29427863008977595,0,0,1,0,4.039760162440721,1
0,road_background,30.41968014089829,79.4265878,,,0.114646135100187,148.79319489960184,0.0198545681128052,1273.0,12.712318286641286,-0.3250797685110479,-0.9456865993048666,64.0,5,1261.110595703125,43.622977964517,47.4028992971081,-0.09524345678115535,-0.9954540089528879,-0.008420468664411948,133.4864501953125,6.505994560304771,0.05000514816580622,0.6991626521028101,0,0,1,0,3.161310434719742,1
0,road_background,30.094061707739264,78.43544331791206,,,0.0387382312886416,19.957628308508344,0.0109327230609334,403.0,12.930397332020355,-0.9001592514155135,-0.4355609281042808,77.0,0,446.787109375,37.97936669620006,55.68493090437388,-0.9986120662360148,0.052668217815274046,0.002262352186517905,228.87017822265625,-15.092777472882233,0.09918510929956528,0.1258819738960107,0,0,0,1,0.9203996216177565,1
0,road_background,30.28705666438498,79.12415416132683,,,0.4582054344353294,107.01334788909487,0.0150861461272252,810.0,27.553264834924445,0.1788854381999831,0.9838699100999074,154.0,3,819.77587890625,15.787003221671501,37.57600251438121,0.45062652428170274,0.8927125716678308,-0.009604274224062195,171.42572021484375,8.603293678977252,0.22439386533020933,0.22439386533020933,1,0,0,0,1.7136295094248397,0
0,road_background,30.369598445717152,79.3118370977996,,,0.5885478657113986,135.15154326073176,0.006618520044311,1007.0,31.231514791391643,-0.9675004150201616,-0.2528694266529968,176.0,4,1017.3582763671875,37.63529572402745,38.842232348435104,-0.8292532680728224,-0.5588729886034426,-0.001590703284188574,215.77642822265625,-1.37633571151855,0.2610602817563145,0.2610602817563145,0,0,0,0,0.13557531269781437,1
0,road_background,30.138962720833668,78.59449386555443,,,0.2919771308238589,44.0942769145508,0.0142061421782409,579.0,32.754877470959904,0.9999865770911208,-0.0051812776015084,193.0,1,552.3781127929688,30.06455051217853,44.916566614643635,0.9969731739317382,0.07774632120220301,0.00031691172153534494,208.0638427734375,-6.265306457015072,0.19241083446440263,0.19241083446440263,0,1,0,0,10.213917658524172,1
0,road_background,30.5357208181133,79.52466600564047,,,0.0040150401176742,166.79894705152995,0.0073163131141135,1668.0,35.15750060985306,-0.9749465498183988,-0.2224392613663337,206.0,5,1704.3179931640625,37.54828273634036,57.458713327955074,-0.9998756819404362,-0.015767709540316293,0.006072129331105975,273.28125,-8.501220703125,0.3091686265796471,0.5172206437198567,1,0,0,0,1.654001898245289,1
0,road_background,30.294590398425104,79.1182422289953,,,0.103225624490816,106.0691357141042,0.0055001004000375,820.0,29.855890671294773,0.8013915661623369,0.5981400819907297,147.0,3,787.6357421875,39.95989999732961,45.54137833733217,0.9558122832318839,0.2939776849066147,0.0033406589065154446,243.57489013671875,1.6302091740379865,0.19048180629777536,0.19048180629777536,1,0,0,0,0.8593487977845201,0
0,road_background,30.53114327229109,79.51920234645338,,,0.1312086089495958,166.08180246811978,0.0106807659090542,1479.0,35.658689105512565,-0.1440225658026992,0.989574403741127,213.0,5,1524.478515625,35.08454833156857,37.929036480868,-0.07744968882622984,0.9969962616282572,-0.004493553570914153,249.3321533203125,9.883944424715992,0.38776636354503946,0.38776636354503946,1,0,0,0,1.9720371195614528,1
0,road_background,30.37982164326175,79.32063546662299,,,0.0427066382579713,136.45409200268284,0.0085517000953017,957.0,15.927937328525411,-0.9694515404198262,0.2452829198652572,92.0,4,999.7605590820312,26.423816775830513,45.878663701554906,-0.9108021707382533,0.4128430764570065,0.001489769730743875,165.44512939453125,4.858938674296269,0.1517599188731091,0.1517599188731091,0,0,0,0,0.3903113702630745,1
0,road_background,30.491872522250365,79.48224584515359,,,0.2840582410559595,160.0485456169012,0.0038236733516214,1402.0,26.8583111112794,-0.3883512444316367,0.9215114274649008,140.0,5,1443.7750244140625,32.145798225562785,49.13776585630336,-0.28277183414591944,0.9591872026949445,-0.00409581801951958,216.206787109375,-5.773583782605783,0.3781434285277672,0.6129871381245456,0,0,1,0,2.2919296838356287,1
0,road_background,30.289381760378195,79.15752899214478,,,0.1784079552926832,110.26857648253,0.0272926472652884,777.0,11.8539705749158,0.6828838780646055,0.7305269393249266,46.0,3,798.488037109375,24.399389149835482,25.90988018672618,0.5328584454073367,0.8462043944332104,-0.0021669819525609517,48.3826904296875,1.530292101142777,0.46300513427581397,0.46300513427581397,0,0,0,0,0.728538052136851,0
0,road_background,30.29933049627972,79.30093532463255,,,0.2989648349365156,127.2414106126587,0.0403184550922586,868.0,19.463215648254312,-0.9998220482235222,-0.0188645669476137,106.0,4,893.193603515625,32.917309930347976,37.80193251111891,-0.837153072269531,0.5469686769730836,-0.006112606389737442,128.83062744140625,-7.095848398760381,0.3236343405117313,0.44506760680781365,1,0,0,0,0.48683937610523176,0
0,road_background,30.44852280206749,79.42928028148069,,,0.0484443279735648,152.3025559654821,0.006180003028638,1375.0,42.9066656207626,-0.9933932203097084,-0.1147602276170061,277.0,5,1384.183837890625,37.84018552719437,62.054208107014794,-0.9346035657865521,-0.3556911227723598,0.0017089916340481564,364.291259765625,-6.907378898179331,0.28797444051254173,0.28797444051254173,0,0,1,0,5.115491549009417,1
0,road_background,30.26188896130312,79.21874689399365,,,0.0645286124550255,117.60289042215922,0.0120888317170007,823.0,27.838974955039955,-0.9467727448197126,-0.3219027332387024,150.0,4,848.6588745117188,31.30644228653744,43.59106931549537,-0.7400836260370517,-0.6725148522314206,-0.010084179001317393,190.489990234375,17.70665192407023,0.09672045512290683,0.09672045512290683,1,0,0,0,2.635247770458702,0
0,road_background,30.18296648298025,78.62553727022849,,,0.3074432204317763,50.14084365188913,0.004295373817173,580.0,41.51845656804221,0.2522686202180486,-0.9676572447169928,257.0,1,539.712158203125,42.425916445372025,54.274580018399945,0.2978282553922654,-0.9546194688408568,-0.004699600522909847,228.22348022460938,-8.25330447362478,0.09740916132467821,0.14353201265660323,0,1,0,0,15.007217908055328,1
0,road_background,30.297562073973925,79.30018595814217,,,0.324800815633222,127.0346058556057,0.0137814465672599,864.0,17.489712241907654,-0.9943889131791124,0.1057860545935225,94.0,4,898.3001098632812,10.135170938361556,32.726591010215856,-0.4875230628677793,-0.8731101094203522,-0.010078551971998723,104.79901123046875,19.926993882360534,0.11801807672499708,0.30970981219967136,0,0,0,0,0.31127008637004255,0
0,road_background,30.437645214377216,79.42940991057986,,,0.0712774268102612,151.099929646028,0.0139497960434257,1323.0,30.721700071729607,-0.9984256421484636,0.0560913282105877,178.0,5,1342.990234375,28.74686128285469,41.94788462909654,-0.9920702037298057,0.1256849667681132,-0.0039709085599339555,168.18408203125,3.631374895080171,0.3138186848175864,0.3138186848175864,0,0,1,0,4.801554369336968,1
0,road_background,30.5293109020434,79.5144168974741,,,0.0792064118995166,165.34213795526054,0.0174301540088943,1454.0,34.6605872943073,-0.6122704244304069,0.790648422099108,164.0,5,1517.421142578125,50.15928642066883,53.69479638828314,-0.5478776022763318,0.8365585053801902,0.0032218585698804082,324.4959716796875,-15.277417395725706,0.31725410969881573,0.31725410969881573,1,0,0,0,1.471484345851307,1
0,road_background,30.413254787500662,79.40981135009402,,,0.0126655218591862,147.03409862428205,0.0086568585934333,1155.0,21.80209548384262,-0.008333043996551,0.9999652795861222,120.0,5,1153.4510498046875,27.12236800695541,35.2128885217518,0.4247642633269887,0.9053039934741703,0.0003620095906076643,167.2501220703125,5.2795551394629,0.17098406520529563,0.17098406520529563,0,0,1,0,1.5198087895079273,1
0,road_background,30.48291965801614,79.4708342402167,,,0.022787746547651,158.3190174663273,0.0064210495518597,1449.0,44.56831375543572,-0.6361815827492872,0.7715393663129652,228.0,5,1481.78515625,36.42231060455431,62.087957249558784,-0.8745988734389082,0.48484720333254755,-0.0037029786700131253,457.74853515625,6.097808585679331,0.23294104883205716,0.23294104883205716,0,0,1,0,2.906831936574398,1
0,road_background,30.30787949743042,79.0389513570859,,,0.1724059468742686,98.08635828778024,0.006482910721453,753.0,17.29165232220518,-0.2248595066987584,0.9743911956946198,93.0,3,758.7548828125,3.7411150405810885,37.81974248162473,-0.1640213174592199,0.9864567945018888,-0.0034490941276048917,119.2723388671875,10.885432976336574,0.2988577800311548,0.2988577800311548,0,0,0,0,1.216645672223945,0
0,road_background,30.52834154247098,79.52520859927904,,,0.5193302691354991,166.16415552740807,0.0122975212325521,1637.0,22.42335855928612,-0.1130909348410827,0.9935846418180838,123.0,5,1669.007568359375,23.34557689075798,40.92540500118857,-0.46028608825159223,0.8877706443457384,0.008856645898141387,201.5777587890625,-10.974716312629198,0.22460979062127862,1.0403826063323793,1,0,0,0,2.3998061013847822,0
0,road_background,30.28590694701304,78.98099531603525,,,0.2064234592828681,91.59464268053368,0.0039088190100879,661.0,13.720557158333222,0.0819155567294538,0.996639273541688,73.0,3,671.9385375976562,4.677618819294199,32.77677406568656,-0.18005041524818247,0.9836573834262401,0.007355920512420028,97.542236328125,4.447328677847395,0.1332967256791435,0.2186608481912937,1,0,0,0,0.48192370644638155,0
0,road_background,30.35728508373859,79.31826650617954,,,0.1733349045154431,133.8999301982466,0.0098239429825102,927.0,21.68296314529229,-0.8215881135914241,-0.5700815482062941,98.0,4,961.90625,25.315387236152663,54.70478475886553,-0.9498060814602327,-0.31283926802937906,0.007536284582382481,256.50286865234375,-17.624610081191918,0.15383594419336893,0.15383594419336893,1,0,0,0,0.17720279879819317,1
0,road_background,30.30051349128148,79.30060919232325,,,0.3592198960714715,127.3616809890706,0.0116412768220852,858.0,19.689673297252916,-0.8849182223819824,-0.4657464328326224,95.0,4,899.9463500976562,27.256213949889062,41.73237602825973,-0.6788272266076367,-0.7342980296965151,-0.017913641020308124,183.3876953125,1.1327317923553437,0.442165240782186,0.46315199182429223,0,0,0,0,0.6211985423253182,0
0,road_background,30.244024138740286,78.87649286547767,,,0.6094619823538501,79.2886720062001,0.0087830159648451,658.0,11.707711630795371,-0.9007686813688952,-0.434299185660003,67.0,2,697.792236328125,34.93745521784186,36.68814417626101,-0.8855474195347791,-0.4645489939234546,-9.75345953216039e-05,87.642822265625,2.762295809659122,0.04682518209097232,0.7909665455335676,0,0,0,0,1.255178232626815,1
0,road_background,30.28717606552068,79.16178814908177,,,0.1464342672961799,110.61781154510405,0.0013134927156498,799.0,12.123615839923607,0.6672483215852396,0.744835335723058,48.0,3,809.4729614257812,22.75702195770358,26.425745070098795,0.3858024672938824,0.92258140899866,-0.008877735283381379,51.6839599609375,9.39368987280477,0.589718411371417,0.589718411371417,0,0,0,0,0.8055287290308176,0
0,road_background,30.30642446904231,79.04540516042978,,,0.0482952893156754,98.71835626483228,0.0137551595458446,778.0,12.022576768787337,0.6417226326736842,0.7669368049026959,49.0,3,775.9098510742188,17.193671106241023,29.470737129027857,0.5369638820226453,0.8436052331530255,0.0009886547418528678,109.513671875,-0.4874237312758396,0.3431203622964467,0.3431203622964467,0,0,0,0,1.1377091313184997,0
0,road_background,30.242819081874803,78.86975638377253,,,0.2663280601486181,78.72283191491512,0.0065659827771926,660.0,19.783996656977774,-0.3521387758758063,0.935947799038327,101.0,2,689.5426635742188,20.542775568176832,34.1449961052458,-0.5308455675637268,0.8474685736934112,-0.004638239750705587,135.1270751953125,-3.643145600626326,0.33928274976477585,0.5068058564036065,1,0,0,0,1.1420432312102502,1
0,road_background,30.275004503242968,79.22898964532706,,,0.1907555934464021,119.3517821153976,0.0016040446730739,787.0,23.527335287876262,-0.1990599242901046,0.9799873195820534,128.0,4,881.8590087890625,41.681725271616216,49.009154660306045,0.14498328574496294,0.9894341043518736,-0.011463258201191897,249.83941650390625,25.495515177072548,0.17688295182552707,0.17688295182552707,1,0,0,0,1.2524991095377491,0
0,road_background,30.24654018348294,78.87257408582597,,,0.1490570182777111,79.20142700891688,0.0122452569100195,684.0,12.544569696915534,-0.9887155042247666,-0.149805379427995,66.0,2,685.8758544921875,14.977921211656364,36.34930411281358,-0.2820953274719826,-0.9593863800463684,-0.01026275305555117,88.07977294921875,20.61060881811727,0.08769204649295273,0.3365897832576288,1,0,0,0,1.3122429828679913,1
0,road_background,30.546474132652,79.53226885017285,,,0.1967258985872296,168.16551918747265,0.0159813744068789,1776.0,34.8316181151828,-0.8670615157120183,0.4982010919008282,181.0,5,1819.987548828125,38.35992585518415,46.481438217756796,-0.6770264887118439,0.7359586493699978,-0.003278992763594904,328.989990234375,1.0672435918129395,0.5018359977129252,0.5018359977129252,1,0,0,0,0.7940428129837173,1
0,road_background,30.45923054546757,79.43143685044816,,,0.2518890066729833,153.4439754298587,0.014965231306352,1304.0,44.67045498719319,-0.8665782699607883,0.4990411827011545,257.0,5,1378.7900390625,30.851160203138953,58.868811295744536,-0.8827169680442506,0.46990504820310824,0.007267638598450103,332.660888671875,-3.168481243543283,0.16285408457877856,0.16285408457877856,0,0,1,0,4.3543854124428565,1
0,road_background,30.25772654776524,78.9215424944896,,,0.0157120104195227,85.00904659073116,0.0230659019087747,684.0,29.84921548180425,0.6621977964717106,0.7493290854811462,155.0,2,677.7443237304688,34.78929428863021,42.42070510548772,0.9091069945870501,0.41656268723074696,-0.0027178025525295226,189.19818115234375,10.292070877453511,0.14454489410608726,0.14454489410608726,1,0,0,0,0.90044220974042,1
0,road_background,30.151758817496,78.61469490760216,,,0.5509656180111334,46.616399329187466,0.0084875974046828,631.0,25.718432563872085,0.6643638388299198,-0.7474093186836597,116.0,1,559.009765625,23.239009626900963,39.378478852315936,0.6608030345371081,-0.7505593577769513,0.004978649266107489,216.30780029296875,3.1579065244060303,0.23051895271965014,0.23051895271965014,0,1,0,0,11.960580721376708,1
0,road_background,30.12362459704428,78.38700960662636,,,0.0627739273225598,10.960019943781749,0.0077395163288515,565.0,41.56494759552538,-0.1503621274670648,-0.9886309880959518,263.0,0,511.08721923828125,48.488369054912674,50.27597751974786,-0.22923197803445816,-0.9733718201419279,0.008311556691940643,302.60693359375,-5.638305159639685,0.2112818344702511,0.2112818344702511,0,0,1,0,1.6466647564567445,0
0,road_background,30.23830877361024,78.82431761938706,,,0.7384015428442919,74.34456937428945,0.009157219972314,609.0,18.71074126563356,-0.5905099943842171,0.8070303256584301,88.0,2,617.4927978515625,15.782507792162715,37.88211812615911,-0.7659579075002344,0.6428907247253318,-0.0010519800707693787,93.39422607421875,9.940827172649847,0.17215453497601338,0.17215453497601338,1,0,0,0,0.021535397850008395,1
0,road_background,30.291519966940744,79.28833431671706,,,0.1202381912787608,125.36490567373605,0.0078895059522469,878.0,23.44167460019249,0.2767511843030121,0.9609416121632366,125.0,4,888.9889526367188,33.70100769005252,43.06816308522191,0.30562579661490635,0.9521517066326689,0.002974564382830232,238.53955078125,-3.9017989733987406,0.1094678811274995,0.1094678811274995,0,0,0,0,0.13317526375410588,0
0,road_background,30.294325463080902,79.07956299868249,,,0.4273475194989443,102.20354950225858,0.0047709446883507,697.0,30.296694500741985,0.2852535947741893,0.9584520784412764,168.0,3,766.6688232421875,40.10260300494518,51.770026893175924,0.2278920701596931,0.9736863993906506,-0.005783904608054583,250.914306640625,2.0931260290224145,0.11545512988669424,0.11545512988669424,1,0,0,0,0.9658472598375771,0
0,road_background,30.511650974252465,79.49337712661523,,,0.0147530420208234,162.47191801583207,0.0303647182097585,1652.0,41.084579088391536,-0.917555625309924,0.3976074376343004,240.0,5,1672.5423583984375,49.904136914043875,62.051777241878995,-0.8683853700050862,0.49588995670524477,-0.02371035989988847,391.5167236328125,45.38783554203246,0.314095629748006,0.314095629748006,1,0,0,0,0.7054811599827544,1
0,road_background,30.21819086412856,78.79957947065697,,,0.0273104656597579,71.34310716876793,0.0224947494195744,575.0,16.349170683956118,0.8067660937467361,0.590870941899018,97.0,2,572.694091796875,8.181671351464155,33.39079736594653,0.5681057572533885,0.8229555568653474,0.0014858387372157058,94.26385498046875,-6.593228426846622,0.28285353966556387,0.28285353966556387,0,1,0,0,2.6801860708134457,0
0,road_background,30.269439135661717,78.95318919630985,,,0.0069209197733024,88.38390312566777,0.0095783766621748,624.0,29.598625651107067,-0.6102777774098923,0.7921874995224564,135.0,3,707.5967407226562,29.111683123253595,45.97264389379208,-0.6082124105544093,0.7937743153110931,-0.007177054947578941,240.3311767578125,2.0298567842845614,0.15842320940314028,0.15842320940314028,1,0,0,0,0.49627953182586815,1
0,road_background,30.211363642763185,78.66554804975736,,,0.0043610992374617,55.585579069941325,0.0044912379128117,612.0,31.08346829088025,0.873635136354786,-0.4865815949317797,158.0,1,567.4430541992188,36.64241565122818,47.276109204270014,0.8944533976674496,-0.4471611783251709,-0.001629788673993752,197.30401611328125,-1.9628939037480677,0.12048211819275229,0.12048211819275229,0,1,0,0,10.035535965089963,1
0,road_background,30.407284769051287,79.3480783221843,,,0.1307187629505015,141.00923346693696,0.0087830159649426,1005.0,9.479030544199953,0.0598922907279466,-0.9982048454657788,94.0,4,1007.1724243164062,25.30110174120527,48.608435687558924,0.12640119460674787,0.9919792024039552,-0.003245940444370171,118.11334228515625,-10.582781326672261,0.08312722546642795,0.08312722546642795,1,0,0,0,1.0553475664991865,1
0,road_background,30.24204428400349,78.85577416762402,,,0.3134733640394998,77.52788437785331,0.0072624706222489,657.0,28.35352201192628,0.1050063132856112,0.9944715552343184,161.0,2,685.8140869140625,28.218538334561835,45.81292839231333,-0.050610082013128034,0.9987184886636596,-0.001013486473458808,218.92205810546875,5.01825808690603,0.157996242224871,0.157996242224871,1,0,0,0,0.8710034178082963,1
0,road_background,30.12589732403717,78.3598388015869,,,0.1009226079306895,8.10889288413405,0.0214791024535088,454.0,33.83257454489017,-0.5569933880295251,-0.8305169267940243,167.0,0,422.30657958984375,31.13651131606616,46.72865671555413,-0.6686240151832967,-0.7436006497577625,0.005046634259274624,232.89584350585938,-14.242667206062777,0.16732623382158449,0.16732623382158449,0,0,1,0,1.442487278333974,0
0,road_background,30.421286549112438,79.4235050507834,,,0.3815467967088619,148.57341354133263,0.0066562631361183,1263.0,23.97577371272972,-0.914428660574951,0.4047471120577651,122.0,5,1272.7979736328125,8.519620464315384,45.352405688370894,-0.3220257587851315,0.9467309072164383,-0.001783683353545974,120.90478515625,13.984240823540858,0.26396343864233884,0.3642253182559816,0,0,1,0,3.0669483681940943,1
0,road_background,30.256632808558564,78.9211476212776,,,0.0684631223197363,84.86012696478937,0.0090009956332914,751.0,17.508996647267743,0.7818985947848452,0.6234056363825117,79.0,2,705.0905151367188,34.18098828296313,42.42052753318348,0.9976759914318867,-0.06813674574267604,0.014865360389406855,211.6444091796875,-6.4124508692212885,0.2456681450840941,0.2456681450840941,1,0,0,0,1.003683260426838,1
0,road_background,30.0818200094724,78.53410471707133,,,0.5868595337971115,31.76700964980102,0.0150099242515105,918.0,30.903182393153006,0.5234758647036898,-0.8520405031879202,153.0,0,868.8731689453125,22.637869695886373,49.071632429349144,0.9447768199817481,-0.3277144495214934,-0.008839316891886589,238.91021728515625,20.301840033412986,0.6877491525882253,0.6877491525882253,0,1,0,0,3.0760590377378896,1
0,road_background,30.12487867448553,78.58968758821923,,,0.3662672360927203,42.0441448218977,0.0104938845178731,555.0,21.09535930081537,0.2160154734833404,-0.9763899401446988,113.0,1,542.2001342773438,14.675455184771225,43.26744365043595,0.5727076284590822,-0.8197597040015896,0.0003619490801072109,197.1246337890625,-10.98127532202352,0.21293940662527192,0.21293940662527192,0,1,0,0,8.618055005304598,1
0,road_background,30.252492695395617,78.87845880116278,,,0.051593434972333,80.06418193954927,0.0055826068410152,699.0,39.712642829511935,-0.9631721335644856,0.2688855539534188,240.0,2,709.0653076171875,38.63513645074333,49.260089773954725,-0.8970529819073638,0.4419230109997745,0.0045525844939546395,257.869384765625,-10.540870855662433,0.30391726938929203,0.30391726938929203,1,0,0,0,0.6207312235310102,1
0,road_background,30.40476398554777,79.33993031216447,,,0.0768642113308205,140.203450476261,0.0122609515276199,1013.0,11.542945380584484,-0.4406731906394145,0.8976676105617704,55.0,4,1058.406982421875,34.64859870538018,43.723695945830244,-0.10311363833793738,0.9946695821169526,-0.01278093006134243,190.20892333984375,8.556102910317577,0.08957501360883757,0.08957501360883757,0,0,0,0,1.8854147568691189,1
0,road_background,30.3269282,79.32166776219204,,,0.8852887577168598,130.69882043970352,0.006565982777829,913.0,12.590817008436192,-0.9998886352243332,0.0149237109734975,67.0,4,918.0068359375,37.680951179923404,42.90315068638205,-0.9994045629916879,0.0345039051614934,0.009146281555656196,161.31536865234375,-20.381776920034895,0.05166876902049583,0.05166876902049583,1,0,0,0,0.5197161922284185,0
0,road_background,30.06909316338179,78.49078323123297,,,0.2357880095289177,26.921225824772964,0.0262507306458514,476.0,25.084525511011247,0.890113825064477,-0.4557382784330121,133.0,0,411.1361389160156,22.364266680442125,54.07871839702107,0.9873333998969054,-0.15865924948775423,0.012181734447348328,163.41180419921875,-38.5704320481986,0.06332907188341612,0.06332907188341612,0,0,0,1,0.3936059456985385,1
0,road_background,30.24912795777009,78.89691594207237,,,0.2175103584645741,81.92375887757747,0.0078944614019204,640.0,20.87179643513276,0.8567206049113288,0.5157807723445755,98.0,2,624.5972900390625,30.548205289655467,39.79658820345532,0.9129785599005247,0.40800753566811016,-0.004996933019566418,153.49884033203125,-5.844922278538206,0.10571127703081812,0.10571127703081812,1,0,0,0,1.8179040163843516,1
0,road_background,30.241232953717923,78.85216945354696,,,0.3718019512997592,77.1743973900811,0.0143850183432123,658.0,22.557250501790246,-0.1604937965832606,0.9870368489870532,123.0,2,682.3965454101562,29.799005935163386,42.47934474800154,-0.205516548128356,0.9786536406949116,0.010788309044803473,185.24102783203125,-21.709546301975706,0.41911418809151824,0.41911418809151824,1,0,0,0,0.7696904660179017,1
0,road_background,30.067286633433586,78.46561013848094,,,0.3178020226500656,24.40312463995533,0.0096278749865901,481.0,9.899291772263616,-0.8786245095725466,-0.4775133204198623,48.0,0,486.2400817871094,5.568421421270609,39.333844198258284,-0.9897973508222256,-0.14248229470816345,0.0026370915162757125,84.93594360351562,5.1254040426459255,0.2881468040086795,0.2881468040086795,0,1,0,0,0.5473687118039742,1
0,road_background,30.340603957198,79.31945187903955,,,0.1710420969645045,132.1068187468754,0.009722007127802,944.0,12.76055201634139,-0.7359310117618297,0.6770565308208832,69.0,4,983.1676635742188,44.80697132566031,52.08501313495481,-0.5332256779148156,0.8459730352749344,0.0027140951402304533,253.02435302734375,-15.443503135491937,0.07451556471777726,0.35110048524761056,1,0,0,0,0.007625617116304783,1
0,road_background,30.29722330082554,79.05875553519874,,,0.3848215561821227,100.32212429523496,0.0102299716028331,710.0,23.007560607531648,-0.3767981292019328,0.9262954009547514,118.0,3,725.3375854492188,33.62120083156448,45.635976375665656,-0.2752564224535824,0.9613708451466869,0.014651862777704756,203.74755859375,-24.47776706159607,0.1867596896337654,0.1867596896337654,1,0,0,0,1.5181664902495,0
0,road_background,30.073418475631907,78.44805307199555,,,0.0525264834529368,22.611269035514454,0.0057044242988054,452.0,21.39126491083083,-0.7403249966411385,-0.6722491348810338,87.0,0,444.67657470703125,28.167096787374707,35.366197762734096,-0.5695521952430366,-0.8219551672042934,0.0003119914628619733,112.0306396484375,4.361196470654704,0.12353786072524714,0.12353786072524714,0,0,0,0,0.4440039031202597,1
0,road_background,30.207152764507004,78.66309267978751,,,0.3729058125503195,55.23645730153882,0.0128873744227269,641.0,35.14450550834623,0.6581693191022402,-0.7528699405557998,188.0,1,581.6304931640625,38.902022964968765,49.976441091795074,0.5947331831277662,-0.8039231560831638,-0.0001339748426540709,207.89764404296875,13.463828851368817,0.16229590428483875,0.16229590428483875,0,1,0,0,10.526412586918244,1
0,road_background,30.295192836981546,79.0734232913755,,,0.3054673173479845,101.61758088129402,0.004431035183207,682.0,12.973775869268836,0.0578738495143478,0.9983239041225,69.0,3,712.40625,22.929075455056402,39.458566038276466,0.06462732639591005,0.9979094691819076,-0.006750917233876084,95.99334716796875,6.423879576123454,0.1487168787423325,0.1487168787423325,1,0,0,0,1.414198287610768,0
0,road_background,30.489060862314037,79.48529779107245,,,0.0755295268271677,159.8170458914581,0.0158364993591969,1471.0,28.45825559617028,-0.0860988419783628,-0.9962866000353438,162.0,5,1460.650146484375,36.19140515646117,49.01279582956736,-0.24528894017009403,-0.9694500171902789,0.005474349895412132,238.599853515625,-1.8602244479598085,0.1597357230302339,0.9869671317369033,0,0,1,0,2.081426159489457,1
0,road_background,30.257911464330853,79.22026436648589,,,0.3628176496436446,117.5141282211068,0.0023778277699174,794.0,22.51209145999796,-0.9007686813688952,-0.434299185660003,124.0,4,805.266357421875,21.929918093760993,42.93855365770755,-0.9198491888974747,-0.3922721882630197,-0.0040822933454713875,164.92364501953125,-6.553370956547042,0.09935741307842673,0.09935741307842673,0,0,0,0,3.0997156133664974,0
0,road_background,30.08518502742337,78.53549026686045,,,0.4045218127900429,32.117685323538865,0.0079359202517512,962.0,34.73764978885928,0.9998960036511462,-0.0144215769757377,208.0,0,916.1795654296875,42.473778785611444,46.1018225161435,0.9993859658264512,-0.0350384261794289,0.008511352350987138,230.20184326171875,-5.114763244124447,1.0781062368155716,1.0781062368155716,0,1,0,0,3.4677465643838437,1
0,road_background,30.42333407293651,79.42482014958368,,,0.5117237558016294,149.50794162948668,0.0012507642616106,1242.0,29.665849859262984,-0.8426962598121401,0.5383892771022005,144.0,5,1272.37451171875,4.455003213118022,46.102166257235744,-0.9906963554459239,0.13609089354605444,-0.0012666207836006284,153.78271484375,11.155320853241165,0.32519852062672444,0.32519852062672444,0,0,1,0,3.315672970841783,1
0,road_background,30.405174933590512,79.333189989507,,,0.0263303959424274,139.56153472976746,0.0109341831419614,964.0,17.748280443764315,0.0208288136818356,0.999783056728112,127.0,4,1033.923583984375,52.005537141192725,55.25096502948986,-0.0768609598399491,0.9970418210147866,-0.01587854994668686,173.3741455078125,3.389393703996575,0.07732681955307806,0.07732681955307806,1,0,0,0,2.5012003369577647,1
0,road_background,30.32784136513035,79.3213682405808,,,0.8310702395166631,130.78874478681124,0.008257008447283,890.0,15.075465848688944,-0.6558722842844453,-0.7548718743651163,73.0,4,914.5355224609375,37.112984859692624,41.96670248591158,-0.8765984720376195,-0.48122252526384385,-0.00034263248026517203,128.552734375,-12.082139700897415,0.017141371695731527,0.045627959429874375,1,0,0,0,0.48818907626721664,0
0,road_background,30.34908136975113,79.3198215841755,,,0.2610840308515899,132.98475143126103,0.00524772064716,910.0,22.405551465732508,-0.9944610622282516,-0.1051056407233112,123.0,4,952.4883422851562,31.602299788680078,46.72683610608737,-0.9956533912431746,-0.09313605373842013,-0.01593492504881144,187.673828125,7.0760498046875,0.12823104077418934,0.20269889890872067,1,0,0,0,0.07377813741662662,1
0,road_background,30.067889731761944,78.47025365755199,,,0.184093042825892,24.83464212514053,0.0063220386037788,492.0,4.879793459751458,0.6246950475544242,-0.7808688094430304,26.0,0,488.6531066894531,9.543019843116971,29.885119122758912,0.9104969681870888,0.41351574446702677,-0.0055968680479233195,67.88461303710938,1.6946620468265792,0.3712796021325658,0.3712796021325658,0,1,0,0,0.28844446099194954,1
0,road_background,30.285798684614612,79.25122536897412,,,0.0873114099773861,121.73914571019796,0.0068806407031194,802.0,21.134094585125364,-0.5346417126044627,0.8450788360522153,101.0,4,840.5663452148438,47.07540202119309,49.668237932521585,-0.38391416251348026,0.9233687864670178,-0.0022223435856409584,252.8890380859375,-8.881764309465439,0.2509946710642649,0.2509946710642649,0,0,0,0,0.201023501527541,0
0,road_background,30.215616987384227,78.76444656024262,,,0.2662041805507444,67.72864107786833,0.0064829107226238,529.0,11.268529661509747,-0.9535826651341416,0.3011313679370974,60.0,2,543.3515014648438,25.209549429340164,34.14465583522306,-0.9966290712337988,0.08203959026991449,0.005347350669406984,76.993408203125,-5.460915809820563,0.19361637485639513,0.19361637485639513,0,0,0,0,4.037317451075383,0
0,road_background,30.070852615849404,78.5120943614428,,,0.1818867294030074,29.399020061382032,0.008517989890518,653.0,28.71811273164156,-0.9977581562766362,0.0669228031648963,164.0,0,686.082763671875,18.90977323970073,42.91012386908676,-0.7511007101667555,0.6601876424070626,-0.0035531144551779227,218.66937255859375,9.287923008942357,0.412790071445636,0.412790071445636,0,0,0,1,1.147133353471619,1
0,road_background,30.22493241731993,78.73288863523611,,,0.0318557233961803,64.15263355030658,0.0179903598830039,576.0,21.777380406008877,-0.7592566023652966,-0.6507913734559686,91.0,2,598.775390625,31.991615581911663,40.5031932589371,-0.7764851879793004,-0.6301355035615359,-0.007592417769812366,172.37066650390625,3.941827443020429,0.1758525158293227,0.1758525158293227,0,0,0,0,4.775756099873348,0
0,road_background,30.22213254007868,78.73680829686323,,,0.0430142416112758,64.64045709287372,0.0098426360152137,591.0,32.205139563761,-0.4022064895245426,-0.9155489827334984,173.0,2,562.2435302734375,34.979504667142365,36.96329037749601,-0.30520094011039,-0.95228797438366,-0.005490308146864364,164.36712646484375,-5.799469246352032,0.10403627659880663,0.10403627659880663,0,0,0,0,4.768044967651921,0
0,road_background,30.22067829637918,78.68075672826744,,,0.1496235131396927,57.3155829707196,0.0130489171835507,554.0,11.052669609878356,0.8020431103403958,0.5972661459981671,49.0,1,541.7203979492188,20.299893656968795,31.19267123122384,0.9322451241151334,0.36182734634568403,-0.010057995882856175,68.22073364257812,22.700296701478578,0.15488843757396278,0.15488843757396278,0,1,0,0,8.260316670905041,1
0,road_background,30.299457097756644,79.11219235154822,,,0.2419485104808371,105.34900523879048,0.0113311727761873,794.0,6.091478002079769,0.2498780190217697,0.9682773237093576,35.0,3,803.356201171875,19.847631355595578,31.99878570384798,0.2037663509959635,0.9790195474053569,0.002521353847927518,68.623291015625,-0.8037633974689697,0.41738288703357607,0.41738288703357607,1,0,0,0,0.3316561243415394,0
0,road_background,30.29153197271631,79.2814754280932,,,0.0022799765553788,124.71635958085416,0.0100884711428799,850.0,7.221493673514509,-0.8155071447352173,0.578747005941122,31.0,4,859.47900390625,11.88295207990864,38.864906104173436,-0.592292112877605,0.8057233104627062,-0.002103528964958911,130.626953125,-2.529380104758502,0.16982356087945524,0.38358297578695455,0,0,0,0,0.06169055486944808,0
0,road_background,30.301627517437048,79.00093516518817,,,0.4303555396709283,94.13349762921057,0.0259613170985507,715.0,24.57744098026169,0.6923801015595329,0.7215329479409869,126.0,3,687.7962646484375,48.52423303474596,52.66249831233553,0.3926303646870946,0.919696361157137,0.003067183649793047,195.920654296875,-24.991544360956823,0.10718700343556647,0.10718700343556647,0,0,1,0,0.6589112961715498,0
0,road_background,30.080505431248525,78.57480297509967,,,0.3939137192334671,36.55686667753394,0.0085416658145416,925.0,36.25411999872587,0.0045454075890073,-0.999989669581566,220.0,1,930.9269409179688,34.95843202618056,45.221708329343734,0.3257031755095386,-0.9454720733385004,-0.02046232159894118,251.91802978515625,31.99373809562246,0.9597293254921082,0.9597293254921082,0,1,0,0,3.7740778714035486,1
0,road_background,30.407592984562328,79.38007714790996,,,0.0467666479618276,144.08151685297943,0.0119889534057132,1028.0,18.06669691448817,0.3678643965693598,0.9298794468836596,105.0,5,1054.172119140625,27.77546772332181,64.93411145577024,0.4391124951215225,0.8984320879332788,0.005943091999834026,251.6671142578125,-23.76982734617127,0.10246446071390052,0.10246446071390052,1,0,0,0,0.6814676795904644,1
0,road_background,30.066909313301995,78.46682677823931,,,0.3412781654458793,24.525167253588084,0.0041661924651586,498.0,6.091478002079768,-0.6246950475544242,-0.7808688094430304,31.0,0,491.344482421875,6.354516450061756,40.10051592016829,0.15102961802221496,-0.9885292380501771,0.005198129050199195,74.9034423828125,7.924811497207543,0.289167175400371,0.289167175400371,0,1,0,0,0.5222011119608919,1
0,road_background,30.29843118438672,79.10518168655618,,,0.0690616350888233,104.68716108687224,0.008479001167303,786.0,17.63779112047119,0.4927480243693469,0.8701720430352295,110.0,3,783.629638671875,30.419646965677764,49.24991689680961,0.8966896512129519,0.442659767098383,0.009288438448771882,269.446533203125,-26.169233337906803,0.33722290863846155,0.33722290863846155,1,0,0,0,0.46810341194669103,0
0,road_background,30.27926766927719,79.2437809838787,,,0.1736427373042999,120.7560258787454,0.0041419525376883,803.0,16.16405677061638,-0.5060146113828585,0.8625249057662362,83.0,4,826.4036254882812,23.52232268847472,36.33141998593922,-0.587843713504223,0.8089745165909523,0.0062510017194481755,150.6954345703125,-12.803095541709695,0.2050136122715721,0.22161552821072736,1,0,0,0,0.7315838565265618,0
0,road_background,30.292719578416733,79.30001893627616,,,0.1959551177529818,126.49448671361058,0.0203958983034041,931.0,16.59468442725759,0.5928174284216942,0.8053368838936221,72.0,4,941.8480224609375,24.784869153425685,36.70623183150447,0.8472617289815235,0.531175641952113,0.0006252039190479306,94.05596923828125,-1.5106140641141792,0.2860773829070355,0.3789758613901832,1,0,0,0,0.20600674321287452,0
0,road_background,30.244972375073107,78.91437379080553,,,0.3028764412332735,83.65691160327836,0.0098426360153739,760.0,28.671128380422488,0.99970269064305,0.0243829924547085,164.0,2,749.5282592773438,25.640408526408347,39.58467988565197,0.9858818073520006,0.1674427123895002,-0.0009246849364787342,177.24169921875,-11.947932976336574,0.08692025343212494,0.6387290579895272,1,0,0,0,0.9992447600360902,1
0,road_background,30.265711816137664,79.22103766854364,,,0.1537615401935883,118.07119177628996,0.0088249875259431,832.0,35.02251023762291,-0.7705554205302804,0.6373730021670221,166.0,4,854.7891235351562,35.70726454341387,46.474062303430976,-0.47877197809760547,0.8779392877577048,-0.005223642295025961,251.53741455078125,-0.11358743462676557,0.18206678150507152,0.18206678150507152,1,0,0,0,2.2991436873673616,0
0,road_background,30.30308456123213,79.04901061643157,,,0.2237659037656283,99.19370272015684,0.011491312317171,781.0,31.94254585090013,0.8126483330040125,0.5827543966936668,152.0,3,747.1134033203125,31.943414601105335,46.22149181153243,0.9214964434219576,0.3883867978712495,0.0013189985404736908,190.7027587890625,4.834590186757509,0.1583709834098613,0.1583709834098613,1,0,0,0,1.2807318169687916,0
0,road_background,30.076593855430083,78.44389184816988,,,0.1904658398037273,22.096900016186748,0.012123074857497,433.0,19.827028653408167,-0.554700196225229,-0.8320502943378437,90.0,0,454.11993408203125,23.367351272176748,30.365013651419336,-0.52293990380456,-0.8523695542479667,-0.0004642975907725009,115.83773803710938,8.662230184255577,0.14208134733908298,0.14208134733908298,0,0,0,0,0.33542143337589253,1
0,road_background,30.23939185229449,78.68983344846413,,,0.0247722729107356,59.64094548258081,0.0115091128999643,570.0,18.08168200491717,-0.7657048647896111,-0.6431920864232733,123.0,1,561.14794921875,33.533301890751794,48.495820773432854,-0.90183970834174,-0.43207075862419264,0.0031649747039377107,208.16659545898438,-15.48362870649862,0.24862425787650982,0.24862425787650982,0,1,0,0,6.256006284155479,1
0,road_background,30.301122312309666,78.99533251024862,,,0.3716963184074424,93.59469573537518,0.0016040446739757,684.0,27.08880558135949,-0.7103577951071147,0.7038407511153062,123.0,3,717.6229248046875,26.444795742012126,44.55133506190439,-0.7381494512527137,0.6746372266746905,-0.0013118393289588384,248.0218505859375,3.295999826478578,0.1907455109048527,0.1907455109048527,1,0,0,0,1.1654019121937376,0
0,road_background,30.253465181019493,78.88822211706102,,,0.3743859617529815,80.97234600380673,0.011522017889907,637.0,24.907300906228848,0.7106869995555598,0.7035083429943925,99.0,2,643.2247314453125,34.19741211192921,42.43564356180136,0.5700438568014563,0.8216142655303161,0.007124511333898344,133.740478515625,-6.37530214924459,0.11796080072046836,0.11796080072046836,1,0,0,0,1.2206641663953786,1
0,road_background,30.467330965097048,79.44077949377969,,,0.6164088411761605,154.65951666647433,0.0133907326585676,1308.0,28.914883684796624,-0.4948386187009886,0.8689848913773458,149.0,5,1350.0946044921875,38.10917682165093,53.01855277412652,-0.6485179746993291,0.7611993408377863,0.0027958853581015663,287.4674072265625,-11.10083108697063,0.29903865335406055,0.29903865335406055,0,0,1,0,3.357952976671662,1
0,road_background,30.41186833390593,79.36880207127138,,,0.5294222571241709,143.0009793815562,0.0032318401290288,1003.0,19.915050939108344,0.4324319319528266,0.9016665815186596,124.0,5,1039.0908203125,43.79381863554814,53.39472902026234,0.19526556393392658,0.9807504063427991,0.006269494326395501,142.1051025390625,-24.088554445376985,0.05490058131245722,0.05490058131245722,1,0,0,0,0.9909444508117479,1
0,road_background,30.407084875298256,79.38737367895774,,,0.0719969829673698,144.77145240574256,0.0189824702875481,1051.0,21.96857791941515,-0.0165266681866611,0.9998634252929988,128.0,5,1086.9620361328125,41.47031417608145,50.746055597226324,0.17368320641648136,0.9848015758562179,-0.003420022539463694,199.0267333984375,-9.536029910253092,0.11645219319943616,0.11645219319943616,1,0,0,0,0.13185673225050248,1
0,road_background,30.288974060157614,79.15518688385963,,,0.1814170808266969,110.03876895455876,0.0055400484971727,816.0,1.1615629095286717,-0.9863939238321436,-0.1643989873053573,6.0,3,817.23583984375,2.111599206484004,26.215752099544055,-0.4255038623270114,0.9049566084320263,-0.0027958529093199125,42.42901611328125,4.9323982680139125,0.3397284750026278,0.6096697619655975,0,0,0,0,0.8646427499188295,0
0,road_background,30.072406023082028,78.4501798910508,,,0.0164381210094408,22.849694785172417,0.0272710027402877,469.0,18.432370280762363,-0.8601290290322582,-0.5100765172168042,86.0,0,470.815673828125,18.11626253750976,33.45256567275437,-0.5231825281632152,-0.8522206534840296,-0.001772982086002365,130.49566650390625,5.260897549715935,0.2154784114036917,0.2154784114036917,0,1,0,0,0.45732680658941266,1
0,road_background,30.262417210641967,79.215663863054,,,0.0914571140534021,117.18966266795516,0.0115498635342886,793.0,26.4592859363578,0.924261426490025,0.381760154419793,145.0,4,760.7598876953125,21.893813365507864,43.473192671616765,0.8540779878633787,0.5201449707987594,0.01232080127215228,118.2022705078125,-22.34587614201314,0.039661021613925554,0.039661021613925554,1,0,0,0,2.489690017167936,0
0,road_background,30.28491652020942,78.97696840071704,,,0.012543264743628,91.2417356279411,0.0066185200445274,691.0,21.17487566809468,-0.610957575917125,0.7916633378081055,92.0,3,701.8522338867188,23.961897569036342,41.45996558629348,-0.4061493719681741,0.9138067014691115,0.009737509060091104,128.079345703125,7.666475658574427,0.14403945379210617,0.14403945379210617,1,0,0,0,0.8307247584981121,0
0,road_background,30.26689014186179,79.19510884170003,,,0.0871224780692611,115.15091856079653,0.0058332787951685,777.0,39.29711075343495,0.065167304621356,0.9978743520145146,245.0,4,840.4060668945312,47.392413083053,52.99661187178436,0.001395702988643417,0.9999990260061095,0.016030908818532082,304.2288818359375,-18.64037379745605,0.1297718224152961,0.1297718224152961,1,0,0,0,1.7970621774575293,0
0,road_background,30.29982557343345,79.0240719004221,,,0.0203389975063781,96.4113079869365,0.0087574489029877,709.0,12.720371647381588,-0.2805669918128244,0.9598344456754522,71.0,3,714.1742553710938,6.495780700835197,36.69212396273223,-0.776045345144666,0.6306771141236188,0.0008504623582860977,138.05224609375,-4.161371908897195,0.25477114678385593,0.25477114678385593,0,0,0,0,0.13250543915489868,0
0,road_background,30.288304338987206,79.2672315636761,,,0.0959886335872803,123.30349417433266,0.0084530415711904,849.0,26.67114951338856,0.6834995288741617,0.7299509531665802,134.0,4,813.0496826171875,30.31466789403201,47.463689566691016,0.10735909626182796,0.994220309815608,0.013146738622343359,178.3006591796875,-35.482497033994036,0.16813273057256206,0.16813273057256206,1,0,0,0,0.2296473366465022,0
0,road_background,30.241822019051227,78.85318036801604,,,0.3920006751609851,77.28970791067155,0.0403184550914285,648.0,13.030052657357782,-0.2016529206704871,0.9794570432566516,68.0,2,666.9794921875,20.440868347804866,39.27702619299374,-0.3991501600491046,0.9168855706863176,0.008981612511492017,176.36767578125,-20.140568000225926,0.3039263930551158,0.3039263930551158,1,0,0,0,0.834860068867696,1
0,road_background,30.299448423064003,79.09453145452413,,,0.0901073531996943,103.65643420469054,0.0013134927156308,705.0,16.173171448603526,-0.6091551634928819,0.7930510619058273,69.0,3,735.7147216796875,12.628095423647338,37.302953680195216,-0.8346221598336091,0.5508228847049489,0.003949537921196543,89.50811767578125,11.602699973366498,0.14305015380827155,0.14305015380827155,0,0,0,0,0.1320735919170117,0
0,road_background,30.23599298117961,78.82331106318067,,,0.5005795209682145,74.20895524871602,0.0096513447073988,579.0,13.377253997959537,-0.9951750001597838,-0.0981158450861759,71.0,2,607.4718017578125,32.14985475460343,32.14985475460343,-0.9686887919460199,-0.24827811896774296,0.002495665611683978,72.83941650390625,3.636093770176899,0.31669214046694383,0.31669214046694383,0,1,0,0,0.24788222134750146,1
0,road_background,30.41420467407042,79.41874260781628,,,0.2022361207431413,147.87886831426965,0.0095176477454662,1179.0,10.52892978420199,-0.8429222095775883,0.5380354529218648,47.0,5,1200.5115966796875,20.356104316412242,26.113540243999598,-0.7819379766487083,0.623356238979385,-0.0034655237677322782,61.5609130859375,-1.8675698524664313,0.4500485560076664,0.619079377954207,0,0,1,0,2.200383301980336,1
0,road_background,30.151323987530574,78.61363618928304,,,0.4812918592816818,46.52788234580888,0.002901856900689,588.0,32.205139563761,0.1005516223811358,-0.9949318425080792,188.0,1,566.8480834960938,26.863145988156308,43.12460645390095,-0.004383393511205914,-0.9999903928845146,-0.0032795363380084376,228.52679443359375,2.6829289207773854,0.24588926800953864,0.24588926800953864,0,1,0,0,11.888631590094848,1
0,road_background,30.485850681108392,79.48215259010956,,,0.2038452122493892,159.43238227124786,0.0099916558255865,1420.0,46.50418876660859,-0.2119043912742546,0.977290401548428,309.0,5,1587.5185546875,57.17573512214777,62.16976664016281,-0.5778727042467424,0.8161269127326687,-0.0189933469865551,434.7562255859375,31.734785600142004,0.1899879535690759,0.905508379547275,0,0,1,0,2.4874167568033445,1
0,road_background,30.05837417892253,78.48357624933313,,,0.9530277375519982,26.32869616953768,0.0058264579368841,565.0,22.967498489192884,-0.0471914580704598,-0.998885862491398,127.0,0,525.5806884765625,33.47689401004565,49.14624646134126,0.25850532088460415,-0.96600983383936,-0.006371979010372025,190.65533447265625,31.577426374451193,0.1864194210273718,0.1864194210273718,0,1,0,0,0.973271440989429,1
0,road_background,30.301027791916333,79.00271050030187,,,0.3649288126391319,94.3046658477485,0.0100797375742242,661.0,32.47927885276409,0.4555723159649016,0.8901987783222216,170.0,3,701.5494995117188,44.074500161156635,48.65255597235519,0.3027375018447308,0.953073976654914,-0.003746106214281539,210.6781005859375,-4.140647699025067,0.12420351250003306,0.12420351250003306,1,0,0,0,0.5744565696748605,0
0,road_background,30.26850651113899,78.95091554677013,,,0.0326665548116475,88.1423063198883,0.0043631924078827,639.0,29.37383899355692,-0.396776306234066,0.9179153353176156,156.0,3,704.9244384765625,29.61815512025714,46.49290013915009,-0.42272610531891425,0.9062574909383658,-0.0029183158897986144,236.74615478515625,1.4018963269951428,0.16373837973338365,0.16373837973338365,1,0,0,0,0.2551651058613075,1
0,road_background,30.24640543070668,78.91041878842002,,,0.1185664579341575,83.30476335936896,0.0073163131151089,718.0,41.20234768365808,-0.8338033444876964,0.5520615751174246,219.0,2,780.3514404296875,43.57252446187292,49.111337586542746,-0.7748514393420822,0.6321433753109365,-0.007087155153739075,305.7408447265625,18.47655039385336,0.23149989777631483,0.23149989777631483,1,0,0,0,1.1830237715844474,1
0,road_background,30.52953158896729,79.52809191744323,,,0.6692138643690674,166.4321530374829,0.0150861461270738,1648.0,22.975773606312657,-0.9984844492783108,0.0550345759444737,127.0,5,1671.175537109375,26.541614121120425,44.92306825191168,-0.943380802142298,-0.3317117154237311,0.0034734811306889957,211.611572265625,-20.959745044550573,0.07977239296854377,1.135932531758939,1,0,0,0,2.3621864908102217,0
0,road_background,30.276892714585788,79.23836947412356,,,0.1369822776894095,120.1739996717447,0.0061510814686484,817.0,24.73951084142853,-0.4702127233849975,0.8825531115841493,130.0,4,839.5930786132812,30.446397810827627,38.79894814369395,-0.6375238525449148,0.7704306181845901,0.007269816338963987,159.664794921875,-10.141910269240725,0.22271556044373836,0.22271556044373836,1,0,0,0,0.9186744031445133,0
0,road_background,30.22417013893639,78.81734321235034,,,0.2797266853117762,73.19030554705832,0.0186445587532411,565.0,5.294834123107803,-0.6114475010757654,0.7912850013921671,22.0,2,574.0658569335938,3.9398513678473353,11.462663454121937,-0.6635954894095523,0.74809158960337,0.0011075481257370515,45.62384033203125,-1.6671990008393323,0.43263874291491417,0.43263874291491417,0,0,0,0,1.6674715241041955,0
0,road_background,30.325564434638537,79.30536165754286,,,0.5897103763137278,130.14303231976962,0.0016040446732648,910.0,32.475364029097754,-0.7175037031203687,0.696554689890577,146.0,4,949.9798583984375,40.76644331431249,49.69851090917153,-0.2680683891594991,0.9633998851637006,0.0032677526904715203,275.0933837890625,-17.471902137945563,0.14950082599779216,0.14950082599779216,1,0,0,0,1.9135198096931505,0
0,road_background,30.29884046896349,79.05311756117634,,,0.4671365037861191,99.75687813773764,0.0062459256616644,710.0,24.765132183123917,0.5563665144885961,0.8309370021582929,126.0,3,697.350341796875,33.10093599619244,38.07953217760402,0.8678205141940714,0.4968778070551528,-0.007239396705389754,142.84014892578125,-5.243826369608769,0.12405819812995213,0.12405819812995213,1,0,0,0,1.4951396207024714,0
0,road_background,30.291188074358946,79.11845449457955,,,0.3994067712536533,106.30200217919618,0.007982916994562,791.0,36.55194760935875,0.9936624471259272,0.1124052541997655,221.0,3,788.2071533203125,41.506135683624045,45.540477500876676,0.9925852299785611,0.1215506529328692,-0.0010711851488056012,209.0814208984375,-0.8226953932075958,0.17050548577667946,0.17050548577667946,1,0,0,0,1.2368623250509825,0
0,road_background,30.12932486373234,78.35326262858113,,,0.0399850973073025,7.373823653044217,0.0028457767976228,426.0,23.08738122819177,-0.5708353548297359,-0.8210645514674285,111.0,0,426.829833984375,30.26913272017725,39.42165999530458,-0.5333091640825907,-0.8459204073111893,0.0008106383053573393,208.2369384765625,-8.026170714827629,0.25083550850591985,0.25083550850591985,0,0,1,0,0.8303965158730985,0
0,road_background,30.41340154357998,79.41716229745883,,,0.2348385623493858,147.70581937494168,0.0203958983029034,1180.0,5.975322296133548,-0.7961621941231025,0.605083267533558,25.0,5,1194.3779296875,9.337540762915424,20.48696110208387,-0.7897171969711659,0.6134710659908947,-0.0006321247629102441,57.1865234375,3.1535462939050376,0.5195480910679634,0.5195480910679634,0,0,1,0,2.028040846113359,1
0,road_background,30.22231132086661,78.77659956635708,,,0.0737802502119595,69.08774560235618,0.0041551189839223,558.0,10.191975831050888,-0.1854078591978246,0.9826616537484708,53.0,2,566.6976318359375,25.11797577943096,29.099786719680075,0.11160688273756068,0.9937524358337968,0.009552824735712784,58.38665771484375,-4.955546733761594,0.4017180784504208,0.4017180784504208,0,1,0,0,2.8957152971552165,0
0,road_background,30.12374397882347,78.38569651660211,,,0.0265095955042775,10.838270085208574,0.0341105007678137,538.0,46.22205564453168,0.022358626526023,-0.9997500146636008,313.0,0,502.5025939941406,45.33007855570545,50.2759775204708,-0.19941590694518155,-0.9799149432768288,-0.012833736494791177,302.60693359375,-6.9635602462390125,0.21801010249939237,0.21801010249939237,0,0,1,0,1.6774311926906205,0
0,road_background,30.2978780746413,78.9920620083191,,,0.0113398411866502,93.28186698950056,0.0112534146087391,622.0,22.320855640555926,-0.6738842434959944,0.738836941664283,156.0,3,752.8567504882812,50.13273353070863,58.68492391071179,-0.8139975732276996,0.5808682731733726,-0.035046795676879794,319.4024658203125,15.866122159090878,0.08345309443999593,0.08345309443999593,0,0,0,0,1.2154980559259811,0
0,road_background,30.269293338781807,78.93986678894056,,,0.6504384331511738,87.27271912218703,0.015086146126955,638.0,31.57526564931597,0.3308335440929601,0.9436891257733616,183.0,3,686.8158569335938,44.5788693968496,54.298570142813524,-0.001523728916344776,0.9999988391244209,-0.0013504426313474948,241.4354248046875,-11.175346437564599,0.16677649159611097,0.16677649159611097,1,0,0,0,0.7863492939857322,1
0,road_background,30.47805835597241,79.46241968433866,,,0.3879738670435991,157.418384124077,0.0116412768223449,1452.0,20.395757297162938,-0.098616046250304,0.995125557616705,111.0,5,1473.6746826171875,21.51974353056008,46.270620113170075,0.0004786687088640441,0.999999885438127,-0.007509062119600569,144.98876953125,8.75732421875,0.45115985231986905,0.45115985231986905,0,0,1,0,2.8885890712995392,1
0,road_background,30.34711188702132,79.32129039121286,,,0.3873162896354394,132.75789159659956,0.0143850183427208,939.0,16.816519785765795,-0.992613517897528,-0.1213194299652533,93.0,4,1024.515869140625,46.60995351166675,49.38523730787269,-0.4974258433793425,0.8675065016115728,-0.023148579723921734,205.25933837890625,28.84663479387268,0.10732896208433299,0.29304512481121675,1,0,0,0,0.17493740003955244,1
0,road_background,30.296768925606752,79.0891706442198,,,0.1982140332173216,103.13903711363795,0.0126455435186602,680.0,21.14054093566372,0.0086203693441887,0.999962843925898,116.0,3,731.4603881835938,26.732580920142006,42.36670851330295,0.2625081782070981,0.9649297675864241,-0.00148372401119497,164.97967529296875,3.3046002348592083,0.08223476879513378,0.08223476879513378,1,0,0,0,0.3744398281729815,0
0,road_background,30.08160189431792,78.5598796176624,,,0.2241529721590664,35.287073869818904,0.006151081467283,976.0,26.455184637901645,-0.1741674642024667,-0.984716047606254,147.0,0,993.9423217773438,31.719155702828722,44.60974736885714,-0.97313392981671,0.23023977640600354,0.014068297590498881,182.519287109375,-22.63037260701833,1.3357902294143413,1.3357902294143413,0,1,0,0,3.8300693549054525,1
0,road_background,30.081796415681254,78.53272364961224,,,0.4984585411118133,31.667754422471425,0.0050883209011798,930.0,36.2792214259171,0.1044483885431047,-0.9945303083017372,219.0,0,867.0988159179688,44.27912820333398,53.970544560652435,-0.23588357024498802,-0.9717813238010277,-0.005995816760500594,312.11029052734375,10.321028275923254,0.674376271137854,0.674376271137854,0,1,0,0,3.0482687573928895,1
0,road_background,30.41206626794614,79.37181113867739,,,0.5486568161223951,143.29070630639393,0.0078541868416605,1018.0,2.234299777412273,-0.3417430630867042,-0.9397934234884372,100.0,5,1030.9091796875,20.418820692094364,44.4938149105948,-0.15088189121084614,0.9885517967737646,-0.0014846417449557246,112.247802734375,-16.481620851626985,0.09572646204250315,0.09572646204250315,1,0,0,0,1.023118964482017,1
0,road_background,30.277521377602227,78.97128976373045,,,0.3114594826802371,90.31541457660543,0.0135619524497992,705.0,18.630422492299257,-0.9689681151274986,0.2471857436549742,98.0,3,722.7340698242188,18.681961582218648,38.004542079146866,-0.8263274915192211,0.5631899118055574,0.005578341004575876,144.84130859375,-12.341255124935401,0.3093082255002322,0.3093082255002322,1,0,0,0,1.798438953701172,1
0,road_background,30.24751762051806,78.91705672545093,,,0.2615912308676591,83.7954590975036,0.0048437801995078,761.0,32.036026910735245,-0.7777408419603032,-0.6285850640501083,146.0,2,734.49560546875,34.31658882248659,44.054952109691634,-0.8950009092423913,-0.4460643142589338,0.0030915356797729795,218.43597412109375,-17.554432262073874,0.12280996272012368,0.717717949302938,1,0,0,0,1.3113412483983151,1
0,road_background,30.296362542445863,79.11675258594379,,,0.0251971689362395,105.8392346049916,0.0183429178860806,793.0,18.43580823383285,0.7599620028497626,0.6499675024372968,76.0,3,788.5599975585938,31.340724006279352,40.266654021355095,0.8106804372100802,0.5854888801035193,0.012239516440445266,200.412353515625,-11.065437253841651,0.24610619840169934,0.24610619840169934,1,0,0,0,0.6710006261703187,0
0,road_background,30.299143397995014,79.09776046216115,,,0.0840997259439475,103.9689035201007,0.0103998154463575,760.0,6.887078228772746,-0.4691552259617493,0.8831157194574106,44.0,3,760.3502807617188,1.8119804158217507,48.08119724260149,-0.9986878482062224,-0.05121114961827526,0.0007955781097713792,180.0438232421875,-12.249340719427892,0.27764194448675267,0.27764194448675267,0,0,0,0,0.20984771057704263,0
0,road_background,30.25544713839658,78.88640636955083,,,0.5186316478903367,80.73204094341875,0.0118784880849717,644.0,25.813634258486857,0.5306182274438559,0.8476109347479776,123.0,2,634.5624389648438,32.49188716876245,46.92404789363148,0.6586347606635862,0.7524627911369576,-0.008049006781248817,127.59918212890625,-8.498489253777166,0.08283686261628355,0.08283686261628355,1,0,0,0,0.9817277570307277,1
0,road_background,30.297943121340293,79.05351657837456,,,0.5387640474454295,99.83554757618252,0.0087830159650508,711.0,27.143960593281577,0.591645488722759,0.8061982483694737,124.0,3,710.8268432617188,25.86295519811532,43.27784927180631,0.8021034032255632,0.5971851727345294,0.010398608443547007,179.5321044921875,-15.727802371190592,0.1600585412285108,0.1600585412285108,1,0,0,0,1.5684390056972726,0
0,road_background,30.31882313528066,79.30769490697543,,,0.1781126544913066,129.48225112370423,0.0078974009532629,957.0,20.061121712720187,-0.5568048683244144,-0.8306433281560934,92.0,4,955.8296508789062,12.251008910327327,36.497334507241675,-0.7349868050437901,-0.6780814083954239,0.0016843987014674817,138.1055908203125,-10.635542940502319,0.7052577477829443,0.7052577477829443,1,0,0,0,2.1360605885338666,0
0,road_background,30.283708637943644,79.13638299053841,,,0.0851477563582582,108.1891296782025,0.0099385112729158,754.0,18.465855186974235,0.0598922907279467,0.9982048454657788,100.0,3,777.7963256835938,27.049299162266543,48.02537296926288,-0.08043279194564684,0.996760034301049,0.007094419443753555,190.755126953125,-10.173244507844743,0.1399383584784431,0.1399383584784431,1,0,0,0,2.0166331896304976,0
0,road_background,30.28951140324767,79.27477730702664,,,0.0985739516643094,124.0417223456811,0.0072674417392623,806.0,14.367222403874573,-0.572588637392906,0.819842821721661,65.0,4,825.2896728515625,17.79302955067497,37.31401723192215,-0.6747601616244482,0.7380370751422645,0.0015649591131617411,100.79400634765625,-7.993927758587347,0.243065706913766,0.243065706913766,0,0,0,0,0.11059022745723607,0
0,road_background,30.287892697608644,79.16044905551227,,,0.0581015979090158,110.49501550179583,0.0127493650535794,798.0,11.976725812374069,0.7071067811865476,0.7071067811865476,46.0,3,803.7420043945312,24.423198175297916,26.425765409110817,0.5196245077433227,0.8543947395393475,-0.004116938717465556,49.292724609375,4.724449472979131,0.5676962553051962,0.5676962553051962,0,0,0,0,0.763414014410492,0
0,road_background,30.22861875801861,78.72681295689146,,,0.0234013643201999,63.4419780153104,0.0189772640095669,577.0,13.54079272688544,-0.7474093186836598,-0.6643638388299196,59.0,2,577.35595703125,8.517326409984072,27.323067836649336,-0.722645684476037,-0.6912186446473793,-0.005759227494318217,90.73968505859375,15.501548073508502,0.15599990956930698,0.15599990956930698,0,0,0,0,4.867288768319663,1
0,road_background,30.060419461386708,78.48497846000677,,,0.7028623439461891,26.410962614560088,0.0230659019090373,548.0,19.38775523983328,0.9945572319203384,0.104191710010702,105.0,0,509.0564880371094,29.19872209508676,49.14658036070979,0.995755882524894,0.09203381127101827,-0.0032876987852006262,183.76321411132812,2.612412129551899,0.2894222367930483,0.2894222367930483,0,1,0,0,0.7098428321734824,1
0,road_background,30.07521741577112,78.44626789799084,,,0.0848826029158517,22.35044981248591,0.0105712417253373,453.0,19.83718166821705,-0.8131086861592095,-0.5821119003185248,113.0,0,440.85107421875,24.410700608671256,34.11960937664021,-0.5658518777417514,-0.8245069147412495,0.0069025419175588985,142.82583618164062,-6.520281831095019,0.14503043955206432,0.14503043955206432,0,1,0,0,0.34406711292217534,1
0,road_background,30.536632513136173,79.5246165228278,,,0.058274499795119,166.87835292267832,0.0077416816861669,1685.0,37.31137490866856,-0.9972318352284208,-0.0743550052582594,228.0,5,1718.839599609375,36.911841633937264,55.01747520630452,-0.9105962789986131,-0.4132970078211069,0.005856152142346907,228.3004150390625,-5.390633070764352,0.3714582832457354,0.4834509633884015,1,0,0,0,1.5529715603847458,1
0,road_background,30.234245770388345,78.84449509103676,,,0.0358705498819452,76.18646357828631,0.0272980395886025,589.0,18.8324783292214,-0.3713906763541038,0.9284766908852592,95.0,2,653.38671875,39.48563430602297,43.47570005133372,-0.4179779075447615,0.9084571915090456,-0.007946014850055328,216.1260986328125,-7.2513785874548375,0.20713618454003804,0.20713618454003804,0,1,0,0,0.0032203716317684874,1
0,road_background,30.282489589212464,78.97374441778436,,,0.0105599126296131,90.83217080849884,0.0012507642627442,706.0,28.424176310813827,-0.6528177847742662,0.7575149766720258,131.0,3,726.547607421875,25.255367843104708,49.02255910839986,-0.7240958632617918,0.6896993408777193,0.0038078629492412593,232.142333984375,5.2854478063661645,0.13483832220487862,0.13483832220487862,1,0,0,0,1.241356768276613,0
0,road_background,30.2219756,78.67783445865608,,,0.1504493629970314,57.24485418008572,0.0101361616179929,532.0,9.283987672581857,0.6321267274717938,0.7748650207718765,66.0,1,526.969482421875,22.728991948176713,37.04884621586481,0.982804349570604,0.18464996741159184,0.01305578486065923,132.6461181640625,-23.57275239298167,0.057935913323316504,0.4073545524684756,0,1,0,0,8.368821077157216,1
0,road_background,30.41244306031408,79.36789336330321,,,0.5937699310952462,142.9141271219089,0.0257355080723559,1029.0,15.179705807856672,0.4422924841204448,0.8968708705775688,118.0,5,1005.6538696289062,27.501246968335938,53.39476897702185,0.5943836150118694,0.8041816450314082,0.031029494335829515,137.7369384765625,-51.354943141464446,0.025037974333988883,0.025037974333988883,1,0,0,0,0.9102481560800744,1
0,road_background,30.286002689109598,78.97889097970689,,,0.0567928170810181,91.45781304366218,0.0127227002272175,633.0,18.370345512861498,-0.3011313679370974,0.9535826651341416,95.0,3,682.4678344726562,15.770627525225354,41.46000643100696,-0.22452970006809447,0.9744672461336664,-0.0051228832619092815,123.123046875,12.773245314921269,0.13445607728553166,0.13445607728553166,1,0,0,0,0.6127165795813485,0
0,road_background,30.30164574980175,79.30076939084857,,,0.3726272976623422,127.4871101732295,0.0186072780159099,872.0,26.351800527803043,-0.8747913560854158,-0.4844998279857685,130.0,4,939.6279296875,40.328338359912664,41.732660298811844,-0.8937012568108073,-0.44866252749119073,-0.013449071606346223,221.58612060546875,10.533737813145649,0.4974015058679234,0.4974015058679234,0,0,0,0,0.7434713911949457,0
0,road_background,30.32485111540163,79.30374134927482,,,0.7195734981031225,130.02613702796097,0.0065497787351823,917.0,32.547460785743844,-0.7834099903662489,0.6215052590238909,150.0,4,957.7997436523438,41.1451107107924,47.604911574065525,-0.6797483732280464,0.7334453961228637,0.002469920112347308,300.559814453125,7.830361610601813,0.1722505852965654,0.1722505852965654,0,0,0,0,2.0882196305157086,0
0,road_background,30.409117259477327,79.38945807384295,,,0.0906039257469025,145.02500758818303,0.0130489171829396,1065.0,16.761400580513136,-0.9960726406926864,0.0885397902837944,90.0,5,1077.5672607421875,26.048712357164867,39.38013466679342,-0.9750861727341905,-0.22182640902874545,-0.0031884309648771694,137.7579345703125,3.677918993737194,0.09713137340853288,0.09713137340853288,0,0,0,0,0.1625022471728231,1
0,road_background,30.441112098064195,79.42993002005163,,,0.0100019426443737,151.4816428776332,0.0088963759653808,1303.0,17.316797840373336,-0.9942686368882866,-0.1069106061170199,93.0,5,1334.9464111328125,14.268491055099128,35.8572109145213,-0.9991047446026515,0.042304956121834596,0.002515057391917373,154.1165771484375,-7.35179554332376,0.33104956674932584,0.33104956674932584,0,0,1,0,5.127740195998497,1
0,road_background,30.291972748265405,79.28590093025552,,,0.0280963058652205,125.14390666357124,0.0081324355571713,837.0,27.953570562837537,0.0502508993960943,0.9987366254973749,159.0,4,859.9117431640625,33.56400310219695,43.171260968491076,-0.02528928217838597,0.9996801749594227,0.0035648723152981116,192.185546875,-17.136452919195563,0.13246421493761795,0.13246421493761795,0,0,0,0,0.06593232048007684,0
0,road_background,30.26378909262192,78.93525493220214,,,0.3538179473971949,86.58035536663841,0.010068217735359,709.0,39.10233716664201,-0.9063925854305436,0.4224363633454568,221.0,2,752.624267578125,46.31894127219505,50.756405906210006,-0.8876911071118326,0.4604394622038481,-0.004182900320169575,351.0621337890625,2.0618149938661645,0.22895638590813003,0.22895638590813003,1,0,0,0,0.5205209328673549,1
0,road_background,30.284972164587096,79.16594002993202,,,0.4210797533746961,110.99670332077476,0.0101067699332172,819.0,19.630414815023528,0.7943578329771962,0.6074501075707971,86.0,3,808.2032470703125,25.696944340942537,44.46066213399182,0.6483366606837425,0.7613537774342842,-0.004977189166662493,104.88775634765625,23.218867026084695,0.2107422042063778,0.2107422042063778,0,0,0,0,0.9124878406053519,0
0,road_background,30.219308063640444,78.74055114454835,,,0.0410178401446022,65.11715397702739,0.0208222649982736,553.0,18.915011320626533,-0.7976593312819867,-0.6031082748717461,82.0,2,546.1361083984375,29.635673423217778,34.75728728936746,-0.7543719221511809,-0.656447258406898,0.0005335027300175454,88.8177490234375,-6.104167339230344,0.09994845974785851,0.09994845974785851,0,0,0,0,4.809482326235095,0
0,road_background,30.308389096953007,79.30502096455922,,,0.1434690726893067,128.30614784800693,0.0112013390320439,912.0,17.961354711432804,-0.0719777696467747,0.9974062365338788,97.0,4,936.091796875,17.197963478967385,39.72617652952776,0.31435215602825983,0.9493064426202872,0.0036954927478746046,170.1322021484375,-19.860131634168397,0.3357645157601381,0.3357645157601381,1,0,0,0,1.500503545207436,0
0,road_background,30.11569312621352,78.42697283857011,,,0.5733305597003958,17.027839466741067,0.0029349747875514,470.0,25.599992614128137,-0.5287476299210656,-0.8487790901364476,143.0,0,483.9007263183594,27.306138363100413,48.35108059653262,-0.7310778320540837,-0.6822940740465953,0.01158956934545503,215.64208984375,-12.104734562645262,0.27885158401697346,0.27885158401697346,0,0,1,0,2.086587267949015,1
0,road_background,30.23964282092499,78.82864780029348,,,0.8191066106981101,74.77913910447195,0.0106962593444738,625.0,13.21652576617395,0.1135465911607319,0.9935326726564042,70.0,2,632.8399658203125,9.45605859275586,33.11062589380822,0.1123273371539557,0.9936712581774224,-0.0014949690622845881,124.68621826171875,8.284135802718197,0.2741643888448598,0.2741643888448598,0,0,0,0,0.2703592342075638,1
0,road_background,30.50683006430498,79.4886168,,,0.0850632383006651,161.80115454755878,0.010677501459213,1329.0,32.490306531189724,-0.6804510993672779,0.7327934916262991,174.0,5,1377.5469970703125,32.469524015929345,41.78320621674681,-0.3194323361518613,0.9476090874514471,-5.3150756179559525e-05,239.046875,-1.8698024276859542,0.25457863218851123,0.25457863218851123,0,0,1,0,1.2646622092852522,1
0,road_background,30.22274229933852,78.78320791281426,,,0.2211488732825016,69.70813462934936,0.0059653094422845,556.0,5.602387424064845,-0.1699069165076462,0.985460115744348,29.0,2,570.2139282226562,11.81149342246297,27.22418343115053,-0.2274258593551681,0.9737953986831953,-0.005219705914802063,69.25384521484375,-0.1358703108858208,0.4198952963071587,0.4198952963071587,0,0,0,0,2.6570641311172625,0
0,road_background,30.26096713530058,79.21870256751168,,,0.0046611901456776,117.52028409013472,0.0048437802002617,799.0,21.58726985848005,-0.8677242369053593,-0.4970459221108366,103.0,4,795.4168090820312,24.22632369645094,43.59096302354651,-0.960909709174774,-0.27686193456965363,-0.00023594997157696672,174.00482177734375,-13.08721923828125,0.05846083675365771,0.05846083675365771,0,0,0,0,2.730868957714068,0
0,road_background,30.296541936828824,78.99144768029542,,,0.0743816458908955,93.1363821058495,0.0502761324422694,679.0,31.620313174029555,-0.8987164070773227,0.4385302950196575,191.0,3,739.3131103515625,51.24603018127556,58.6846527915346,-0.8410155326360813,0.5410109738857877,-0.01152629091675077,318.32379150390625,-2.567889252970076,0.12752941639369106,0.12752941639369106,0,0,0,0,1.0665482341267456,0
0,road_background,30.433931068100584,79.4281751056211,,,0.202095199646971,150.69290572643067,0.013212696400216,1322.0,20.66633831048077,-0.9985933097131318,0.0530226536130865,113.0,5,1335.7891845703125,13.445209227649364,45.59164520982533,-0.9986518920242767,-0.051907596325898024,-0.0036132706123818805,103.45361328125,6.831314969653931,0.3340690309733298,0.3340690309733298,0,0,1,0,4.410029446529839,1
0,road_background,30.09258942009687,78.53870586713462,,,0.0142155645432246,32.90108871466438,0.0123723958009709,1023.0,31.50784048175709,0.9081184751681616,-0.4187133089098711,167.0,0,960.431640625,36.992063498887894,41.40831795127234,0.9086001810087753,-0.4176669858521509,0.0010432202235869876,264.03961181640625,-6.555603531766565,1.946374701921422,1.946374701921422,0,1,0,0,4.33425129697255,1
0,road_background,30.26781226292933,78.93601374033416,,,0.6989910548730871,86.87032993888606,0.0109341831406487,689.0,29.618525422233592,-0.773957299203321,0.6332377902572627,132.0,3,712.728515625,24.40448983022576,43.072568852299085,-0.8906393813427914,0.4547103390086153,0.0027888270549259087,249.3511962890625,4.252296132489619,0.12349848820684348,0.12349848820684348,1,0,0,0,0.7564745269183545,1
0,road_background,30.37345520045368,79.31257011539044,,,0.6239861959846305,135.5823382865669,0.0058332787944455,963.0,19.46081330384,-0.4622435816439469,0.8867529933577759,94.0,4,1001.5779418945312,31.49597516200013,40.36044226568161,-0.7561903430853162,0.6543517135489995,-0.006196507375624637,208.953125,-1.831905144305324,0.3176948238455047,0.3176948238455047,1,0,0,0,0.29349184207181783,1
0,road_background,30.40489481341768,79.33136466960957,,,0.0295664603657194,139.40933041839563,0.0096513447088194,1000.0,18.507815420240917,-0.7866637535694461,0.6173816800165274,87.0,4,1022.45068359375,41.757496966007594,53.93372227368093,-0.2686058104097488,0.9632501848502922,0.003082973549957989,158.7552490234375,5.256018268175353,0.10467138731632514,0.10467138731632514,1,0,0,0,2.458089941469712,1
0,road_background,30.295019790022334,78.98976834676074,,,0.0809018782976474,92.90315114424769,0.0081379543644934,621.0,6.14724803268626,-0.3713906763541037,0.9284766908852592,101.0,3,692.209228515625,35.1406883652747,53.50686982139081,-0.7770113361168928,0.6294866031504094,0.005696490058770523,251.29681396484375,-19.231444808077185,0.09136350678868511,0.09136350678868511,1,0,0,0,0.8329674715522808,0
0,road_background,30.291828355620623,79.28485757957,,,0.0253872601983703,125.04228775433424,0.0101361616182944,839.0,19.46081330384,0.0094335424825295,0.9999555031481302,106.0,4,881.7259521484375,33.15250546242063,43.171259760123476,-0.05675633899889894,0.9983880598161429,-0.00434145560721827,215.374267578125,-10.39153598753876,0.19060158362520763,0.19060158362520763,1,0,0,0,0.07420668265441052,0
0,road_background,30.297005703451475,79.11590323977956,,,0.0036625572138066,105.72873157420612,0.0011551411778865,785.0,21.49657774630263,0.5586003794790644,0.8294369271052774,98.0,3,796.0945434570312,25.25621752996781,40.26676780423874,0.5362321123877432,0.84407056674438,0.0073002885943878135,132.74066162109375,-12.974707233019103,0.2935313200525987,0.2935313200525987,1,0,0,0,0.6062419192419956,0
0,road_background,30.43631771672415,79.42849048866502,,,0.164016102813337,150.95580266306882,0.0011991436990167,1300.0,26.518128771999905,-0.9218866766728538,0.3874596177320689,138.0,5,1323.911376953125,32.28928413304223,40.183418622536266,-0.8286591441844585,0.559753537514039,-0.006844769229492629,195.7572021484375,5.024866025309848,0.2719043707724382,0.2719043707724382,0,0,1,0,4.632107455056395,1
0,road_background,30.46806705402177,79.44170027200404,,,0.6464182220555736,154.7621080546419,0.0027588300540266,1325.0,39.51430693357535,-0.3475776067980619,0.9376512183389578,232.0,5,1352.2178955078125,34.02315498486996,57.56493138530389,-0.5032885123630417,0.8641184370926224,-0.0011320161498305054,323.7926025390625,6.412920486828625,0.2202212921134113,0.2202212921134113,0,0,1,0,3.2768939835619566,1
0,road_background,30.236974784743428,78.83447379261494,,,0.4402498465364104,75.28684147447426,0.0153929303914155,612.0,30.52298671118579,0.4014119239427182,0.9158976292777514,162.0,2,632.0958862304688,32.1682646979579,51.91971299290995,0.4149308792470255,0.9098529361645707,0.008025920545580115,203.07659912109375,-24.323913069795935,0.17739972463947998,0.17739972463947998,0,0,1,0,0.14415469682832177,1
0,road_background,30.233955297352782,78.8422398684228,,,0.0061148627634607,75.97287463822313,0.0064829107217064,617.0,15.323143104973054,0.1703142852188066,0.985389793051667,81.0,2,641.3218994140625,35.347395059741324,39.627880789097475,-0.12705499582327615,0.9918956739679569,0.0012106008498447636,157.0272216796875,-8.753092616057643,0.2487348449850184,0.2487348449850184,0,1,0,0,0.05932357076770623,1
0,road_background,30.25545914389528,78.87928017707034,,,0.2803542585949233,80.09956330637564,0.0103432168838225,686.0,25.62428924271984,-0.861755507634515,0.5073238069138678,153.0,2,715.5674438476562,33.325624062741845,46.85918658071245,-0.6792007526932313,0.7339525444747419,0.0008350012164821926,230.3294677734375,5.3080086195764125,0.2959703653113113,0.2959703653113113,1,0,0,0,0.3706708202801421,1
0,road_background,30.21993647059599,78.76944187532689,,,0.0171502029791997,68.35882278903196,0.0121654974857983,536.0,1.7077242317193897,-0.8944271909999159,-0.4472135954999579,8.0,2,540.1923217773438,3.6742986407169678,18.58304547046366,-0.9820622100738203,0.18855719436002322,-0.000641178441383818,34.765869140625,-3.554446890334475,0.4897976052804112,0.4897976052804112,0,0,0,0,3.4031537709933244,0
0,road_background,30.23708715725197,78.69530696784811,,,0.1381011384193579,60.20290646839767,0.0062459256607152,589.0,22.96431459599288,0.4090559040929091,-0.9125093245149514,116.0,1,566.8658447265625,16.449608349142526,34.06751700162989,0.5953163183324289,-0.8034914318940322,0.007259684575000051,139.99420166015625,-12.660017029313053,0.25145678890998907,0.25145678890998907,0,1,0,0,5.999168363228012,1
0,road_background,30.07347313963604,78.50318534324012,,,0.3961258139058444,27.92379929281925,0.0100797375737206,455.0,18.751154028091243,-0.9426272251612074,-0.3338471422445941,96.0,0,438.29742431640625,28.67932798241929,40.940374912444256,-0.0815869601771943,-0.9966662269431251,0.005798827979400687,138.76141357421875,-19.23560755706029,0.06886523105469888,0.06886523105469888,0,0,0,1,1.140810882102883,1
0,road_background,30.285398721923958,79.16477193873159,,,0.3355614199023884,110.9098462293533,0.027298039588387,818.0,11.163504082894692,0.6080768777884903,0.7938781460016401,47.0,3,821.14892578125,9.878425642941576,41.48066314987174,0.36645223727949366,0.9304368639477123,-0.00883227321422645,86.6116943359375,16.764297863668617,0.32065796953483405,0.32065796953483405,0,0,0,0,0.9627306231549738,0
0,road_background,30.092301666872935,78.5448699326324,,,0.2213826094380518,33.47502719723281,0.013781539526694,1004.0,29.65951961333653,-0.4448706387423289,-0.8955948385207411,153.0,0,997.50927734375,34.05762155188206,49.79290052492403,-0.4760901967081216,-0.879396454733826,0.0035163816284655572,259.29034423828125,-28.63020412981018,2.128815961901874,2.128815961901874,0,1,0,0,4.435113648265896,1
0,road_background,30.409671312967035,79.37624201118565,,,0.2799447212149826,143.71461157126197,0.015086146126928,1038.0,39.40273352922841,0.2272296156064184,0.9738412097417932,260.0,5,1037.08837890625,21.628335673341812,64.63364758258959,0.40328922806509854,0.9150725646235149,0.004528214342927781,292.65216064453125,-43.387384588068244,0.09904544582643103,0.09904544582643103,1,0,0,0,0.840741297818761,1
0,road_background,30.24852521313704,78.9154747321095,,,0.0735561229981019,83.81054274657272,0.0298822859069413,704.0,8.735690934280582,-0.9761870601839528,0.2169304578186562,120.0,2,699.3450317382812,37.27274956003789,46.777860302578716,-0.7462643559316735,-0.6656496909530452,0.014480083656348727,169.19854736328125,-32.84715636702606,0.028351576947956383,0.5300057401265135,1,0,0,0,1.401433105911256,1
0,road_background,30.27045151321473,79.16697521993723,,,0.1068105719015498,112.50435499046428,0.0358409934227748,803.0,15.291768058100292,0.0243829924547085,0.99970269064305,115.0,3,838.5315551757812,32.372241206841935,49.07764005053668,-0.2387469403486687,0.9710818186302065,-0.01304688321178242,171.9996337890625,8.523604968362633,0.07546494614778022,0.2916604261523243,1,0,0,0,2.046740156557757,0
0,road_background,30.299228911065097,79.02202225409,,,0.0043629646234537,96.20481643324771,0.0077395163289129,693.0,10.44746989776266,-0.6507913734559684,0.7592566023652967,45.0,3,702.0003662109375,7.342892250647576,38.94690042613425,-0.6044281291333914,0.796659674335477,0.0006722453490295372,144.31121826171875,-7.54022065470042,0.26593053282256623,0.26593053282256623,0,0,0,0,0.21330697001429322,0
0,road_background,30.41079461372342,79.41453755288629,,,0.4215802999600994,147.37114595819543,0.0016683194020498,1191.0,14.506372352544124,0.3736108433124819,0.9275855420171965,72.0,5,1194.2772216796875,19.573341248427162,31.557714534746584,0.09099142513077088,0.9958516759802493,0.0059444043496441985,135.35302734375,-14.667900148501985,0.5080795258458811,0.5080795258458811,0,0,1,0,1.6472134534080913,1
0,road_background,30.21764354174363,78.80463216149738,,,0.112659006083355,71.78004592680425,0.0070503631421041,557.0,19.818432220135985,-0.0462467613948888,0.9989300461295996,108.0,2,576.1050415039062,19.95578952009611,40.8781431425596,-0.05516496401787674,0.998477253994755,0.006727937523352578,145.09552001953125,-14.470510435498454,0.17053877252346034,0.17053877252346034,0,0,0,0,2.6392486509380695,0
0,road_background,30.217553899611808,78.67868023389006,,,0.2774782175012057,56.99475658535101,0.0013134927158002,581.0,31.026441293563,0.9698156353838244,-0.2438393597536472,175.0,1,540.2630615234375,40.30956777372904,56.744724227835235,0.9421077328876747,-0.3353103333230961,-0.005567634851544623,155.15994262695312,-13.544757937596842,0.10046893713565405,0.10046893713565405,0,1,0,0,8.645267561501724,1
0,road_background,30.21859428354116,78.67926373936724,,,0.2249412646223056,57.11148841384637,0.0118934025821754,553.0,20.28933199958598,0.8926166538284023,-0.4508164918325263,112.0,1,536.7307739257812,33.23287332829173,44.9410812852968,0.890986357803648,-0.45403007632511494,-0.007682966774195358,123.46728515625,-7.707946020709528,0.10917609062011009,0.10917609062011009,0,1,0,0,8.52436251724332,1
0,road_background,30.46692594543496,79.43660097433116,,,0.7669524517679578,154.2840181068532,0.0118709052487603,1219.0,40.50369672587116,-0.4994972193441576,0.8663154898000234,222.0,5,1325.2442626953125,38.88193813525732,59.88885118688563,-0.39130393509076733,0.920261501086773,-0.005920534019382748,356.1123046875,16.60299405184651,0.10845746373692801,0.10845746373692801,0,0,1,0,3.4292771571910112,1
0,road_background,30.42829328800292,79.42727941052843,,,0.2827619840069733,150.05954988633442,0.0112534146079134,1280.0,32.45078614945803,-0.9960211039518372,0.0891176777220064,190.0,5,1297.7755126953125,6.963885119183147,55.86071676387645,-0.7965513985646427,-0.6045708142514917,0.0001163973479342699,166.210693359375,20.72999661027893,0.2490707515535168,0.2490707515535168,0,0,1,0,3.8771045799571335,1
0,road_background,30.288587270929504,79.26010948307552,,,0.0610204770946785,122.63568824585056,0.0204940328011771,804.0,19.54147768674888,-0.253568637954641,0.9673173966417788,103.0,4,821.489990234375,22.293643580362147,46.44843649842445,-0.321262692758079,0.9469901172883634,0.005287507478146348,176.1229248046875,-18.02470713213461,0.2868787062372493,0.3104863352199606,0,0,0,0,0.09012356476097039,0
0,road_background,30.29859264122708,79.09250590993983,,,0.010913895724198,103.46854767202684,0.0189986833359766,705.0,12.89478218207381,-0.6697687702776066,0.7425697235686509,52.0,3,717.848388671875,12.526648696620853,32.19961456075941,-0.6848971789521849,0.7286397287160087,0.0012376662662088055,84.05340576171875,6.526735416128645,0.18447987106993496,0.19726386865545642,0,0,0,0,0.19820764856578058,0
0,road_background,30.412917269053796,79.3936156,,,0.3878971608300456,145.5232108259322,0.0109730594602532,1067.0,4.262693045214654,0.4472135954999579,0.8944271909999159,211.0,5,1129.4482421875,50.27530458696668,64.81618723561303,-0.003058417907813922,0.9999953230290135,-0.013065658704356557,261.1993408203125,-18.26012174748189,0.05303093902062235,0.05303093902062235,0,0,0,0,0.7207954415714651,1
0,road_background,30.304510025133816,79.03324781953349,,,0.0703096750734888,97.43093670571716,0.0078541868412905,653.0,21.64281645634068,-0.5796477649438282,0.8148671478195845,156.0,3,721.2461547851562,43.090379792762924,48.190493169257486,-0.3806297097701545,0.9247275404357156,0.00042833756190566955,264.99468994140625,-12.811783215231117,0.13082141076170756,0.13082141076170756,0,0,0,0,0.7629361773259943,0
0,road_background,30.41970783765442,79.42783069652616,,,0.0773814794485681,148.9068763237081,0.0099916558259685,1282.0,18.26375976452043,-0.010100494835363,-0.999948988700964,99.0,5,1263.748046875,35.80238200865923,46.67934284350009,0.04682140498689951,-0.9989032766164363,-0.00011683155344147697,167.456787109375,-0.194228999870802,0.0817402285175594,0.7913248643214342,0,0,1,0,3.2459409913304684,1
0,road_background,30.075582671226197,78.50058916283686,,,0.5956236555596052,27.92379929281925,0.011491312317417,426.0,29.52772362092193,-0.3825250499864641,-0.9239451207365366,157.0,0,433.4147033691406,28.145955091931643,53.36015262285141,-0.6937753594454412,-0.7201914680321816,-0.00554965285223125,178.73046875,-14.40456346243866,0.06904155029652782,0.06904155029652782,0,0,0,0,1.3336774413960901,1
0,road_background,30.213310232233027,78.67023988462422,,,0.1188654372704711,56.07030453757433,0.0060583790988458,559.0,35.586479269065464,0.363345276491644,-0.9316545551067792,200.0,1,533.9170532226562,40.17889041093473,50.65631781816637,0.30616596999384427,-0.951978150388825,-0.0012527096145841289,216.62295532226562,-33.66347282977142,0.07171051049246517,0.07171051049246517,0,1,0,0,9.557258597429216,1
0,road_background,30.243015099839088,78.91827674464996,,,0.6615785351885901,83.65691160327836,0.0088673600198953,745.0,14.71220292434199,0.1396438430468253,0.990201796150216,78.0,2,722.3720703125,14.015469897455509,45.0447580407316,0.5897139651227489,0.8076121837486141,0.022783412174584815,182.02081298828125,-44.42096249919291,0.01060636381020645,1.0717908828773883,1,0,0,0,0.8451927972892226,1
0,road_background,30.23934611952916,78.71784112295619,,,0.6267301243988544,62.10472185395242,0.0016040446733136,597.0,17.316797840373336,-0.4810977275265904,-0.8766669701595644,82.0,1,574.1380615234375,24.220520598897487,35.344388800100496,-0.46869762910110935,-0.8833586658175709,0.0010083368379347798,118.1378173828125,-8.723717555526832,0.3515980028364248,0.3515980028364248,0,1,0,0,4.326983618731699,1
0,road_background,30.53427981449732,79.52046548974293,,,0.233092430834346,166.43489782565865,0.0214791024533908,1364.0,20.73121110326456,-0.9423381776111374,0.3346621565347964,107.0,5,1407.83349609375,26.430083949549186,62.945252515035165,-0.5241529612114099,0.8516241384867566,-0.007325858554367057,229.959716796875,0.10300010491982903,0.07358510120333808,0.2537257352035072,1,0,0,0,1.8592514488612053,1
0,road_background,30.247077822683384,78.91114320049554,,,0.0491036716993355,83.37933823823558,0.0123430670811481,719.0,42.596431288149326,-0.7214597652291931,0.6924563575817884,217.0,2,784.7045288085938,44.573224184409064,49.11143830068946,-0.7704890521539914,0.6374532300575814,-0.015579541083981074,289.64154052734375,15.682632320183416,0.25292418549493645,0.25292418549493645,1,0,0,0,1.2468755819015114,1
0,road_background,30.25301420812308,78.88912348059354,,,0.3579870896998161,81.07103723692289,0.0085416658142145,655.0,29.66120791584455,0.5560501945291115,0.8311487118224615,142.0,2,646.9664306640625,40.21062828167048,45.62155322116818,0.5246784705920443,0.8513004772095416,-0.0026923942912016503,149.26092529296875,-2.2737300652117938,0.10654053499692058,0.10654053499692058,1,0,0,0,1.3202067110887175,1
0,road_background,30.3165353015847,79.30900067114719,,,0.0093034945017984,129.27092733456286,0.0084875974036832,934.0,19.86915737629387,-0.9684929325968497,-0.2490410398106185,105.0,4,950.7848510742188,27.119606343865705,41.45699962460358,-0.9937793612093472,-0.11136687673784249,0.01289602157322057,147.46539306640625,-22.128024518982443,0.661547105847624,0.661547105847624,1,0,0,0,2.1859983251185326,0
0,road_background,30.26873186488789,79.18618275058128,,,0.1057162935387262,114.27283738678216,0.0093781302705684,785.0,22.304259775110115,0.0325031425455815,0.9994716332766336,133.0,4,822.9114379882812,32.42269994179748,41.51336009023268,0.2310236993873943,0.9729481231398531,-0.007186589547518921,209.02520751953125,2.7388441858213355,0.13124586780294142,0.13124586780294142,1,0,0,0,1.7003048701553134,0
0,road_background,30.28858018302985,79.15881579412125,,,0.0658563979278526,110.371139368434,0.0062514170750606,793.0,11.7209582346459,0.6908577715463127,0.7229906911531178,45.0,3,804.694580078125,24.46335587857066,25.716546167453295,0.41388303325144965,0.9103300691433737,-0.007701124865793724,48.57904052734375,7.307308480759275,0.5145994772715566,0.5145994772715566,0,0,0,0,0.7578720112665981,0
0,road_background,30.256932757985084,78.87935825246771,,,0.4396100573620163,80.09956330637564,0.0106807659084806,672.0,17.59316742871581,-0.9776483112944344,0.2102469486654696,94.0,2,683.4143676757812,10.946114803128141,39.73357934533056,-0.8365643952270374,0.5478686089186177,-0.0005265245124368135,127.69329833984375,9.526559877001546,0.25436036204257134,0.25436036204257134,1,0,0,0,0.28527649348071005,1
0,road_background,30.128742486847933,78.35485242525233,,,0.0768390505356348,7.535655340179966,0.0056959435766607,429.0,30.083316130847173,-0.178379048177804,-0.983961846400144,171.0,0,416.504150390625,25.10345730276488,52.11229034685797,0.11934965566136482,-0.9928522849314059,0.007713656467710046,166.05184936523438,-9.646214256601866,0.2502154902001083,0.2502154902001083,0,0,1,0,0.9694785711588068,0
0,road_background,30.26700886789675,79.1936634192871,,,0.0658242716735491,115.01285189994609,0.0096452216040045,788.0,28.360372759879684,0.1543768802736096,0.9880120337511016,160.0,4,869.451416015625,47.56399220480878,52.996614847320075,-0.3755688294595242,0.9267945049137931,-0.014629659129307882,307.1798095703125,15.540915244866937,0.1283563827849274,0.1283563827849274,1,0,0,0,1.782277723240553,0
0,road_background,30.407242679410107,79.38282412727322,,,0.005613637613597,144.34547116433015,0.0082633696810762,1047.0,8.697149365003282,0.196116135138184,0.98058067569092,55.0,5,1053.076416015625,29.70299175870142,54.90372855835359,0.033288088604995415,0.9994457980085893,0.0051058040753445355,178.174072265625,-20.76466155249227,0.10768087955916267,0.10768087955916267,1,0,0,0,0.49128284083618634,1
0,road_background,30.27259895666556,78.96236701291751,,,0.2378839304660308,89.30152360558895,0.0153929303906877,625.0,35.28178645675859,-0.2214174794559364,0.975179111646358,207.0,3,675.3540649414062,32.26990439953371,59.2520183598651,-0.08069111025256706,0.9967391558106905,0.004104852000414194,303.482421875,-38.68326032654318,0.1477486132610462,0.1477486132610462,1,0,0,0,1.4438543548023577,1
0,road_background,30.3407269143945,79.31829567692749,,,0.061216349893844,132.09738813943753,0.0083950639219171,963.0,17.456590925928477,-0.0847998304005088,0.9963980072059784,94.0,4,967.4055786132812,37.06535966315783,47.44217162887631,0.3077027582844468,0.9514825340194865,-0.006688811247507829,194.36627197265625,4.578118946926679,0.055292585342664444,0.2642059203286671,0,0,0,0,0.11894247897352614,1
0,road_background,30.301823719330844,79.02731275886735,,,0.0460248977468637,96.7876816385798,0.0097555168421237,649.0,12.480320527105054,-0.6024069059118722,0.7981891503332307,64.0,3,710.812255859375,20.949170381195508,46.412434276667376,-0.6672739437262643,0.7448123817606676,-0.015319385103699687,141.59149169921875,12.087319618414313,0.0492330586421488,0.13553419256776114,0,0,0,0,0.19568611114518475,0
0,road_background,30.48693003020449,79.48599152620449,,,0.2655882421775835,159.7826496411119,0.0137551595462832,1397.0,18.095771161885324,0.3162277660168379,0.9486832980505138,127.0,5,1436.3338623046875,37.40165635662937,49.82260848192152,0.5488643514850923,0.8359114329095212,-0.007532124409168369,220.1083984375,-5.733453924005744,0.07076220880768058,1.1603143681770987,0,0,1,0,2.100864757141108,1
0,road_background,30.28400172614288,78.97561971402835,,,0.0064566877700662,91.07829769556264,0.0066459649825477,679.0,26.360054096082703,-0.7399400733959437,0.6726727939963124,110.0,3,713.4840698242188,25.580612769539727,46.44464227707564,-0.6025033458582725,0.7981163563225521,-0.0006558640753363998,146.4464111328125,12.750577564081823,0.15763576859245892,0.15763576859245892,1,0,0,0,0.9952604623996529,0
0,road_background,30.41180825912391,79.37367084440807,,,0.5184906091953781,143.46938233263987,0.0213727032814054,1009.0,9.479030544199953,-0.4392101320049426,0.8983843609192008,68.0,5,1024.35693359375,18.043613666459716,40.525420035250235,0.6622874737288466,0.7492498262541423,0.0027150726268033274,124.42657470703125,-19.440353015237633,0.06314149167870772,0.06314149167870772,0,0,0,0,0.8984971606576393,1
0,road_background,30.076043877796884,78.44472198571775,,,0.1578201623735441,22.19183647450847,0.0086551061298528,453.0,18.16162821604081,-0.4267754980800643,-0.9043576030744216,89.0,0,440.99261474609375,19.3407801540639,38.2361763365142,-0.3795981074650774,-0.9251514885730507,-0.0004699927526968851,96.56329345703125,3.560460114282023,0.1325771857531517,0.1325771857531517,0,0,0,0,0.344829461820811,1
0,road_background,30.41989311971253,79.42344788747454,,,0.2382583356083842,148.5165064927246,0.0108863056043307,1271.0,14.29118566219738,-0.7327934916262993,-0.6804510993672777,67.0,5,1261.661865234375,35.903062184075544,47.643400218668035,0.33576240727968176,-0.9419467107314262,-0.02308239180684298,140.2911376953125,28.080608777763473,0.13968425640270185,0.48868100328412745,0,0,1,0,2.958471754547996,1
0,road_background,30.066726809913213,78.46787828841055,,,0.3458728956994611,24.62823621528019,0.0272980395879524,501.0,3.5068479668213075,-0.3807498052542947,-0.924678098474716,29.0,0,490.2840576171875,5.758520923394745,40.100515728304146,-0.022945341561022063,-0.9997367209924061,-0.0042325256412257956,100.5709228515625,15.003164496303611,0.27456571309414823,0.27456571309414823,0,1,0,0,0.49314971438076877,1
0,road_background,30.222480613306654,78.67943391928593,,,0.0462091189844945,57.433147002021904,0.0114913123176467,535.0,6.651732748715235,0.8574929257125443,-0.5144957554275263,34.0,1,533.1184692382812,21.336507014981134,29.617626371399737,0.7906890151949355,-0.6122180014096801,-0.013172357456266468,59.454437255859375,8.951272507344356,0.056567441658467096,0.244152467378583,0,1,0,0,8.216936619527496,1
0,road_background,30.41819294074292,79.42851540796038,,,0.1025235199730753,148.91270206608175,0.0047006305195144,1228.0,5.621637841894446,-0.8804710999221753,-0.4740998230350172,48.0,5,1235.56591796875,26.17426585891189,44.073687845109625,-0.20548342823485086,0.9786605952631652,-0.004104751286871818,126.7821044921875,-16.85204674586771,0.09064256152029018,0.9468747999043463,0,0,1,0,3.1698295188462167,1
0,road_background,30.151972884338782,78.60084759356852,,,0.2582603429408657,45.60016354794049,0.0062514170747703,449.0,22.6984311369214,-0.0876612303095137,0.9961503444262932,164.0,1,501.6969909667969,52.68309940140619,57.28299158872679,-0.700529336762793,0.7136236041042093,0.02358124413365079,297.3858337402344,-54.11546943601502,0.05133191021857048,0.05133191021857048,0,1,0,0,11.720971874591584,1
0,road_background,30.290694679972898,79.29220545874495,,,0.2782332277782076,125.71435289108612,0.010258353177667,880.0,23.90390462026533,0.270745576918284,0.962650940153899,128.0,4,895.0233764648438,27.563230104340445,41.862883524006186,0.28562605028028804,0.9583411498006763,-0.0018039141356534952,203.82086181640625,1.6080049877324427,0.19716989791258605,0.19716989791258605,0,0,0,0,0.25771674980752457,0
0,road_background,30.307315441011102,79.04441207501904,,,0.0028298780143693,98.58885782080286,0.011893402582012,780.0,13.415197239362266,0.4472135954999579,0.8944271909999159,64.0,3,780.957763671875,17.249968094327233,40.8138268081926,0.7325547768433259,0.6807080864247353,-0.011176245604538509,112.75665283203125,12.071407601853025,0.27440248447447624,0.27440248447447624,0,0,0,0,1.1133341364581686,0
0,road_background,30.530879125181155,79.5127683743279,,,0.1525553721288984,165.30318495649763,0.0073291253129887,1311.0,29.027534010088708,-0.4805346519649416,0.8769757398360187,148.0,5,1378.90771484375,30.826163125445852,45.233730774100685,-0.303662952516872,0.9527795187076262,0.004592360094235012,242.203125,-0.4129880794807832,0.09567114421709431,0.09567114421709431,1,0,0,0,1.4252039361587734,1
0,road_background,30.49235333824852,79.48379997642662,,,0.1516057882113611,160.13598514194632,0.0077079020179633,1432.0,28.693518551014733,-0.9074239053797268,0.4202164394040346,149.0,5,1460.1990966796875,31.86721715017729,61.54213332293677,-0.9601274305623038,0.27956272477179156,0.0173103143292021,233.6488037109375,-34.81323847494832,0.48932070454317556,0.7558528707527153,0,0,1,0,2.135285278259597,1
0,road_background,30.42481855453477,79.42610569179837,,,0.3903283130645364,149.67379646936757,0.0079380853859545,1259.0,27.98349697176385,-0.8030011791882969,0.5959774376788141,128.0,5,1279.9521484375,31.346376150580582,43.3215133816939,-0.8386697678188706,0.5446402670998919,-0.007999261227734075,174.5118408203125,19.497496045325306,0.34413793083390243,0.34413793083390243,0,0,1,0,3.519373128305272,1
0,road_background,30.29536540955888,79.07068634166286,,,0.2747848232860103,101.3553242515719,0.0062459256611037,679.0,16.336176074736947,0.2956837280711307,0.9552858906913456,85.0,3,699.198974609375,22.049759441686493,39.36168931107647,-0.09377653441584365,0.9955932711669732,-0.002566669177878025,144.02447509765625,-3.1593653150825958,0.16236262256073222,0.16236262256073222,1,0,0,0,1.6527613255493583,0
0,road_background,30.25164096284499,78.93081313832543,,,0.7812974464023491,85.82293825307701,0.0052477206474469,730.0,37.83938565194735,-0.6136434860425347,0.7895832267959886,199.0,2,782.7747192382812,32.69857499011299,52.25397851488919,-0.9989322623105724,-0.0461988670324473,-0.002583333548767875,297.72747802734375,-5.121425660188493,0.219942294914541,0.219942294914541,1,0,0,0,0.8506588560995575,1
0,road_background,30.269156470753,79.18424445375392,,,0.1152698844666118,114.08074913019108,0.0140823140804125,733.0,19.57965917493864,0.1780606732902097,0.9840195102880008,128.0,4,812.0762939453125,37.206317920591225,48.95853680310561,-0.27728254735017216,0.9607884204834067,-0.007410017399712024,197.9547119140625,3.824896189792071,0.09138266604883596,0.09138266604883596,0,0,0,0,1.6714285278840013,0
0,road_background,30.297357410758817,79.10592298203663,,,0.0428676188457085,104.76875043551492,0.0118934025818572,798.0,26.900279318904865,0.8738471792745546,0.4862006862129099,171.0,3,799.7662353515625,19.483538678748832,49.24969475316427,0.4104609453791194,0.9118781784418791,0.009458353794276167,186.477294921875,-22.883586284542844,0.45751828879542766,0.45751828879542766,1,0,0,0,0.584543169405289,0
0,road_background,30.23887061760553,78.84822418205972,,,0.2865616727415187,76.72154057743775,0.0328250953788918,589.0,18.606663931722995,-1.0,6.123233995736766e-17,101.0,2,630.3617553710938,36.61227097102403,44.338902705391924,-0.9998499412399873,-0.017323250341493106,-0.006288416169398674,173.34442138671875,-7.705941696797481,0.12476533825578776,0.12476533825578776,0,0,0,0,0.529975565045043,1
0,road_background,30.266055631777,79.21076292665487,,,0.3661705700911933,116.63398675937827,0.0119081836703022,774.0,25.54803810960216,0.1394685218458926,0.9902265051058378,142.0,4,783.8731689453125,31.79647955608623,51.98018072178895,0.5093517965448223,0.8605583927640018,0.0012332119411161313,240.074951171875,-31.082194682980344,0.08778825550712238,0.08778825550712238,1,0,0,0,2.006659070752256,0
0,road_background,30.287953250916136,79.12155091651033,,,0.5209808673449211,106.75136916235915,0.0081379543638302,798.0,29.862146215660893,0.2206172472838652,0.975360461676036,168.0,3,804.0087280273438,12.308356752963716,42.82577055148296,0.49415292686484985,0.8693749966906699,0.0010587501968976486,217.362060546875,4.0404915297326625,0.1612914441779303,0.17160476063674288,1,0,0,0,1.606126812985465,0
0,road_background,30.30542688545991,79.29898353039513,,,0.6348870482851884,127.85528431972672,0.0079359202508108,873.0,28.82988907208662,-0.9810437422032618,0.1937864182129899,162.0,4,935.1764526367188,35.453341633404456,42.25503327119112,-0.9901613013274512,0.13993068767617944,-0.012998398659818299,201.5504150390625,18.163464759006956,0.21455274208375968,0.21455274208375968,0,0,0,0,1.1857473363124809,0
0,road_background,30.306129275095007,79.03637500131234,,,0.1034793819919566,97.77950625221996,0.0078541868412274,729.0,22.01736458207472,-0.8737681706625942,0.4863426610291798,155.0,3,742.7850952148438,19.80140942046119,49.02445972624721,-0.5472443545277282,0.8369728887111757,0.0010847767790326814,211.05047607421875,-22.658542097107443,0.22092401505326228,0.22092401505326228,0,0,0,0,1.1021319163269114,0
0,road_background,30.36172078398431,79.3167069694482,,,0.0568925314226156,134.39945358240195,0.012421244028147,986.0,10.848102052501686,-0.7653620859054908,-0.6435999358750715,45.0,4,984.2764282226562,21.601698083067166,32.53208801666553,-0.9999020334250329,-0.013997269465300614,0.007541458692464912,121.041015625,-9.12781064372416,0.4598592604384307,0.4598592604384307,1,0,0,0,0.34382616645261754,1
0,road_background,30.267446895246906,78.94464030993204,,,0.2403195671274352,87.56333987115087,0.0150099242517804,682.0,30.66817516091254,0.1798746583864111,0.983689538050686,175.0,3,681.0419311523438,40.7846163207478,57.51361998937103,0.015611519686061868,0.9998781328007387,0.0001409918716410801,275.630859375,-17.363693363410334,0.13611622857548492,0.13611622857548492,1,0,0,0,0.30437370590853324,1
0,road_background,30.23270393056253,78.72438186971787,,,0.3001011882499053,63.015125381525415,0.004987388196815,586.0,10.69144728560286,-0.6709133239691262,-0.7415357791237712,44.0,2,575.953369140625,10.751459958046478,22.633076727622758,0.06090356501229314,-0.9981436548757866,-0.005534937398186753,82.60882568359375,1.3135088455578625,0.3723723079509545,0.3723723079509545,0,0,0,0,4.600986811509036,1
0,road_background,30.27670107884989,78.96998697376684,,,0.309743841149055,90.1606934307786,0.0078541868418383,698.0,18.409142483641386,-0.8713079436099463,0.4907366578952571,110.0,3,715.7383422851562,14.390993880037763,43.31351913049089,-0.6763335394294737,0.7365955087039294,0.0040854659879875285,219.14471435546875,-9.549785519434408,0.23329720407624724,0.23329720407624724,1,0,0,0,1.9502785886523628,1
0,road_background,30.22471374784421,78.8184530975882,,,0.2966252773809727,73.31168428825332,0.0103998154461247,575.0,5.945162381165159,-0.6401843996644798,0.7682212795973759,30.0,2,577.7716674804688,3.9837599050330685,11.462682883098779,-0.7175940566644341,0.6964616068670841,-0.002211235950457118,55.906982421875,0.8766373563404386,0.37146873529928426,0.37146873529928426,0,0,0,0,1.5752692002032516,1
0,road_background,30.36263299848937,79.31593283108441,,,0.0187584823897289,134.5004988870706,0.0088403787778591,972.0,15.848280508536565,-0.9628419719237996,-0.2700654311493585,82.0,4,974.8948364257812,11.384363131650453,40.493997623973264,-0.9901253327262931,-0.14018496885774637,0.0003484678437347319,143.8560791015625,-6.86187744140625,0.42041854524004896,0.42041854524004896,1,0,0,0,0.2932978447635478,1
0,road_background,30.39660976459899,79.32747714270111,,,0.0540969235671467,138.42009694193706,0.0085179898902426,980.0,23.89009272571159,-0.8202911753020488,0.5719461405775753,111.0,4,1024.4913330078125,40.020998344477455,50.33932074383966,-0.7381756823383209,0.6746085250012442,-0.002846207639022001,269.330810546875,-10.006414240056756,0.1853902210820987,0.1853902210820987,1,0,0,0,1.4949934871155477,1
0,road_background,30.136995796739985,78.34038086413923,,,0.1891114449059265,5.985373291654826,0.0140823140805637,410.0,14.865494277066404,-0.5776688575142399,-0.8162712117049044,98.0,0,412.2095947265625,24.957336130486468,34.39842455350192,-0.778920275122481,-0.627122958440463,0.001029600931016349,154.08111572265625,-7.309214190018054,0.0550394240090899,0.25688264869797334,0,0,1,0,0.6404145907843827,0
0,road_background,30.26733916196576,79.20802,,,0.4392101839154541,116.34335465628315,0.0111500647981301,808.0,18.59986856404698,0.2773364928491538,0.9607728502274256,154.0,4,822.2706909179688,48.43886788920476,56.02288204348107,0.60215778570462,0.7983771045786001,-0.009107071384097854,223.819091796875,-3.6023272049328625,0.08676719098574387,0.08676719098574387,1,0,0,0,1.8469305028683611,0
0,road_background,30.29185489073858,79.2836876615168,,,0.0018432515430241,124.9321597987325,0.0053963213017252,838.0,17.231864647073255,0.032241294010958,0.9994801143396996,93.0,4,873.1121826171875,31.257455532654657,42.14759091261335,-0.1456034895298452,0.9893430263749435,-0.0010341885332688311,195.593017578125,-9.35052944214874,0.23742444524676068,0.23742444524676068,1,0,0,0,0.061493867998433434,0
0,road_background,30.23842687193649,78.71998027752075,,,0.6402986615288702,62.33388371543422,0.0073291253135239,595.0,15.3144955947385,-0.5234181058748009,-0.852075986307815,70.0,1,573.1464233398438,24.81546465426395,27.9993956444283,-0.19127674080980722,-0.9815361472840304,0.0009843103603559785,106.322021484375,-8.268530475206603,0.41013894997074357,0.41013894997074357,0,1,0,0,4.282021862666162,1
0,road_background,30.466657705085325,79.45786552187778,,,0.0384974421749303,156.13034427490297,0.019854568111735,1529.0,24.892067802108357,-0.9123243054707966,0.40946838906957,127.0,5,1543.4578857421875,27.57978516187305,47.448465241446094,-0.9920249523206378,-0.12604163587178746,0.0016599269864557148,212.9512939453125,-0.754214956740725,0.045143453298069625,0.9382598136042605,0,0,1,0,3.7753583475613137,1
0,road_background,30.34498905916961,79.31995367683386,,,0.2430671054669765,132.53242849211017,0.0135619524497535,912.0,23.99548120959033,-0.9959543577452866,0.0898605435559657,133.0,4,965.3080444335938,39.339500071239534,44.1986828529023,-0.9300230030164092,0.3675013113722728,-2.3983466765126974e-05,252.58984375,-4.758802177492271,0.1522896061343481,0.1522896061343481,0,0,0,0,0.03261719677648755,1
0,road_background,30.28947436317393,79.15259140535936,,,0.2877057548037489,109.80610118126631,0.0039088190093749,814.0,3.668665815607429,-0.4678877204190328,-0.8837879163470618,17.0,3,812.281982421875,5.830202923612118,16.095812965542294,-0.03757161756552401,-0.9992939375146384,-0.0020594878919737627,36.60491943359375,5.2914327826381395,0.23333473243121666,0.5499210911286918,0,0,0,0,0.9275723722152931,0
0,road_background,30.334094313682535,79.32084141233747,,,0.5462938653336903,131.49525129591697,0.0062514170747449,933.0,21.869859308909422,-0.8470638945081478,-0.5314910710639357,122.0,4,932.5774536132812,23.943665200524283,40.63940794154483,-0.8462593283857136,-0.5327711977201479,0.017880189082354475,208.91729736328125,-20.96756561531504,0.22671240952428376,0.22671240952428376,0,0,0,0,0.1551393959829936,0
0,road_background,30.25268171337162,78.8901440717223,,,0.357872837299272,81.17589703536117,0.0179903598828524,593.0,19.188418756936425,0.5938522968371138,0.8045740795857672,84.0,2,608.8883666992188,22.911863596701906,46.690752983870624,0.6997459832683682,0.7143917405036151,0.007168767394309103,150.41656494140625,-28.77579870302816,0.07773430186914042,0.07773430186914042,1,0,0,0,1.424957688169918,1
0,road_background,30.23928234820023,78.82964796190885,,,0.7647223939386318,74.86798035863502,0.0098130124796656,622.0,13.346810182946871,0.4074416342905275,0.913231249271872,65.0,2,633.2951049804688,8.68319369591806,34.50578209735935,0.5592138119156461,0.8290234692472658,-0.0007331784729111284,145.52362060546875,4.864157936789752,0.24187985236629603,0.24187985236629603,0,0,0,0,0.27330288646308165,1
0,road_background,30.30026789273412,79.00790448893089,,,0.2834982250677244,94.80487144131786,0.0174017160342066,702.0,14.366056176200178,-0.6246950475544243,0.7808688094430303,73.0,3,724.3826904296875,6.570988947611952,50.27440342985623,-0.19121357935230163,0.9815484537562479,0.002277770610884174,125.440185546875,13.704366888881736,0.20194256427624457,0.20194256427624457,1,0,0,0,0.5333206078405609,0
0,road_background,30.40566943374564,79.34231974879974,,,0.0023162751466046,140.4413913928291,0.0059744141171635,1001.0,19.68651882536699,-0.8291725540450335,0.5589927330640676,101.0,4,1051.574462890625,38.409575883961466,41.91463937749669,-0.42534709867935694,0.9050303009540914,-0.00955248296260205,170.990478515625,5.7798784744641125,0.12735024749141927,0.12735024749141927,1,0,0,0,1.6365710984299868,1
0,road_background,30.08337456618688,78.53559602004778,,,0.5582888751388463,31.98909586198465,0.0080030263954115,956.0,36.52393892495334,0.8236477550690369,-0.5671017329983535,183.0,0,862.5601806640625,36.001145074354916,46.130791531062435,0.9027145315757941,-0.43024001961915936,-0.0004651785152603122,307.09918212890625,8.423571373805544,0.8849004837727683,0.8849004837727683,0,1,0,0,3.272631913738468,1
0,road_background,30.12064898294545,78.36640612527619,,,0.0207214974778137,8.950832696956672,0.0118784880847679,398.0,29.19898941019341,-0.6859226477428353,-0.7276744610837035,123.0,0,423.01983642578125,40.331419251682746,45.198464312782455,-0.6459050317241632,-0.7634177689793497,0.0013268750049378903,194.99295043945312,-3.0039511436273187,0.12613009553188104,0.12613009553188104,0,0,0,1,1.9769928995385733,0
0,road_background,30.124107693963644,78.58781783928268,,,0.4319033118408013,41.85618859991441,0.0145445150295476,546.0,25.11127662816634,0.6045421344048129,-0.7965731653334006,116.0,1,526.0850219726562,19.682317952395795,39.3598772394984,0.25935363713278387,-0.9657824242064028,0.007947295989912551,207.59381103515625,-7.340564822362467,0.1757244191515966,0.1757244191515966,0,1,0,0,8.522243586853898,1
0,road_background,30.12985614341404,78.35171139846263,,,0.0007037598235521,7.218300827132679,0.0099916558255775,411.0,18.130932944052347,-0.3766500829338729,-0.9263556093779034,91.0,0,406.7392578125,18.877087205314652,36.664099157275444,-0.39427899989495546,-0.9189907889863933,0.0016095304733252393,188.437744140625,-9.1576807952124,0.23018093502112258,0.23018093502112258,0,0,1,0,0.6980904784116869,0
0,road_background,30.22300689865374,78.8153678595116,,,0.2668678503668742,72.96116283247908,0.0230659019082751,570.0,3.0765952471078046,-0.4961389383568337,0.8682431421244592,17.0,2,571.539794921875,1.0395097592185114,13.625221976055187,0.3623592655505704,0.9320384984911574,0.0008761413194009179,39.134765625,-0.8603919163223281,0.5249309161312996,0.5249309161312996,0,0,0,0,1.860076688650918,0
0,road_background,30.30758418974905,79.30174928829581,,,0.4298554802505225,128.1480090632891,0.0095303817048734,901.0,31.87623870820397,-0.2197672823293228,0.975552326437482,182.0,4,957.7274169921875,38.66910172833782,43.99412255355863,0.10737667806668592,0.9942184111186854,-0.004092648062473838,236.765869140625,-13.330056434820563,0.24303920140446736,0.24303920140446736,1,0,0,0,1.3970419417921707,0
0,road_background,30.27076839084332,79.2258675067888,,,0.1359381935824108,118.79802349976087,0.009504912583392,885.0,36.26089278326507,-0.7861606252239777,0.6180222256096009,173.0,4,894.3821411132812,42.96615007000378,50.99634462171974,-0.9206693377121659,0.39034340086216623,-0.006163544951623719,330.354736328125,-2.3310198823282917,0.17793212949005646,0.17793212949005646,0,0,0,0,1.7551889747004625,0
0,road_background,30.26828424470509,78.94889793626123,,,0.110688711690348,87.96284495481324,0.028936880863159,645.0,15.179705807856672,-0.7371541402007414,0.6757246285173463,93.0,3,642.1751098632812,45.421303988097335,46.492894423211176,-0.17224724095332558,0.9850537487792059,0.011280794292476824,187.66326904296875,-27.911851110537214,0.1081806935577217,0.1081806935577217,0,0,0,0,0.1132300171083751,1
0,road_background,30.266372881174306,79.20150367960322,,,0.182208467705291,115.7615364758073,0.01166388939273,769.0,5.788832299437198,0.6904757466825006,0.7233555441435721,83.0,4,837.2857055664062,57.461799020552604,57.461799020552604,-0.32548175276316627,0.9455483216727832,-0.011826679499590896,255.23052978515625,-2.777581837551679,0.08198884576076566,0.08198884576076566,1,0,0,0,1.9640727273958782,0
0,road_background,30.29892587937775,79.06184661440787,,,0.0835365923894118,100.50415221618483,0.0063220386048635,709.0,21.49657774630263,-0.5586003794790644,0.8294369271052774,104.0,3,727.4973754882812,33.93131566055941,41.971434233249866,-0.3316811133703534,0.943391561883719,-0.0011964067782388055,176.9832763671875,0.6164787859955823,0.1194314137470476,0.1194314137470476,1,0,0,0,1.3333011178963377,0
0,road_background,30.278066018027356,79.16653541580312,,,0.1794914101254652,111.72338314189868,0.0204803302442163,899.0,35.74835426995102,0.9909425349944864,-0.1342866052095332,214.0,3,818.206787109375,35.96178610031312,44.47616329769431,0.8329415115406248,-0.5533610379782979,0.01221852188358712,234.9290771484375,-16.452989310272415,0.31201027692503047,0.31201027692503047,1,0,0,0,1.3955144653921163,0
0,road_background,30.531216659582014,79.51417128009372,,,0.115138374690886,165.40459174535005,0.010319236012897,1356.0,31.37139732361224,-0.4537619797271696,0.8911229240425137,163.0,5,1407.0928955078125,41.30426722032961,52.118396199743536,-0.7469377255249875,0.6648940022195707,-0.0023881279336039345,300.90673828125,0.8030319844394853,0.11797809718398852,0.11797809718398852,1,0,0,0,1.558443460446035,1
0,road_background,30.2221907823618,78.77875245290093,,,0.0932981069671719,69.29440951376557,0.0099385112732073,562.0,4.778790659346786,-0.07974522228289,0.996815278536125,25.0,2,562.6544799804688,6.5130260081214,26.28274215220971,0.1827116346627195,0.9831665467045128,0.002349456131343052,53.2342529296875,-4.723707971494036,0.40842589427172027,0.40842589427172027,0,1,0,0,2.8411607205395493,0
0,road_background,30.359074066753863,79.3174132798603,,,0.1048446417022128,134.10285910106717,0.0009004606657632,932.0,24.16881343581011,-0.9284766908852592,-0.3713906763541036,133.0,4,983.5117797851562,41.67567079967833,54.705056125038595,-0.9841519346436443,-0.1773272949581429,-0.0055236753009575285,197.1060791015625,-0.4261595670841416,0.2628642132636375,0.2628642132636375,1,0,0,0,0.20023363054820656,1
0,road_background,30.272462398988957,78.96058575301015,,,0.1480114999863978,89.15480036144587,0.010258353178038,672.0,26.799675819928744,-0.3827403277797762,0.9238559636063564,140.0,3,711.5009155273438,54.41922981366091,57.04443104175633,-0.1393480450083231,0.9902434662002867,0.0019461898175729478,315.49822998046875,-6.942675377711794,0.13496050148360578,0.13496050148360578,1,0,0,0,1.2824264991202998,1
0,road_background,30.090695350960296,78.53684607135872,,,0.046227437895209,32.62747860636337,0.050276132443293,999.0,26.59812198053304,0.9453022148608268,-0.3261958347054964,142.0,0,973.1746215820312,34.22976493959833,44.38836521840657,0.9969766414672496,-0.07770184276246682,0.008695067647921158,213.6029052734375,-30.35185304752065,1.7011698106732986,1.7011698106732986,0,1,0,0,4.092470708344462,1
0,road_background,30.30134163321797,79.0262562790926,,,0.041311627131831,96.67299331066988,0.0026744740689515,699.0,14.808229841174748,-0.3908736291420343,0.9204443524957582,73.0,3,702.0609130859375,22.183188640762133,43.53645357078899,0.5274370368381414,0.8495941220202745,-0.01349928524876312,117.56329345703125,9.145336813177892,0.06268777137883554,0.18271965748187255,0,0,0,0,0.10588236986997615,0
0,road_background,30.261854118353597,78.93372926862176,,,0.2448453493777939,86.34486883587478,0.002674474068936,670.0,34.96697557365467,-0.7959784648911639,0.6053249403663343,168.0,2,733.8292236328125,40.77043643325776,47.794295684206524,-0.6631034733769305,0.7485277440385563,0.0029193105394255923,267.9737548828125,-2.35760498046875,0.21543352602246135,0.21543352602246135,1,0,0,0,0.2635458465691468,1
0,road_background,30.2346397293946,78.67938442018207,,,0.5751006181979769,58.66924108855422,0.0187616784359847,554.0,23.07663528330174,0.970142500145332,-0.242535625036333,124.0,1,532.8622436523438,25.593663004797254,35.03604620141799,0.9017347690255093,-0.43228972498835927,-0.006611068622107851,122.37844848632812,-5.2620680627744605,0.11444916582919987,0.11444916582919987,0,1,0,0,7.381275415054268,1
0,road_background,30.132571111025715,78.34703119974132,,,0.0179024948026404,6.677392880238532,0.0039088190090962,456.0,31.815222106169536,-0.4728177048145967,-0.8811602680635667,164.0,0,414.5130615234375,34.80022535740641,44.054864509752726,-0.5624177401735216,-0.8268532430474643,0.01297513420121848,161.93661499023438,-0.4993871263235974,0.15525416921240986,0.15525416921240986,0,0,1,0,0.24641815627623398,0
0,road_background,30.433134968645952,79.43026501244232,,,0.0029782112592595,150.59886973121618,0.0187616784355599,1337.0,12.931714267985916,-0.2322746820558164,-0.9726502311087318,67.0,5,1327.3076171875,17.45980577582811,27.909016968179767,0.2694203638732196,-0.9630226723864926,0.004460808474094674,102.334716796875,-7.2646807205578625,0.537385933058637,0.537385933058637,0,0,1,0,4.470452292142853,1
0,road_background,30.23808408138633,78.84879102578292,,,0.1849583179523171,76.73622197858447,0.004195986348757,633.0,27.08140466213085,-0.997425500255175,0.0717103300837054,153.0,2,669.8016967773438,35.12987012823232,48.21932446981945,-0.9929180001912832,0.1188017040961241,-0.001964042905661375,217.65924072265625,-10.89197079997416,0.1731932050248906,0.1731932050248906,1,0,0,0,0.4399441231223854,1
0,road_background,30.33063880332965,79.31610220747011,,,0.2519303216905388,130.97824720398418,0.001447416361886,908.0,25.524712849427637,0.3141327770045917,0.9493790593916548,136.0,4,916.5023803710938,43.643669782524555,47.635584476181826,0.5127418345758634,0.8585428417241494,0.002334455300635947,236.29425048828125,-13.502348088035887,0.11300106882875427,0.11300106882875427,1,0,0,0,0.7375360453451437,0
0,road_background,30.26895045774077,78.94105227965576,,,0.5595835079321088,87.35142669096145,0.0177433764502154,700.0,31.183852977963426,0.4516141612516682,0.8922133429606128,170.0,3,708.637939453125,51.03877100404702,54.29851040195699,0.40124610948945727,0.9159702831531024,-0.013435309005777576,266.45819091796875,10.933136238539532,0.14409532425853702,0.14409532425853702,1,0,0,0,0.675000049586234,1
0,road_background,30.0608261671804,78.51025176068441,,,0.5882655001502756,28.87449168555354,0.0084181887102837,661.0,30.314960946665504,0.9976572381834036,-0.0684107820468619,175.0,0,643.2444458007812,37.286058469934915,46.35590356675272,0.9961392303152333,-0.08778743547327504,-0.011943675528722764,207.06878662109375,14.896974673941145,0.36820204540458995,0.36820204540458995,0,1,0,0,0.10077253851726868,1
0,road_background,30.40208641053346,79.33106206199993,,,0.053438267051378,139.10867968331314,0.0124330542717045,1014.0,27.39376622526629,-0.9970165267285712,-0.0771883762628571,155.0,4,1025.9949951171875,28.50605953437736,53.77555858356333,-0.9936762477934185,-0.11228318917448374,0.01045180517058648,215.1353759765625,-23.603147900794056,0.21407260718369184,0.21407260718369184,1,0,0,0,2.146132225584778,1
0,road_background,30.408020786328432,79.36152740767531,,,0.1104100846499634,142.29713044786763,0.014747653943455,999.0,17.78071811341789,-0.353400568718577,-0.9354720936668216,130.0,5,1019.4146728515625,23.384194626707817,55.84295252699838,-0.4275863537138675,0.9039745074490095,0.0021692007485088873,166.72052001953125,-23.129148877356556,0.08612181768138716,0.08612181768138716,1,0,0,0,0.18835864718731707,1
0,road_background,30.23779671386185,78.6969686501152,,,0.0339314225829338,60.34736885133338,0.0035303767038782,601.0,14.079306913753854,0.0797452222828901,-0.996815278536125,75.0,1,566.500244140625,17.171567863557048,38.55244408364952,-0.3260061978513847,-0.9453676316452155,0.01231825284679677,157.6265869140625,-17.370502062080277,0.23089154578871315,0.23089154578871315,0,1,0,0,5.8266731835576335,1
0,road_background,30.15293787300308,78.60164747871472,,,0.347262045374746,45.69705529914299,0.0042889333016108,483.0,28.407793226985063,-0.2958176312331364,0.9552444341903364,155.0,1,538.666015625,52.53063620148388,57.28311076709805,-0.8704744291214433,0.4922136408569935,0.00211080177653311,272.2559509277344,-19.477889384119976,0.07469348971665156,0.07469348971665156,0,1,0,0,11.837992814478614,1
0,road_background,30.20630651829617,78.65868285575867,,,0.3592171445261514,54.80215559636962,0.0132448325863228,609.0,37.893474347867546,-0.1456172893559361,-0.9893409953300376,231.0,1,574.4378051757812,33.2576173439,46.157258996788634,-0.04228105719944666,-0.9991057562651199,0.00015418944718184342,238.51605224609375,-6.311061134023134,0.19690780812165498,0.19690780812165498,0,1,0,0,10.901955743434502,1
0,road_background,30.308099899272825,79.04193267508832,,,0.0717585154333133,98.35609446429356,0.0061510814683565,763.0,17.557548377203535,-0.3476574532100168,0.9376216162330756,89.0,3,770.2879638671875,13.279896787873064,43.68603650717722,-0.09184807417475213,0.9957730320059834,-0.0021899984627985125,101.0799560546875,7.957014099625553,0.31003888533021956,0.31003888533021956,0,0,0,0,1.150169482175871,0
0,road_background,30.24806775365208,78.8755996267052,,,0.2232084267545822,79.52973336584486,0.001144158589661,678.0,9.713320968615797,0.1168412475673972,0.9931506043228762,52.0,2,680.2776489257812,12.693327551098417,40.1545381061726,-0.6640618739906753,0.7476776227171659,0.004223680099420402,81.84820556640625,-10.237327386525067,0.33587939057061406,0.4130066585256038,0,0,0,0,1.0888507443620832,1
0,road_background,30.12469788604868,78.59106590791608,,,0.2589056961855304,42.124534178926325,0.0086551061294337,550.0,23.24269544553521,-0.2716445020571216,-0.9623976644309452,124.0,1,543.841552734375,16.710966762642858,47.095176641166475,-0.19666467994050435,-0.9804708071451689,-0.0025159963616697523,254.95864868164062,2.4327700276020323,0.17497551590160043,0.17497551590160043,0,1,0,0,8.60816385606275,1
0,road_background,30.266401810130517,79.19219730226574,,,0.033721048181604,114.89079271606342,0.0216280710562228,862.0,28.968224279559458,0.030106827912953,0.9995466867100404,166.0,4,880.21728515625,38.52483947123567,49.683841056322684,0.009977860666052668,0.9999502199092357,0.00233284946081969,280.9752197265625,-2.976202342135821,0.2011481465169335,0.2011481465169335,1,0,0,0,1.8586055979988045,0
0,road_background,30.31228805122367,79.30795673576107,,,0.033779137825042,128.79014000509625,0.0103998154472677,936.0,28.01150371924516,-0.9712381911835564,0.2381100081611299,155.0,4,984.0000610351562,38.63208896667667,42.92480691091192,-0.9841387890950681,0.17740023618499778,-0.012001164771107242,192.44921875,6.026874132392777,0.46305505599574437,0.46305505599574437,1,0,0,0,1.967035085734802,0
0,road_background,30.0825571,78.57692421802429,,,0.3140254466873554,36.851391586663375,0.0142522221267427,889.0,24.595273937892607,0.9029950811978714,0.4296508854086647,124.0,1,907.9150390625,20.38022766908683,36.805455774888785,0.9672647129986789,0.2537695312435744,-0.0037828367190474157,179.44366455078125,19.598295353660887,0.9108689486647945,0.9108689486647945,0,1,0,0,3.957755661607059,1
0,road_background,30.425824012457618,79.42679021437652,,,0.3260196234789398,149.78588207522748,0.0065659827778032,1268.0,23.407032879798106,-0.9163339737118747,0.4004148456556091,122.0,5,1280.188720703125,29.953545785347988,44.6209209404926,-0.4308165821696957,0.9024395118386727,-0.009736943904048022,162.62890625,8.567618882360648,0.3456216997506608,0.3456216997506608,0,0,1,0,3.6449748547682517,1
0,road_background,30.1163377441974,78.42611186795625,,,0.5907118623395012,16.919943073398578,0.0066562631355272,472.0,37.440839263463936,-0.5354662961092215,-0.844556597115357,208.0,0,475.58990478515625,26.91779078630389,52.77002140455649,-0.7227514867862527,-0.6911080149645649,0.011998158291063783,272.146484375,-28.553646623595682,0.25060977960498787,0.25060977960498787,0,0,1,0,2.0998451230841737,1
0,road_background,30.26650871681801,79.19751096665493,,,0.1027778806085425,115.38535022619882,0.0102583531778971,845.0,31.067194934405958,0.1383222452518055,0.9903872760029278,179.0,4,856.6351318359375,49.44670256323615,51.98772476060373,-0.1615497423791543,0.9868645706160643,-0.0005806649492525757,295.57513427734375,-5.932888566955057,0.14845911734559344,0.14845911734559344,1,0,0,0,1.8650139653595146,0
0,road_background,30.12868139741839,78.3561675338805,,,0.1451186339944486,7.64240984030788,0.0140773607439449,426.0,32.24525310766328,-0.5812381937190965,-0.813733471206735,155.0,0,422.5649108886719,33.00939765876,52.11227391186386,-0.999153025266798,-0.0411489015674218,0.011576483362265369,204.92129516601562,-21.121807760443573,0.29226168101866223,0.29226168101866223,0,0,1,0,1.0424218534859901,0
0,road_background,30.297241154299847,79.0543754463981,,,0.5712991538819104,99.94415665645076,0.0139120158184622,711.0,25.208987620154367,0.6443537672643938,0.7647275479621376,126.0,3,721.802490234375,34.96764590931386,43.27784251586797,0.021607518630762157,0.9997665303152637,0.004206368552307542,193.1544189453125,-14.229894212454838,0.17375725368284034,0.17375725368284034,1,0,0,0,1.609416737464532,0
0,road_background,30.2332225,78.67910216728681,,,0.5389728234707486,58.51435398370651,0.010677501459213,574.0,19.746339269341227,0.98431258236831,-0.1764333874056405,106.0,1,531.2205200195312,32.21678643138867,35.03566422763283,0.9961655420473449,-0.08748835829708766,-0.002889108072493346,109.65567016601562,-4.956542464327185,0.10672707527103843,0.10672707527103843,0,1,0,0,7.494368499939124,1
0,road_background,30.488428886788103,79.48455229582657,,,0.0531660721755537,159.76687410864915,0.0103223808123607,1456.0,19.27707718108017,-0.1906145551111452,-0.981664958822398,103.0,5,1403.0960693359375,34.09655164628097,54.710020210558206,-0.2874854544354193,-0.9577850037915923,0.008372577761493602,189.2158203125,-37.29443561144103,0.10349023460244877,0.9552187908111172,0,0,0,0,2.171013801629327,1
0,road_background,30.25954584827547,79.21936957173114,,,0.1627004371281889,117.5141282211068,0.0281833186380503,789.0,19.630414815023528,-0.794357832977196,-0.6074501075707972,104.0,4,794.823974609375,19.752930560569965,42.19908641209029,-0.9172252887294146,-0.39836888647990826,0.0011486050979338633,150.6507568359375,-10.517655806107996,0.08890328707107968,0.08890328707107968,0,0,0,0,2.9006262440727246,0
0,road_background,30.29857939221863,79.06083117631256,,,0.1614558441267307,100.43384431467484,0.0100760759739269,690.0,26.77053081880238,-0.3634026260373531,0.9316321867503052,141.0,3,737.4262084960938,36.64593537584368,43.90756692752217,-0.6167668849139881,0.7871458630225374,0.004528380024021875,207.35650634765625,2.499307931947328,0.14229949599268515,0.14229949599268515,1,0,0,0,1.3633350100235921,0
0,road_background,30.341999871220256,79.31950431203815,,,0.1775049522022005,132.20559681544424,0.0155550325535241,961.0,31.8407656016741,-0.9930032678347868,0.1180868750938666,185.0,4,988.89599609375,41.01205991951055,52.08502077545033,-0.6352005419352617,-0.7723472480207009,-0.023528217311093162,231.70281982421875,14.896265959936727,0.08032287273802434,0.2418646655241753,1,0,0,0,0.004383481158543776,1
0,road_background,30.41179891279348,79.39009931972863,,,0.3596564587887466,145.1640854600194,0.0066806405642922,1053.0,9.833563964207116,1.0,6.123233995736766e-17,80.0,5,1072.3653564453125,46.58204721364117,58.09931352151856,-0.5266854342949742,0.85006026451159,0.007826630506969863,182.9361572265625,-25.312946918582156,0.021887026621088462,0.021887026621088462,0,0,1,0,0.3710685470487747,1
0,road_background,30.30016660949866,79.00598157774027,,,0.2713389683241141,94.6199055611462,0.0166538702190358,662.0,21.84525219118344,-0.0665190105237739,0.9977851578566088,120.0,3,710.3377075195312,32.2248762996383,45.90751178514791,0.48488482369306085,0.8745780169614082,-0.009480903834219352,182.85931396484375,7.494209730920716,0.13021760258833623,0.13021760258833623,0,0,1,0,0.5334798298941671,0
0,road_background,30.27464442276556,79.23290586209866,,,0.0857032641133475,119.5947283403342,0.007992289562026,843.0,39.09172015827695,-0.1189834336651264,0.9928962395503652,242.0,4,879.6596069335938,48.14438493085892,48.27505654335755,-0.2795358550398216,0.9601352538820538,3.110552878723219e-05,280.56109619140625,-6.153266843685401,0.166448482453071,0.166448482453071,1,0,0,0,1.2362303934226808,0
0,road_background,30.250857109499737,78.89306666021074,,,0.2671610144969669,81.5099018585276,0.0010142457106115,593.0,24.354887785278137,0.596459568552559,0.8026431231139374,109.0,2,651.8128662109375,40.545775692856324,46.69056917238526,0.061760981103087344,0.9980909684057782,-0.005628793557565649,154.44891357421875,-0.49538301830443743,0.14941933802989157,0.14941933802989157,1,0,0,0,1.7653452815727377,1
0,road_background,30.144118944593608,78.59578430487674,,,0.1517815939094559,44.6606933632323,0.0065659827774874,580.0,28.82988907208661,0.956820439926638,-0.290679627319485,158.0,1,525.0531005859375,32.527080363049414,43.4980520823921,0.9715336521909419,-0.23690158855636645,-0.001306933179881876,192.0528564453125,-4.970063264704891,0.1262722714389448,0.1262722714389448,0,1,0,0,10.795620999010392,1
0,road_background,30.22788758246742,78.82273738294904,,,0.2672595551552815,73.85227948800484,0.0096278749861332,595.0,16.773991341000443,-0.7851657554580989,0.6192856662768104,71.0,2,599.8756713867188,6.458799154929625,45.89094329761684,-0.9748472024317937,-0.22287425134121158,0.0014261082607988998,154.6956787109375,0.7725512291774521,0.16457900434649828,0.16457900434649828,0,0,0,0,1.1415093912634195,1
0,road_background,30.29281799737572,79.11802771885245,,,0.275489902027462,106.16484251337631,0.0099916558258298,872.0,40.094998206553775,0.9897905064830298,0.1425298329335561,250.0,3,784.7548828125,43.45401847820528,45.54090904109799,0.9603237828397039,-0.278887490060851,0.006332405913638911,240.18768310546875,-15.548946159930324,0.19663930764724435,0.19663930764724435,1,0,0,0,1.055788383186463,0
0,road_background,30.488100721970756,79.48567156304601,,,0.1485624542259889,159.7826496411119,0.0102141276320665,1410.0,26.152976132423955,-0.1764954339903355,-0.984301458792256,163.0,5,1398.859619140625,18.341385519167318,49.8226096388676,0.3164408030025036,-0.9486122591423383,-0.0004675283765592335,146.6318359375,-33.79499753841674,0.05651250062624481,1.066741425863891,0,0,0,0,2.0817176317921113,1
0,road_background,30.088928616479578,78.43475045648255,,,0.1643575752066036,20.474169421254757,0.0095783766617536,394.0,3.243292282776195,-1.0,6.123233995736766e-17,106.0,0,388.52435302734375,2.8462882538622063,63.74925257076531,-0.9988428176373211,0.04809392533716978,0.002102508886173082,194.30029296875,-47.68746317713715,0.030614109922078456,0.030614109922078456,0,0,0,1,0.5321873499115203,1
0,road_background,30.21865998930661,78.80753517671552,,,0.1925194677697942,72.0703594973432,0.0111972528274776,547.0,16.875260459543124,-0.2087786032906212,0.9779629312034364,90.0,2,573.1619262695312,27.104947728963644,32.62027718042708,-0.4220311673186112,0.9065813222274605,-0.002895958246647817,135.5245361328125,-7.010619108341984,0.11895250278127145,0.11895250278127145,0,0,0,0,2.49796703833501,0
0,road_background,30.267388806334942,78.94358184921266,,,0.2868135433700484,87.47249696116683,0.0018544063409983,685.0,36.31300410899995,0.4490269257005802,0.8935182258890333,197.0,3,676.9170532226562,38.456541981895334,57.513619938312935,0.03203839642643051,0.9994866388073543,0.011740423918633927,278.5528564453125,-34.65751257021566,0.1564189782200741,0.1564189782200741,1,0,0,0,0.37750518404330624,1
0,road_background,30.219721966980643,78.68095009257986,,,0.2328452716135222,57.3155829707196,0.0502761324429558,529.0,12.1575571498283,0.9902565788380346,-0.1392548313990985,64.0,1,518.5972900390625,22.44595532691761,34.755030610930696,0.8162081699222875,-0.5777579279872412,-0.005554050792925853,68.8592529296875,2.6444328875580823,0.0773396410722353,0.0773396410722353,0,1,0,0,8.320858516353395,1
0,road_background,30.24378125447267,78.87368541143643,,,0.445436851697032,79.07235711847264,0.0203958983036373,681.0,11.384645964530772,0.3310877130290809,0.9435999821328808,57.0,2,682.9525756835938,6.855912036723225,26.539295783385942,0.34554923366627877,0.9384006218628841,-0.0007176645721967368,78.41400146484375,5.1987738491089885,0.15430928368271465,0.6453859963113003,0,0,0,0,1.2291846754556073,1
0,road_background,30.439842432521427,79.42970842117778,,,0.0354358886498374,151.34193716908047,0.0087713073937071,1310.0,25.144097756858415,-0.9800305891237872,0.1988467861990293,138.0,5,1335.4669189453125,25.87262517992791,40.581198291633456,-0.6887986282456076,0.724952722408137,0.00485805722066559,172.748291015625,-0.9741281556689501,0.31351822349220276,0.31351822349220276,0,0,1,0,5.0063577046519985,1
0,road_background,30.424449535552743,79.42489279749968,,,0.5064548789269806,149.63136831321285,0.011255399791928,1178.0,29.19030676119364,-0.6981001361295398,0.7160001396200408,122.0,5,1265.8409423828125,29.882331761420414,46.10233222734723,-0.48489804793894603,0.8745706850249438,-0.01869670357248632,170.426025390625,27.9482421875,0.2639546607546946,0.2639546607546946,0,0,1,0,3.4087588473989805,1
0,road_background,30.252144094598624,78.91788962884725,,,0.0616762031535203,84.27311854687622,0.008434061474835,704.0,24.891503337098364,-0.7974063856023161,0.6034426701855365,174.0,2,774.4970703125,40.94875032438877,50.21427123621585,-0.9451690718368587,0.3265814226851414,-0.007419571550289097,246.07489013671875,6.648570163190811,0.09065165511707982,0.6548494389536916,1,0,0,0,1.5696129026131749,1
0,road_background,30.26859945013104,79.1832628817738,,,0.0363895851978959,114.00017578429213,0.0084181887104043,732.0,26.217612768234883,-0.4061384660534476,0.9138115486202572,155.0,3,820.7882690429688,45.60892603373482,48.95849862820371,-0.27530083055733895,0.9613581292600794,-0.00292763149412116,213.534912109375,3.860459004551899,0.10538571100324157,0.10538571100324157,0,0,0,0,1.7488800728514937,0
0,road_background,30.081206060843265,78.57581494621306,,,0.381641088521172,36.68069272123969,0.0074408824038947,985.0,20.24305527427441,0.6507913734559684,-0.7592566023652967,120.0,1,933.117431640625,34.73899940283109,44.685769994543065,0.7476270231078065,-0.6641188405089554,-0.002976596841023545,225.8304443359375,20.679544243930764,0.9176979515327602,0.9176979515327602,0,1,0,0,3.829519536493679,1
0,road_background,30.26690743155213,79.20377085040718,,,0.2928919069940275,115.95859760875504,0.0128873744230575,749.0,20.48200450530084,-0.2320226596980628,0.9727103810418788,140.0,4,785.6851196289062,38.006949082487715,57.07284901463732,-0.3446811833782683,0.9387198100737816,-0.0001926351887210631,244.6912841796875,-41.12112552863505,0.0822645639175565,0.0822645639175565,1,0,0,0,1.8961925295457593,0
0,road_background,30.240505687882585,78.84945335867084,,,0.4040282011458419,76.90286244806647,0.0069703321462692,646.0,19.827028653408167,-0.8320502943378436,0.5547001962252291,101.0,2,662.7149047851562,26.29536624024773,42.47931224246042,-0.5600442931939119,0.8284626664255498,0.00713193145276707,228.483154296875,-3.121670809659122,0.2540169478404549,0.2540169478404549,0,0,0,0,0.70399729130772,1
0,road_background,30.146108236412267,78.60131693631732,,,0.3860127947430261,45.51370648857861,0.0141522019326513,592.0,33.81257345134119,-0.3782452300784282,-0.9257054315077324,186.0,1,543.89599609375,35.29122936326276,45.02612113566491,-0.34248065512556275,-0.9395248803862329,0.016581116028657278,255.93609619140625,-22.31391162714681,0.17162047496861635,0.17162047496861635,0,1,0,0,11.08454042770887,1
0,road_background,30.2680292304949,79.18225826663308,,,0.0443557762665451,113.9177135674766,0.0100682177354381,794.0,28.523943381089705,-0.7850397315432901,0.6194454131708774,129.0,3,826.6768798828125,42.15852227102936,48.95845954993739,-0.4567574021140462,0.8895912969527229,0.010565249582496309,235.896728515625,-4.0898835993995135,0.1243523507538777,0.1243523507538777,1,0,0,0,1.8319732583240813,0
0,road_background,30.53025150207546,79.51466561962384,,,0.0082510636959669,165.41708263157642,0.0066185200442464,1408.0,34.14962960332201,-0.6240955784112829,0.7813480076172755,159.0,5,1473.3985595703125,39.72996134771813,52.11832585835875,-0.9431460385654526,0.3323786243703009,0.007760269068064068,317.99462890625,-7.85388486247416,0.23473882803492324,0.23473882803492324,1,0,0,0,1.5444210472422069,1
0,road_background,30.40815717639413,79.36258646636085,,,0.124557654333927,142.3991690666343,0.0099916558257294,1021.0,8.735690934280582,-0.9111079228383558,-0.4121678698554468,90.0,5,1030.5361328125,32.08063207972453,52.907867056993815,-0.36918651172816996,0.9293553247052421,0.001696532140944841,184.1756591796875,-22.16453060433878,0.07956153256944017,0.07956153256944017,1,0,0,0,0.2892264134167181,1
0,road_background,30.52836762750334,79.50992251444276,,,0.068196705203522,164.92240973395369,0.0140823140804311,1330.0,16.05827413390471,-0.8800989862281837,0.4747902425704674,104.0,5,1445.74072265625,53.77950414641751,57.57430808974801,-0.8418903558129107,0.5396486160356669,-0.0045001461763100065,309.2218017578125,17.231638002001546,0.08816724075828916,0.08816724075828916,1,0,0,0,1.046182763817306,1
0,road_background,30.230911918812684,78.67878338740402,,,0.4675448604103462,58.26714119304611,0.0062459256609733,557.0,25.17407923292491,0.9999748513083568,0.0070920202220451,141.0,1,538.2589111328125,22.385752095906966,34.802341194695224,0.9670262892251447,0.2546765712574417,0.002476419432082121,113.6925048828125,-2.833768482050573,0.12664064202294764,0.12664064202294764,0,1,0,0,7.669945873423395,1
0,road_background,30.266213933207933,79.22201902393016,,,0.114117591074194,118.17330741706944,0.0076279210794481,829.0,39.56704795533052,-0.7462954344685109,0.6656148469584017,188.0,4,900.27734375,38.859335844156426,52.278390849721966,-0.9223212220793916,0.386424071845916,-0.019582174258712313,268.67144775390625,13.555790168194676,0.20673636772859183,0.20673636772859183,1,0,0,0,2.2683600451308368,0
0,road_background,30.360226261889384,79.3168817368973,,,0.0624593346117982,134.2334381781303,0.0132448325858447,966.0,19.16719129792429,-0.911022159861488,-0.4123573986741471,105.0,4,965.4357299804688,24.686643060809025,49.64424499930796,-0.9406117524762259,-0.3394842133348812,0.008164742636494691,149.580810546875,-13.60429596703898,0.336153383014173,0.336153383014173,1,0,0,0,0.239727155546169,1
0,road_background,30.220601445626667,78.795369108019,,,0.1719891026177732,70.90100144658457,0.0077429786342331,577.0,12.999985665815318,0.303203657276947,0.952925780013262,66.0,2,577.1856689453125,13.70550284683631,32.16152534521857,0.56697810632801,0.8237328613966446,0.005184197575329928,104.905517578125,-4.2561822055785115,0.17990760021555577,0.17990760021555577,0,0,0,0,2.562623981363541,0
0,road_background,30.285266563232295,79.14210551177203,,,0.043554243116708,108.72217385053008,0.0087574489032444,738.0,27.025543573281197,-0.418229195015801,0.9083415329249428,139.0,3,766.9752807617188,33.14770377240104,45.341963641781206,-0.43517887295838237,0.9003440167684084,0.006473119213290069,194.48455810546875,-11.376539498321335,0.1452781970726239,0.1452781970726239,0,0,0,0,1.8331906984571127,0
0,road_background,30.230792148309128,78.72555300684833,,,0.1722034875766711,63.217679610123,0.0142522221259961,569.0,6.331381438388546,-0.8411784753765535,-0.5407575913134987,28.0,2,578.9317626953125,9.245280000377905,24.356847146228088,-0.3248685749879494,-0.9457591707117088,-0.006672277785535986,72.86566162109375,7.491957483212786,0.27316366523693525,0.27316366523693525,0,0,0,0,4.7404850841455195,1
0,road_background,30.06714780830223,78.46882105538913,,,0.2860962550074707,24.710837678263,0.0073920490536541,501.0,7.927122513819945,0.1915103594196487,-0.9814905920256988,41.0,0,492.4464416503906,8.5631999983943,36.71662791624921,0.7039452084311733,-0.7102542808929715,0.004712158475067221,82.96514892578125,7.563748446377815,0.31070595472002477,0.31070595472002477,0,1,0,0,0.41607549167375485,1
0,road_background,30.21385585108846,78.67185910464376,,,0.1721188995254392,56.22866814499708,0.0502761324431742,627.0,38.08184509488223,0.0255235971045724,-0.9996742199290944,235.0,1,587.7288818359375,42.35540247381299,48.56609921002285,0.12133055719403292,-0.9926121578395992,-0.009020471537478345,253.32745361328125,-5.079313924489952,0.13045347858023693,0.13045347858023693,0,1,0,0,9.40238071489134,1
0,road_background,30.41060347797684,79.374460614487,,,0.3845829625768542,143.54415277768294,0.0174017160335052,1038.0,20.71354603894436,0.8374351868224612,0.5465366482420273,98.0,5,1036.504150390625,5.535097243029636,61.72955457591716,0.6030941538136281,0.7976700079831408,0.0036600090756143152,172.13787841796875,-23.79963167048686,0.12510695646970332,0.12510695646970332,1,0,0,0,0.9169047456738669,1
0,road_background,30.30161211135168,78.99667250107501,,,0.4265236897635032,93.72334964860332,0.0303647182098399,733.0,29.430001784323128,-0.3426916955291949,0.939447923950724,159.0,3,744.7042236328125,26.050024860724857,44.55142036506997,-0.35982768595317943,0.9330187760284249,0.005065363875238595,247.13397216796875,3.4856688444278916,0.18019180341708513,0.18019180341708513,1,0,0,0,1.0255806637379137,0
0,road_background,30.42186667011412,79.42458951974366,,,0.4069385379987046,148.6932421558993,0.02915123108503,1270.0,17.461195830556107,-0.9855212354681532,0.1695520405106499,93.0,5,1273.782958984375,4.350325548168879,42.95312869439394,-0.992201421557546,0.12464485171552389,0.0001970394989799338,100.385498046875,0.21468637009297709,0.30377248603926643,0.3994626947909341,0,0,1,0,3.1868980417317054,1
0,road_background,30.41256719022628,79.40710284306013,,,0.0020393923166053,146.76289633600874,0.0058264579372019,1116.0,23.508271063009992,-0.2298934945799831,0.9732157937219283,127.0,5,1163.840576171875,24.33475195037718,43.46966603886789,-0.008667988673349135,0.9999624322805126,0.001453486980964742,198.24560546875,-7.689354258135381,0.24916583202013853,0.24916583202013853,0,0,1,0,1.2948984635873155,1
0,road_background,30.409228641844987,79.37714931428869,,,0.2301995540804326,143.80146234562326,0.0108863056043675,1026.0,30.669763577749546,0.1011731020973516,0.9948688372906244,177.0,5,1048.5389404296875,40.19062657204477,64.63364537938816,0.5755685937052494,0.817753504388799,0.009811556016052481,338.0390625,-39.98196335469402,0.08304035038581689,0.08304035038581689,1,0,0,0,0.7998321994967016,1
0,road_background,30.266601728598637,79.19952505457182,,,0.1601644430263212,115.57074407759018,0.0125043566791467,822.0,27.443564678242907,0.4878213576649419,0.8729434821372646,158.0,4,812.6683349609375,50.85910178265627,57.4618054357098,0.4196414634925426,0.9076899482300314,0.001894966070252625,293.302001953125,-23.64747253922394,0.0914617078156422,0.0914617078156422,1,0,0,0,1.8980867767460727,0
0,road_background,30.23523123130352,78.83701241807535,,,0.2117115658910256,75.49804656346211,0.0096513447088193,640.0,28.82189836411544,0.7814594673318437,0.6239560087998441,129.0,2,641.7199096679688,22.744198668929407,46.83096937129226,0.8744100195813469,0.48518771383429377,0.0036663542310114774,152.51605224609375,-4.584370762848607,0.22060286984363356,0.22060286984363356,0,1,0,0,0.050475659276276896,1
0,road_background,30.29811137744677,79.0145170097048,,,0.0483485645665652,95.44237063398715,0.0297020701130552,713.0,26.43722935718126,0.3955368986608546,0.9184500867209676,137.0,3,706.8611450195312,36.96534887128695,45.12993437351148,0.5275080377640531,0.849550039782424,0.0038847354866030056,185.84820556640625,-10.429643615218197,0.2140178930077369,0.2140178930077369,0,0,0,0,0.40935565441757354,0
0,road_background,30.21612910731274,78.67827141917323,,,0.3734426334887977,56.863765547439385,0.0079380853860181,600.0,27.990970091758022,0.9783497031189412,-0.2069585910443913,156.0,1,533.25,36.245836592100986,58.12540221408073,0.9998894633820582,-0.014868120847627918,-0.0016865839456118234,170.33761596679688,-19.63479715142364,0.1174827342332279,0.1174827342332279,0,1,0,0,8.784645015434313,1
0,road_background,30.290163073725083,79.27613621187372,,,0.0518402449284693,124.18351651050727,0.007627921079599,820.0,12.451492420125172,-0.4830773429113347,0.8755776840267943,70.0,4,836.2113647460938,16.657724775270964,28.077927773577702,-0.5041148655707667,0.8636366147347898,0.001279099284812968,101.01153564453125,-6.5416622950025385,0.2739496832582626,0.28444154279440576,0,0,0,0,0.06382335069487645,0
0,road_background,30.138841426473487,78.40147823996563,,,0.3122483587972487,13.360857320454553,0.0087713073942252,429.0,33.32236342654518,-0.1115444278439465,-0.993759448064252,196.0,0,418.7889709472656,37.31456487534753,45.64284734478383,-0.17589038732430928,-0.9844097580006531,-0.0021350210697632225,170.53860473632812,-12.121195138978578,0.11595160890642246,0.11595160890642246,0,1,0,0,0.2455107578155971,0
0,road_background,30.25804744650243,78.88156804343282,,,0.625261460847072,80.19534565951882,0.0098239429822879,658.0,17.669578178964173,0.2302056359881043,0.9731420066769868,93.0,2,658.0126342773438,15.009321599675639,30.422293398837283,0.2851655345712273,0.9584782824314311,0.006058702741010099,107.66864013671875,3.7697113289320896,0.24181521020627134,0.24181521020627134,1,0,0,0,0.4796662792724067,1
0,road_background,30.136065535731525,78.41246030446227,,,0.3889239720685311,14.458575175867615,0.0059287154608423,467.0,31.440517824654226,-0.4688894461628977,-0.8832568637022025,162.0,0,472.84814453125,37.82603333243107,47.734721745883355,-0.5350857538903354,-0.8447977485668456,-0.0074158008680707006,246.53125,-5.319402269095406,0.21955370030330057,0.21955370030330057,0,1,0,0,1.0610054388850367,1
0,road_background,30.39975555663972,79.33002727287159,,,0.0518353682769708,138.83238776185817,0.0003892362472555,1024.0,31.9498968819022,-0.7803470892970115,0.6253466400530845,146.0,4,1082.3785400390625,53.04253772392173,55.922269038399634,-0.8072905220628069,0.5901542281366461,-0.01381133084935715,253.17437744140625,15.044108745480344,0.06863734800765604,0.06863734800765604,0,0,0,0,1.8751889731525615,1
0,road_background,30.411725486776845,79.3703032181107,,,0.5123052832780091,143.14527216258037,0.0109095861946545,1005.0,8.808225816990934,-0.3226739277881386,0.94651018817854,91.0,5,1054.4849853515625,30.567523195595648,51.446800098586586,-0.026874503428705752,0.9996388153055384,-0.005556008574329049,139.07476806640625,-6.987018679784342,0.07517056549667972,0.07517056549667972,0,0,0,0,1.1207388098919184,1
0,road_background,30.25819513391952,78.9195501936454,,,0.1529907477439212,84.92666804352591,0.0029349747880449,710.0,26.41668487267155,-0.0201301483496748,0.9997973680338532,149.0,2,724.0183715820312,31.92243081574121,42.42078118500124,-0.08090245766359518,0.9967220236073798,-0.00038883032142051147,189.28277587890625,22.507459908477585,0.22298861691576194,0.22298861691576194,1,0,0,0,1.0249664993802565,1
0,road_background,30.22946664791668,78.67902212486952,,,0.3840487824481492,58.128955997249314,0.0054313366269233,569.0,25.487757897718687,0.9999022100525728,0.0139846462944415,143.0,1,534.0004272460938,19.810940884612982,32.072761950197496,0.9999948461849125,-0.0032105456877503644,-0.0014923949467394164,98.98532104492188,-0.8767680018401052,0.13625424991157023,0.13625424991157023,0,1,0,0,7.748733457539338,1
0,road_background,30.22297372384555,78.81370864882136,,,0.1730414779962148,72.8319380445505,0.0055567472977722,567.0,3.517181985303277,-0.2169304578186562,0.9761870601839528,18.0,2,567.8851928710938,1.3901411021605221,8.20176420386142,-0.2014344991210224,0.9795019870137389,0.0002923021887124203,20.6075439453125,-0.015171523921708285,0.5287008169959162,0.5287008169959162,0,0,0,0,1.9163204987770193,0
0,road_background,30.41259318933908,79.36592842359308,,,0.6121006447116973,142.72521647561015,0.0118934025819386,1005.0,9.397042147928053,-0.3222637978043043,0.946649906050144,78.0,5,1044.7850341796875,35.74709108222478,53.394779414663326,-0.3455401890480203,0.9384039523321811,0.004729723907318726,141.67608642578125,-0.21099197766011457,0.0852270536891773,0.0852270536891773,1,0,0,0,0.7221100389267097,1
0,road_background,30.5324615682504,79.51776590144503,,,0.3283205722670138,166.12052822435044,0.0090981697544351,1395.0,25.084525511011247,-0.4557382784330122,0.8901138250644769,125.0,5,1411.1192626953125,34.05234337345733,42.548817491702415,-0.23018651834532391,0.9731465289318243,-0.0033888551328502426,242.857421875,-5.229745407734981,0.1933226632888736,0.1933226632888736,1,0,0,0,1.9249502296830356,1
0,road_background,30.51264458804595,79.49278905367608,,,0.1255976641013934,162.5265654663041,0.0133907326583642,1474.0,47.32193558004285,-0.9804622841097946,0.1967071667179526,319.0,5,1541.34326171875,58.49373424640494,62.051988384710256,-0.9982282353768485,0.05950117726922039,-0.0004350302239630843,414.781005859375,-1.6459446426265458,0.22552406376418652,0.22552406376418652,1,0,0,0,0.759204791276151,1
0,road_background,30.21334793586241,78.6729495736908,,,0.2823964214452355,56.27342053826379,0.014252222126601,612.0,35.01672153462222,-0.0428178383921857,-0.9990828958176696,210.0,1,549.3489379882812,33.52990700881503,48.96454885063493,-0.048674543835044,-0.9988146919135953,0.010042600386432307,234.03302001953125,-28.305521815276393,0.11062739056663137,0.11062739056663137,0,1,0,0,9.365811722838574,1
0,road_background,30.070000243155597,78.49084360304607,,,0.3278243338526733,26.96151277177958,0.005554438995763,459.0,31.670097621922785,0.9672143762553556,-0.2539613166704005,179.0,0,421.0216064453125,36.57318299781949,54.078962714984435,0.955608078440731,-0.294640798971924,0.018291008894799267,174.34783935546875,-35.64770633918192,0.07723246937409846,0.07723246937409846,0,0,0,1,0.48902508766582625,1
0,road_background,30.284123851482075,79.16638017826502,,,0.4239884466096579,111.09958153742384,0.0083950639208942,823.0,15.020256666513818,0.8944271909999159,0.447213595499958,73.0,3,818.89892578125,16.968420306238638,44.46041910763505,0.9676705471741192,-0.2522175888627534,-0.010833159471301073,104.54437255859375,26.934671197055764,0.17515084922206148,0.17515084922206148,0,0,0,0,0.941884501311486,0
0,road_background,30.257439253007306,78.91858945208422,,,0.1879027288979726,84.80703154383868,0.007935920251801,715.0,21.856193510902003,-0.9307514934403472,0.3656523724229935,112.0,2,728.4334716796875,22.593814636091647,39.07029230686981,-0.9786558372062655,0.2055060882360998,-0.006380664609071757,130.11114501953125,18.085840650826412,0.11806189583316487,0.29647091518758584,1,0,0,0,1.1483746229077498,1
0,road_background,30.27794767069109,79.23988365289223,,,0.1099920594495983,120.35867953616156,0.0115091128999016,807.0,22.53566892868034,-0.4016614950850654,0.9157882087939492,114.0,4,845.819091796875,27.816083400784482,36.110530113237864,-0.13419492166113425,0.9909549550813912,-0.010603809791075652,135.487060546875,12.962300450348607,0.07722587817323529,0.2167238328764342,1,0,0,0,0.8102975028326382,0
0,road_background,30.18326764637789,78.62449539675868,,,0.4083288246937302,50.10951718850336,0.0097555168421473,572.0,33.150068446156695,0.4695283315349897,-0.8829174060386219,173.0,1,557.5150756835938,27.06149215171425,54.27459566878054,-0.3747794533764632,-0.9271139958639604,0.009942810836157799,249.72396850585938,-17.156702215021255,0.016597462556954087,0.21121938399079734,0,1,0,0,15.060813530268948,1
0,road_background,30.23727965445688,78.71363851139971,,,0.2280210882991646,61.86646041573888,0.0079380853859426,584.0,30.253179762190936,0.6629437370823867,-0.7486692203257986,137.0,1,547.0267333984375,34.03913440249555,36.403652480179815,0.4986939383296928,-0.8667781468595183,-0.005710860599901793,159.72909545898438,-8.253715325978192,0.08730107486871098,0.08730107486871098,0,0,0,0,4.76056818277061,1
0,road_background,30.23491373358476,78.72391968359462,,,0.490398971297022,62.85553247404469,0.0076886629756238,564.0,11.673783175695576,-0.9841270174450972,-0.1774655277360012,61.0,1,582.1358642578125,19.019411994041505,30.055854236115195,-0.9249384407313106,0.3801169305063007,0.009724028586509639,95.4718017578125,-7.173187508070782,0.5332269454235494,0.5332269454235494,0,1,0,0,4.405894401439754,1
0,road_background,30.24898649375036,78.8734621779904,,,0.0088584958838916,79.44803622918472,0.0127564210181112,674.0,20.621947041167036,-0.5669046954290377,0.8237833855453204,95.0,2,695.7957153320312,16.0322852237917,40.25285512660271,-0.6235139492212612,0.7818122249789309,-0.013737760858171163,111.38079833984375,34.51467164094788,0.199894394021712,0.199894394021712,0,0,0,0,1.0278761114488146,1
0,road_background,30.212140256882662,78.66640075631577,,,0.0179104170759514,55.70357361898363,0.0209713290207526,594.0,32.9718021129364,0.5909180458193005,-0.8067315929880886,157.0,1,560.3287353515625,33.16655056829794,48.36527173612643,0.30146871901553607,-0.9534760675838339,0.0015508512894531438,189.24197387695312,-18.651873627970076,0.12546702752160724,0.12546702752160724,0,1,0,0,9.9168440188906,1
0,road_background,30.248101397401207,78.89737231955166,,,0.1265136846725911,82.00458417965532,0.0106187526969597,652.0,26.32132942828673,0.9366057975356006,0.3503849026751888,139.0,2,632.30712890625,26.18915154617276,41.198113332193365,0.9562753033686021,0.29246802246961645,-0.009142346915026722,166.12701416015625,-4.640920591748454,0.10454936873966432,0.10454936873966432,1,0,0,0,1.6963329458103997,1
0,road_background,30.28233965481928,79.247313804562,,,0.0524164713229622,121.22104617752792,0.0480288295159078,792.0,9.12125699631194,-0.7474093186836597,0.6643638388299198,36.0,4,805.9146728515625,15.65039762761925,40.607961523758895,-0.48495040833943365,0.8745416522106975,-0.00010119965562709748,137.273681640625,-10.936447269660334,0.23303469800738033,0.23303469800738033,1,0,0,0,0.5040312403891771,0
0,road_background,30.34819005774787,79.3210222908513,,,0.3696662913942083,132.87858467681684,0.0039088190091457,943.0,18.67528706712233,-0.6015767391116986,-0.7988150142302881,116.0,4,938.613037109375,23.718612775552646,49.38536719939991,-0.3620082321824665,-0.9321748976625177,0.016645451075882264,160.482177734375,-37.72216090683105,0.01719881217959928,0.2987830024323924,1,0,0,0,0.1632800746528311,1
0,road_background,30.52585300328828,79.50843231034024,,,0.0873259418278001,164.6509571723898,0.0128873744231606,1311.0,26.665582493525097,-0.8164156395068651,0.5774647206268071,124.0,5,1320.7894287109375,14.763163940700602,57.573886013214754,-0.007862480214508404,0.9999690902247311,0.009809737292520722,232.096923828125,-40.27245589327231,0.038106025995440725,0.20090172032217934,1,0,0,0,0.7853152047797095,1
0,road_background,30.30017727218157,78.9948236409928,,,0.2669467782850502,93.54627418547398,0.0208472107932744,666.0,27.525427948531565,-0.6332377902572627,0.773957299203321,121.0,3,734.6597900390625,34.46241686379844,48.6017150060847,-0.7529741752450542,0.6580500675587159,0.008994935307288272,237.25164794921875,-8.689521726497901,0.16493035994813673,0.16493035994813673,1,0,0,0,1.2516682615104142,0
0,road_background,30.33151407130145,79.31970436856503,,,0.5431183815073551,131.1897015037039,0.0150099242513811,899.0,13.030052657357782,-0.9794570432566516,0.2016529206704871,68.0,4,913.9431762695312,9.360307969062752,39.74040177664916,-0.8939875405333202,-0.4480918180141042,0.0023440420352831876,117.960693359375,0.6170659341103146,0.15351355492172983,0.15351355492172983,0,0,0,0,0.38611147817364583,0
0,road_background,30.41188394663377,79.3998039425188,,,0.1179027077429714,146.06609644114283,0.008418188711067,1052.0,24.55785951464364,-0.3939192985791677,0.919145030018058,173.0,5,1121.4932861328125,37.341873491986746,52.42715887609831,-0.260443843870905,0.9654889974462411,0.0016808905860981977,236.4366455078125,-24.41466578964355,0.09823391847687844,0.09823391847687844,0,0,1,0,0.7899245731656669,1
0,road_background,30.24964750035527,78.9156692220775,,,0.0244417684050908,83.92603199610473,0.0076279210809547,698.0,9.684368064750904,0.2148617826751197,-0.97664446670509,88.0,2,765.0508422851562,37.67926141657596,47.6569141594371,-0.7644463733916176,0.6446873212716406,-0.021488150119864075,195.68475341796875,28.774377239637147,0.08373892434776047,0.4880674308110111,1,0,0,0,1.5270749271044064,1
0,road_background,30.40827899920034,79.37931097187092,,,0.1232938252981789,144.00849139926882,0.0221613530879873,1040.0,18.16162821604081,0.8840349603087042,0.4674207836114989,87.0,5,1040.1737060546875,29.6064701501265,62.5594591242573,0.32340971624204334,0.9462590318936147,-0.0008519487735925516,232.259765625,-27.02530941293253,0.05485596624812783,0.05485596624812783,1,0,0,0,0.6954393976249348,1
0,road_background,30.073461512000048,78.50167377064649,,,0.3568211244684434,27.92379929281925,0.0093331089315892,428.0,9.50865642656437,-0.8557319835805907,-0.5174193389091943,43.0,0,426.76007080078125,23.03621184132057,35.946451837739325,-0.9571878893096742,-0.28946734627396375,-0.006516931513744436,86.44125366210938,-2.0674294716070563,0.07398540756898324,0.07398540756898324,0,0,0,0,1.1248211796867067,1
0,road_background,30.29810902497384,79.01578246057845,,,0.0487202889606788,95.56413464035808,0.0073291253127671,688.0,21.7966066527997,0.3584204600069609,0.9335602679251076,112.0,3,692.4647216796875,34.291678928379575,47.563323380845254,0.27766356647133444,0.9606783769058295,0.001006449821002343,186.074462890625,-9.804201740863846,0.178321898380674,0.178321898380674,0,0,0,0,0.3522022001234809,0
0,road_background,30.48195120107972,79.47049205532855,,,0.0104489057073687,158.2120274006588,0.0058332787956966,1435.0,39.64445852417302,-0.8448190755542285,0.5350520811843448,210.0,5,1501.2557373046875,36.40943396666477,54.07932601332331,-0.8068149316295155,0.5908042536235333,-0.006488877267755411,401.7523193359375,-6.853677040289313,0.32323180254072736,0.32513519294286425,0,0,1,0,2.968093635920913,1
0,road_background,30.26252358047726,78.93448733617839,,,0.2712339768980497,86.44538755196507,0.0022017476894769,681.0,39.352681043427786,-0.9024092010612188,0.4308800689751765,222.0,2,737.747802734375,39.87088979533784,49.40592436901614,-0.8932865328422462,0.4494876752956397,0.0011532603375197556,294.5621337890625,-17.558890855016784,0.23386666784129892,0.23386666784129892,1,0,0,0,0.36758753402742894,1
0,road_background,30.365258647858084,79.31325065924761,,,0.3397723415901657,134.7192411555815,0.0026613549849414,964.0,20.307500221928045,-0.8737320572754274,-0.4864075370399284,97.0,4,969.5751342773438,24.164663791825003,32.511107577536215,-0.48906358566598956,-0.8722481350943235,-0.000719122817647266,170.2703857421875,-0.4052446854016125,0.25093008700990077,0.25093008700990077,0,0,0,0,0.40759163695116174,1
0,road_background,30.074058349305396,78.5178848276828,,,0.0231246568923279,30.0267612152109,0.0121776192462328,833.0,24.217742165782138,0.9782341251024412,0.2075042083550633,166.0,0,802.1494750976562,40.75270114041374,52.496555163310624,0.9981107248635529,-0.06144087330395774,-0.0037467125021463637,257.96435546875,31.12275481421102,0.5401610965086069,0.5401610965086069,0,0,1,0,1.7392458651382503,1
0,road_background,30.25971895881226,78.93297728526804,,,0.0788209345509841,86.16208083771086,0.0133907326582151,708.0,23.270203576835915,-0.999879836577312,-0.0155020129701907,129.0,2,719.0885620117188,26.809481835432077,41.95957942779526,-0.8602658932889746,-0.5098456559035512,0.000946943694459784,196.19500732421875,-3.0337751404313167,0.1250553726013015,0.292167540283513,1,0,0,0,0.04121537506165064,1
0,road_background,30.21559440314516,78.74476238201797,,,0.006143615921708,65.69212761022126,0.007935920251679,539.0,14.506372352544124,-0.9662349396012464,-0.2576626505603323,75.0,2,559.0169067382812,33.71285153422006,35.467705860844184,-0.6897049244853838,-0.7240905448496141,-0.008010480491183358,97.77972412109375,7.911629164514466,0.07156287814453231,0.07156287814453231,0,0,0,0,4.909931143083452,0
0,road_background,30.39553133510634,79.32631745328759,,,0.1160914656761401,138.2690070186676,0.012832900095559,981.0,27.476358888677375,-0.8076259374791472,0.5896951289530282,128.0,4,1023.5794677734375,40.75817412643382,50.33918926072414,-0.7324132244224366,0.6808603885460878,0.008129695380419954,283.996337890625,-20.246089210194896,0.21566688294354153,0.21566688294354153,1,0,0,0,1.3690309030568086,1
0,road_background,30.34357973508956,79.31919445619822,,,0.1596097898598908,132.38190887994486,0.0041959863509709,922.0,20.817035029723797,-0.903022510302053,0.4295932330563164,103.0,4,951.1158447265625,40.224630144484884,50.850499690312326,-0.944728257705308,0.32785441752871536,-0.0006033396083383649,226.82537841796875,-4.652599996771642,0.11156074049177356,0.11156074049177356,1,0,0,0,0.039757181179717764,1
0,road_background,30.3280963748241,79.31891954917583,,,0.5962758286322078,130.7543559856865,0.0095176477460859,955.0,39.82854749038481,0.8752860577465694,0.4836055387549537,219.0,4,915.3933715820312,32.40725541030191,52.050121363746854,0.8289293304768732,0.5593533454580948,0.00843178240913252,247.54718017578125,-24.637706409801126,0.1667980443955851,0.1667980443955851,1,0,0,0,0.6687485529199646,0
0,road_background,30.41244612969566,79.41691612377022,,,0.3263991420120053,147.64804056112152,0.0098426360142882,1191.0,9.283987672581858,-0.9583856835862682,0.2854765866001649,47.0,5,1196.4554443359375,7.253891560853888,30.03908727055179,-0.9800727828063774,0.19863871828564367,-0.001235871400295254,64.2962646484375,0.8051303831998666,0.5492241900873782,0.5492241900873782,0,0,1,0,1.9395054305275352,1
0,road_background,30.24800836210385,78.87281921124448,,,0.0460775475546762,79.32912430576746,0.0026662627595006,658.0,23.447234978783023,-0.6993795241800348,0.714750502733442,108.0,2,683.185302734375,25.735566279064095,40.25267484418788,-0.9676143921902762,0.2524329376809656,-0.009858420959518653,111.38079833984375,19.72582452947438,0.23213696329817507,0.23213696329817507,0,0,0,0,1.1500174449313671,1
0,road_background,30.244305963985862,78.91548449911465,,,0.401053471753459,83.65691160327836,0.0251918006344675,721.0,21.64974574824496,0.8733638743282575,0.4870683145292204,104.0,2,721.0853881835938,25.916410464567146,37.22964788506474,0.553753581273362,0.8326805937614531,0.00814491398439099,124.47296142578125,-18.64592648340647,0.08826339104409117,0.7680137477785418,1,0,0,0,0.9360427585154356,1
0,road_background,30.300710791490584,79.02513673386724,,,0.0243248278411947,96.5457854830506,0.0067019932050022,712.0,14.092434633609203,-0.1858916681048506,0.9825702456970676,74.0,3,714.7426147460938,6.7691836919988315,35.3980413151548,-0.5141129487761725,0.8577224935261221,0.0029365259383086657,140.112548828125,-1.114092866251326,0.18185305721191278,0.21961757702165802,0,0,0,0,0.0014598510944295797,0
0,road_background,30.299774411991155,79.10052999636048,,,0.1772593871716271,104.22814613245212,0.0115220178897066,771.0,4.808942779570507,-0.8320502943378436,0.5547001962252291,21.0,3,776.4228515625,4.483338109163586,47.29855965701273,-0.8474370923723693,0.5308958226163251,0.0031124315084255236,139.20416259765625,-16.523659446022748,0.37644736383370586,0.37644736383370586,1,0,0,0,0.19584495297706772,0
0,road_background,30.319404786864105,79.30644302466816,,,0.3111971432930708,129.5128339019087,0.03584099342292,957.0,18.046397706151904,-0.6649986109806832,-0.7468445938706136,78.0,4,948.9267578125,17.184815253975696,40.71562955159413,-0.5305682641873787,-0.8476422105093587,-0.0006967150375305226,140.35784912109375,-11.650882941632176,0.6274211186551294,0.6274211186551294,1,0,0,0,2.2012406610050506,0
0,road_background,30.2994624317237,79.10285667312,,,0.1627766757333444,104.45420251064594,0.0477816480853541,783.0,16.889666144309075,-0.0439136409132973,0.9990353307775146,96.0,3,788.0033569335938,14.070513049560255,47.29854915448639,0.14022748263326326,0.9901193125650756,0.008960195651404648,198.48370361328125,-24.740976380907796,0.3194044043872917,0.3194044043872917,1,0,0,0,0.2860682348479252,0
0,road_background,30.24360023159344,78.87540111243,,,0.5723842195290029,79.17977763431006,0.0115091129000252,656.0,9.59145236180972,-0.2564346990245533,0.9665615578617778,49.0,2,671.236572265625,14.021589547073942,36.68807026649187,0.37414187095206786,0.9273714791821486,-0.000959676927758705,85.00299072265625,-11.751536471784561,0.04242772095653645,0.7584673264954072,0,0,0,0,1.2085428925037787,1
0,road_background,30.28672609059675,79.25449061863422,,,0.0169532246139816,122.06207043646818,0.0125043566788995,793.0,21.106846658709145,-0.2849702680829619,0.9585363562790536,114.0,4,851.755126953125,33.721259629262335,45.49242250625141,0.004068003116547946,0.9999917256410894,-0.0036615748098461232,171.03363037109375,0.5301256416257729,0.24254117112723803,0.31513605083564616,0,0,0,0,0.11697892138879068,0
0,road_background,30.407066044720885,79.38450936665978,,,0.0154013843599521,144.5074427626008,0.0150861461267588,1045.0,12.638224684699054,-0.0891952975496599,0.9960141559712028,101.0,5,1065.4959716796875,26.467805629210126,40.99868187920593,0.18302782771620796,0.9831077327950819,0.010189984443344067,166.2828369140625,-17.012719524793283,0.11705345481213181,0.11705345481213181,1,0,0,0,0.3777417329806369,1
0,road_background,30.269533375181155,79.16919704816253,,,0.1271348634709544,112.65268424454506,0.0101277531514319,789.0,27.430525290815066,0.6293829612728695,0.7770952889185428,126.0,3,801.7495727539062,23.98730584009576,39.532217067676974,0.787867823927125,0.6158443732148057,-0.005800968110409287,188.32183837890625,1.5975942059982344,0.1699608961058416,0.1699608961058416,1,0,0,0,2.0447743345338534,0
0,road_background,30.438671180661792,79.42911248815145,,,0.0965541423190867,151.2141659117807,0.0029018568999446,1279.0,23.490416068641597,-0.9970544855015816,0.0766964988847369,130.0,5,1330.3695068359375,25.058356185637376,41.2258900566374,-0.9602266688035361,-0.27922167630480305,-0.009739838404468187,166.6591796875,13.419999556107996,0.25459441365006363,0.25459441365006363,0,0,1,0,4.870169771371629,1
0,road_background,30.235774029778323,78.6795192502014,,,0.6120851061225224,58.78978848623324,0.0078895059516407,568.0,26.344059021206046,0.9289402034964516,-0.3702297912485856,138.0,1,543.8905639648438,28.32163384449913,40.92143850664009,0.9731908940259416,-0.22999887779071532,0.002627722306435679,137.74002075195312,-2.3896050571410115,0.13140382663784742,0.13140382663784742,0,1,0,0,7.297911538482029,1
0,road_background,30.267459100325528,79.20636867383132,,,0.4131946943221085,116.18604482126636,0.0208222649986792,781.0,11.206881465261892,-0.9757895770160064,-0.2187114569173807,140.0,4,794.2943115234375,50.2490619521071,59.01516486867043,-0.2580392379817983,0.9661344376750954,0.009553049232609748,210.00970458984375,-39.2630226828835,0.042084480636137664,0.042084480636137664,1,0,0,0,1.8265968467631581,0
0,road_background,30.4103374,79.36521117877544,,,0.3633113160992469,142.65392091007502,0.0110098464811017,1024.0,9.727762610554873,-0.8944271909999159,0.447213595499958,84.0,5,1040.7469482421875,28.318206821543342,46.54331599000486,-0.9992646476489802,0.03834271715671097,0.015567903191131164,138.29638671875,-13.916409579190258,0.07261593702961976,0.07261593702961976,1,0,0,0,0.6083044246523431,1
0,road_background,30.257558470336505,78.88336511256958,,,0.6350557955288275,80.37625435767298,0.0072624706219065,618.0,20.15542211973523,0.5630549953912598,0.8264194287194296,91.0,2,650.7044067382812,24.109406443687025,37.62877024621789,0.525741977524134,0.8506440930665498,0.002162155656497707,119.135009765625,4.7600960219201625,0.1719057877706884,0.1719057877706884,1,0,0,0,0.6529419179751261,1
0,road_background,30.446940107067316,79.42963446842514,,,0.019514711528402,152.1266261911837,0.007329125312722,1349.0,47.45187194009113,-0.9913078823329682,-0.1315624658651779,324.0,5,1421.12158203125,57.87217063529902,62.05383714414792,-0.9853540342188118,-0.17052104635121282,-0.0154679500625521,325.354248046875,22.83371400439046,0.2289066256005997,0.2289066256005997,0,0,1,0,5.2230750637593895,1
0,road_background,30.22230333175854,78.77765257984987,,,0.0888919705830867,69.18793938191523,0.0084530415712727,560.0,7.041134543506424,-0.0539752580150004,0.9985422732775084,37.0,2,564.17236328125,8.880230356156035,27.767915241203855,-0.05986827450828661,0.9982062861490106,-0.0005206952088807416,55.6251220703125,-5.602366549909561,0.40260628063596743,0.40260628063596743,0,1,0,0,2.8631518499027817,0
0,road_background,30.28528297926453,78.97793274044103,,,0.0487881851363174,91.3362785786852,0.0047170762545092,663.0,24.2864614630402,-0.539263304261776,0.8421372148745543,115.0,3,690.9583740234375,10.615849503204696,41.45997936647334,-0.35590100677180003,0.9345236612193504,0.004213633846235557,123.310791015625,6.7007880092652385,0.1444726086173244,0.1444726086173244,1,0,0,0,0.7345352632743164,0
0,road_background,30.30657511086479,79.29960900847632,,,0.6050937623442012,127.99259562713615,0.0011991436982039,910.0,34.9483197319691,-0.9491591833598676,0.314796513074127,199.0,4,938.9816284179688,34.33348823890552,43.99411220612248,-0.9418849045372747,0.33593574773282003,0.0035278321933077347,219.6837158203125,4.829444569989619,0.2158404533165902,0.2158404533165902,1,0,0,0,1.299925440386627,0
0,road_background,30.44596166924846,79.42948176808056,,,0.0373768368786281,152.01891425061527,0.0132811502035121,1308.0,49.904311656119695,-0.9991135081853726,-0.0420974792774735,356.0,5,1330.90966796875,43.32150604699423,62.053607821534726,-0.9995436778345006,-0.030206557253021214,0.017800437028111005,332.17431640625,-34.09250508458172,0.2010020611494158,0.2010020611494158,0,0,1,0,5.259953717913256,1
0,road_background,30.257473113732715,78.93418189329304,,,0.1938790976133124,86.13490346407544,0.0480288295156726,710.0,7.802759774609562,-0.3162277660168379,0.9486832980505138,64.0,2,712.8084106445312,26.614569133674834,41.88662002439528,-0.4323984051504327,0.9016826599327294,0.012661729283544098,161.99871826171875,-26.417222204287214,0.06441172035447856,0.48748655792994083,1,0,0,0,0.13019364864845312,1
0,road_background,30.24816705097225,78.91382408216143,,,0.0409414366130697,83.69355824277241,0.0088249875270009,789.0,9.908137793528,0.6679097417772565,0.7442422836946572,127.0,2,753.3237915039062,36.376603424180416,44.0550381224536,0.9572023945037527,0.28941937729924416,-0.0014617384787897496,188.88372802734375,-0.3732647856404583,0.11873293631802298,0.4136640382093169,1,0,0,0,1.3496929114243317,1
0,road_background,30.237096071236955,78.72309903405862,,,0.6609844676957417,62.667472864807486,0.0041551189841146,573.0,15.894891902338813,-0.6204030726835833,-0.7842831296188695,72.0,1,581.0947265625,11.410850148023608,32.83256364930513,-0.9037281401517512,-0.4281068192611007,0.0008675821290765843,99.279296875,-8.191368922714332,0.6062745981661414,0.6062745981661414,0,1,0,0,4.237096334105545,1
0,road_background,30.32722141069529,79.31992182066821,,,0.7146577040126926,130.68618885617687,0.0116192913645264,948.0,28.755604220393423,0.789679191407649,0.613519987170558,130.0,4,899.2409057617188,31.297716966895557,49.32436920970679,0.956572521036152,0.29149444591370943,0.012293872468092378,176.57757568359375,-27.464100230823874,0.10712317913065413,0.10712317913065413,1,0,0,0,0.6421646317857955,0
0,road_background,30.289278229061807,79.26575926470504,,,0.0359556445801803,123.18409190203111,0.0204747394073254,795.0,24.423604957053676,0.0587220219514703,0.998274373174996,136.0,4,816.426513671875,32.92369714344101,45.38420805480102,0.5292437117917305,0.848469854225188,0.0005650477928069418,195.86932373046875,-14.75275263510457,0.13871362762245126,0.13871362762245126,0,0,0,0,0.1157763301431711,0
0,road_background,30.21812775604803,78.76705316787631,,,0.1101548034535813,68.06868796542699,0.0132126964002582,535.0,2.1765271046149306,-0.9647638212377322,0.2631174057921087,11.0,2,535.399169921875,1.674883994529019,24.287438055337002,0.699815643896737,0.7143235013335312,-0.00016186433794796595,40.0582275390625,-5.43377988200541,0.28946962086693095,0.28946962086693095,0,0,0,0,3.6798321945052086,0
0,road_background,30.28833882023856,79.27048755962583,,,0.1499632426301181,123.61213202775367,0.0115091129002639,790.0,17.74557391678375,-0.0104161015723181,0.9999457509425376,106.0,4,817.5189208984375,33.85567086225178,45.04790019601342,0.13190289370478003,0.9912626426090643,0.004237523412128204,150.835205078125,-17.744120448088893,0.0899300397297902,0.0899300397297902,0,0,0,0,0.23299842511662586,0
0,road_background,30.26713044045029,79.2222754828603,,,0.1576077826542621,118.26811107170906,0.0126445637014269,789.0,25.129642408365413,-0.7745901496986003,0.63246351672638,109.0,4,845.6021118164062,34.57646682787419,52.27851861612767,-0.6083111922098781,0.7936986162468703,0.0022123487286511883,267.98089599609375,-1.8846531387202958,0.14929058653009136,0.14929058653009136,1,0,0,0,2.1759260686047495,0
0,road_background,30.081033083044247,78.56923814111488,,,0.0544738020349742,36.13865399706874,0.0050883209010008,996.0,28.27659868656384,0.0681640706445943,-0.9976741248890636,161.0,1,935.1046752929688,32.66336545768547,41.90660365521156,0.20186520905386243,-0.9794133128427653,0.003666401418048546,237.052978515625,-29.89031074460877,1.456569178185681,1.456569178185681,0,1,0,0,3.9843738583806765,1
0,road_background,30.12524760688561,78.3605893840032,,,0.0846527684226242,8.20945451962214,0.0066524580058216,429.0,32.49812814605542,-0.7378054120312966,-0.6750134620711861,165.0,0,428.6411437988281,35.31441981274666,42.49074775281813,-0.7501748199349141,-0.6612395477704122,0.0004842726469998669,226.3804931640625,-10.074618000629528,0.14560537904904708,0.14560537904904708,0,0,1,0,1.4936075344019948,0
0,road_background,30.074357897274293,78.5015357437767,,,0.4551735046226109,27.92379929281925,0.0100760759746148,420.0,13.186944047889988,-0.7682212795973757,-0.6401843996644799,54.0,0,437.492919921875,21.971116281925738,49.70540219582332,-0.9686760976437109,-0.24832764214591962,-0.012484801403235293,142.96771240234375,-2.080875112990725,0.08436487185220962,0.08436487185220962,0,0,0,0,1.2196013802814298,1
0,road_background,30.40606101089923,79.35624148103791,,,0.0742221160109175,141.7794815811976,0.0164141415095493,999.0,14.552408780614362,-0.4108985187917567,0.9116810885692104,81.0,5,1023.9715576171875,24.78834016262598,42.69204070284014,-0.6642233941533131,0.7475341347787755,0.0018597490794877484,182.73455810546875,-12.752617954222615,0.12091923864944404,0.12091923864944404,1,0,0,0,0.363069220480696,1
0,road_background,30.213387207267434,78.67419435656852,,,0.3556536072969533,56.36828059506517,0.0009004606661791,637.0,35.897948776241705,-0.2164428248931666,-0.976295295262794,212.0,1,569.1631469726562,40.500728737730356,48.56609025353798,-0.36698355717541775,-0.9302274285156705,0.01245185249613888,238.08343505859375,-24.27081601481791,0.14937138161303248,0.14937138161303248,0,1,0,0,9.277285395515491,1
0,road_background,30.19997458864683,78.63985992508243,,,0.1468367713368272,52.48994823260669,0.0055567472972571,651.0,25.426160869145203,0.967617272396844,0.2524218971470028,138.0,1,614.5169677734375,22.598451691133743,40.424767994827285,0.926520920478104,0.3762432509911733,0.0008973452368323587,151.69842529296875,7.888728370351259,0.3027736444739129,0.3027736444739129,0,1,0,0,12.735892148133749,1
0,road_background,30.232110156991755,78.70491465703348,,,0.5255399997916871,61.20659897738218,0.0038236733515328,547.0,8.98094788215662,-0.4640069946705574,-0.8858315352801555,42.0,1,535.4586791992188,26.469398289237294,39.359204997271284,-0.1288506941901461,-0.9916640048961732,-0.007939455290887165,59.163665771484375,2.2202095473107875,0.07855453530805377,0.07855453530805377,0,0,0,0,5.739760009225164,1
0,road_background,30.239818042836102,78.82608005300169,,,0.876788545805477,74.53811271709911,0.0085517000942079,589.0,19.94995967591968,-0.7071067811865476,0.7071067811865476,78.0,2,606.4487915039062,32.33003691954392,37.882263602313635,-0.46187674519059463,0.8869441201406899,-0.012201491140584138,105.32470703125,9.158336292613626,0.14407845939447644,0.14407845939447644,0,0,0,0,0.21961448123560579,1
0,road_background,30.317523225513348,79.30835696089213,,,0.0790428400624744,129.36017124001532,0.0101361616182159,956.0,12.304815760798125,-0.7793756708062843,-0.6265569118246597,51.0,4,949.3718872070312,10.510675849124409,40.653725502563795,-0.7507429736660266,-0.660594419815284,-0.0005740621054815237,127.77655029296875,-10.577468241541851,0.6747411344721457,0.6747411344721457,1,0,0,0,2.1662210401848823,0
0,road_background,30.264898306906947,79.2199855099021,,,0.1773965465047145,117.9378402168796,0.0132126964006394,825.0,29.581246699550537,-0.7633862853691146,0.6459422414661737,131.0,4,847.3600463867188,42.808458476275696,45.23501150288802,-0.8958182309540105,0.4444206308109775,0.007715049691938548,261.382080078125,-4.029692342458702,0.1765459226592806,0.1765459226592806,1,0,0,0,2.3562994694182824,0
0,road_background,30.223962124242924,78.73365858557912,,,0.0011910111419627,64.27875908179736,0.0116412768220018,567.0,26.802687864626257,-0.7455863455656551,-0.6664090345321344,114.0,2,570.99755859375,33.37676256829097,40.503032563759824,-0.7471486000116712,-0.6646570314836064,0.01505883185034788,183.8045654296875,-7.86987607341166,0.13165080466064452,0.13165080466064452,0,0,0,0,4.80781933368557,0
0,road_background,30.25881764255885,79.22019460907015,,,0.2711800616951671,117.5141282211068,0.0125043566785884,803.0,26.684806000960457,-0.9284766908852592,-0.3713906763541036,140.0,4,813.94580078125,25.668716476797872,42.93874072078466,-0.9695934988322199,-0.2447211617786538,0.005341888033040616,198.248046875,-14.17797397582001,0.1404957091691305,0.1404957091691305,0,0,0,0,3.0022762468433246,0
0,road_background,30.39441469007028,79.32509493456206,,,0.1822379972903392,138.11182070852985,0.0039088190082035,992.0,31.36644905715907,-0.7819346118317346,0.6233604597819422,143.0,4,1040.93115234375,44.834658158348816,50.00825002021964,-0.8262808096908907,0.5632583985495166,0.0012172114727188796,267.68560791015625,-0.30352278780355846,0.2071122264178736,0.2071122264178736,1,0,0,0,1.2479403280295125,1
0,road_background,30.3225365106672,79.30267383913154,,,0.7518008535075857,129.75224805649245,0.0140823140806185,935.0,36.142807974446015,-0.994946404055101,0.1004074352716156,218.0,4,948.5614013671875,30.275484223291723,45.16518773732437,-0.9592067146424669,-0.2827056394640988,1.3016516681534605e-05,226.87567138671875,7.32287748983083,0.21685354917596672,0.21685354917596672,1,0,0,0,2.3020743128974748,0
0,road_background,30.1302528470466,78.38583256688362,,,0.5930759014793051,11.745843938308177,0.0077429786332124,444.0,19.61774223241903,0.4208365192048441,0.907136496952664,106.0,0,449.4432067871094,21.058896726643326,41.556593037342914,0.6129044807657519,0.7901570081048855,0.009949119788134614,168.0291748046875,-24.629837414449923,0.48526628304983616,0.48526628304983616,0,0,1,0,1.0081072734376657,0
0,road_background,30.22233702951388,78.77549979812268,,,0.0598936107007121,68.98280022786942,0.0041419525380082,550.0,7.161899615779768,-0.3713906763541037,0.9284766908852592,35.0,2,565.0032958984375,26.637091241866322,29.099787669021197,-0.24440464021255937,0.9696733325417222,0.007010201184987986,58.44219970703125,-2.4736373523049906,0.39613111197398265,0.39613111197398265,0,0,0,0,2.931232100167162,0
0,road_background,30.14582437281097,78.59654933911708,,,0.0728804726339708,44.847118757665086,0.0091447201210372,576.0,28.27659868656384,0.9976741248890636,0.0681640706445943,161.0,1,511.40313720703125,41.43911338963721,43.644706190099285,0.9751353893276727,-0.22160995573477318,-5.020141633558248e-05,164.94100952148438,2.1100587450768558,0.10383220930634697,0.10383220930634697,0,1,0,0,10.99175836407037,1
0,road_background,30.20661411923657,78.65699638668946,,,0.2863289911557766,54.65323438176085,0.0081977745686794,576.0,26.786114765843944,-0.5018169020321972,-0.8649738706081289,146.0,1,577.3447875976562,26.63934107074664,41.34050219065097,-0.5315859734470375,-0.8470043405050328,0.007062030770094035,235.43637084960938,-4.78802338907542,0.22315827488855566,0.22315827488855566,0,1,0,0,11.00024764359744,1
0,road_background,30.270986522981303,79.16459520343392,,,0.2946018853410823,112.3736735882928,0.0027148813925486,861.0,28.536146086854693,0.6497811492039566,-0.7601213443517986,124.0,3,815.606689453125,27.623091137128306,51.479953534554,0.8446637788516502,-0.5352972078164152,0.008177994986402324,189.39019775390625,-46.29929925587555,0.03667036023625842,0.4835674683691196,1,0,0,0,2.119275472900738,0
0,road_background,30.26595331098597,78.9360420130425,,,0.5208800395839688,86.76768789120281,0.002666262759332,708.0,39.433242103656,-0.980891226426811,0.1945569374730864,242.0,2,746.7097778320312,35.938710045632426,44.27040389775467,-0.9955609281340496,0.0941192773711613,-0.0005373704250117807,266.7734375,-3.5901242090650385,0.1907224511779143,0.1907224511779143,1,0,0,0,0.7470041418310552,1
0,road_background,30.528865057905413,79.52638184965654,,,0.5778032434546257,166.27674581081155,0.0084340614749145,1653.0,20.03263816918894,-0.246835382003084,0.9690574256417376,106.0,5,1655.0369873046875,25.15525270906108,38.30072057398837,0.18721895244567854,0.9823182090570971,0.004415008320437159,191.8123779296875,-10.929747021887806,0.10052924523625524,1.0750247708048504,1,0,0,0,2.4191244557430536,0
0,road_background,30.221041440276323,78.79160447079407,,,0.1628871816220227,70.53562105294553,0.0069703321458999,581.0,4.763641690726177,-0.0,1.0,25.0,2,581.655517578125,1.2987086193900714,31.65267930448579,-0.8874948184602922,0.4608176941113839,0.0030233223362509357,68.97393798828125,-5.077853620544943,0.4298185452806716,0.4298185452806716,0,0,0,0,2.627118515817093,0
0,road_background,30.37884604635857,79.32100732143695,,,0.0182660031673294,136.35817668930036,0.0403184550925279,1007.0,29.061705087972094,-0.9777145490214456,0.2099387068450958,163.0,4,1037.198486328125,32.410087037194224,40.948274655987724,-0.9718942984789365,0.23541765563384548,-0.01592756432144176,183.08050537109375,11.873882199121908,0.20751249884437462,0.20751249884437462,0,0,0,0,0.4253649258035886,1
0,road_background,30.212883822552413,78.6688125713916,,,0.0672867842238579,55.93456671452898,0.00948220815008,617.0,40.14888757771261,0.2924193168029008,-0.9562901981932704,242.0,1,557.319580078125,45.82110389793334,50.65630865945495,0.35886436236719677,-0.9333897200113066,-0.013036179583085141,238.42581176757812,-16.390636349512533,0.07430720417536424,0.07430720417536424,0,1,0,0,9.690008012217708,1
0,road_background,30.505727061749543,79.48701312945845,,,0.205663691516017,161.6457785100054,0.0074949730326477,1367.0,34.00046817771969,-0.681966025158547,0.7313838530685867,174.0,5,1390.77490234375,34.04284997215592,41.350342064746464,-0.3417470585730292,0.9397919705747025,-0.00023007848841808418,268.1470947265625,0.7516080998191228,0.2148266273501069,0.2148266273501069,0,0,1,0,1.446645783758271,1
0,road_background,30.242316267735497,78.86847190250568,,,0.2230352094940856,78.59440793598495,0.0140773607449684,702.0,20.30523039509609,-0.0090086434355712,0.999959421348412,111.0,2,706.6241455078125,22.743574073861378,41.53117854559454,0.26235948104526835,0.9649702081959098,0.006092130677478554,181.4658203125,-8.514872401213893,0.4342207814973688,0.4940589065678601,1,0,0,0,1.0957285547983264,1
0,road_background,30.24023702212848,78.8275034636187,,,0.9011828950602896,74.68062665337044,0.009517647745169,599.0,14.03025026363935,-0.6936416870658706,0.720320213491481,91.0,2,621.2515869140625,12.589599995671835,37.88230398920457,-0.23554304391828093,0.9718639176663113,-0.005278977011608807,101.1932373046875,12.750620944440811,0.1744883168562125,0.1744883168562125,1,0,0,0,0.29497084096847387,1
0,road_background,30.081131088709927,78.56802575587038,,,0.0111900072891153,36.043221530141786,0.0116638893926002,1006.0,21.33126583595921,0.6401843996644797,-0.768221279597376,90.0,1,972.4742431640625,37.401114554500246,44.49750017197025,0.05818774562432125,-0.9983056577317186,0.00490567982410333,242.48492431640625,-24.022323734504084,1.4313779321352078,1.4313779321352078,0,1,0,0,4.036576892674801,1
0,road_background,30.31085571001598,79.30713223011057,,,0.0075337729674742,128.61788578922682,0.0101361616181993,919.0,22.775962039020527,-0.9606200464107107,0.2778653026807842,121.0,4,962.5592651367188,35.9669559290333,39.57066468882136,-0.8330918284431359,0.5531347081690613,0.000603139269654759,190.420166015625,-3.2499399736892656,0.4231964818956487,0.4231964818956487,1,0,0,0,1.7964569767699134,0
0,road_background,30.405146520867746,79.34142862318264,,,0.0476135102426751,140.3508231750022,0.010571241725437,980.0,21.63102951877429,-0.4370982727273089,0.8994137534965779,113.0,4,1044.8548583984375,39.72811645959413,42.49868105988436,-0.3794407741185637,0.9252160282530265,-0.008095250182199452,175.06884765625,1.9680912238507062,0.13193904836752512,0.13193904836752512,0,0,0,0,1.73535822544746,1
0,road_background,30.23604651383097,78.84782307500478,,,0.0166212097389349,76.55987477737825,0.0118934025818609,618.0,33.61386336598721,-0.6970067834122603,0.7170645325752031,143.0,2,676.071044921875,45.09648345592213,48.89608675548926,-0.7433224836102597,0.6689332443222381,0.009072661660276711,278.82781982421875,-22.11848840634684,0.16263807952020923,0.16263807952020923,1,0,0,0,0.21798024671117483,1
0,road_background,30.266856775438388,78.9361071430623,,,0.6035673495145585,86.8240973683549,0.0070503631419977,699.0,32.843870758354655,-0.9862540107583012,0.1652362740537468,191.0,2,737.0439453125,42.51009791826215,44.08324968382776,-0.9623042718065565,0.2719751614814354,-0.0030215430866274095,244.85546875,6.920803101594743,0.16474913787717718,0.16474913787717718,1,0,0,0,0.7669748893877479,1
0,road_background,30.29765274218546,79.1151571165013,,,0.06855114440455,105.6508691139565,0.0095176477443427,785.0,16.208558038649098,0.6536198703460924,0.7568230077691596,73.0,3,798.63037109375,23.84448919509553,38.15851932515836,0.7236721990200875,0.6901438606301087,0.006972280784425897,101.97119140625,-11.582931140237633,0.3568910715184248,0.3568910715184248,1,0,0,0,0.5376560722706606,0
0,road_background,30.32059880999919,79.30470812113478,,,0.5068464123640314,129.59662150106695,0.007982916994096,957.0,25.504615436263425,-0.5449883505954142,-0.8384436163006371,138.0,4,960.5791625976562,22.7155890496489,45.22690100899105,-0.4690635460127793,-0.8831644183287262,0.0022836809293436122,220.4359130859375,-7.280343552266231,0.4685841533944504,0.4685841533944504,1,0,0,0,2.261422731991501,0
0,road_background,30.24626531870577,78.91770409239264,,,0.3872251786992109,83.71019023858463,0.010677501459915,731.0,25.67223593386084,-0.7974965639128027,-0.6033234874818592,119.0,2,734.066650390625,23.38649517108102,39.76696850402286,-0.9678745848536741,-0.25143346633717656,0.0013451095336353468,126.94317626953125,-7.991447511783349,0.1791571940773898,0.8415505088175703,1,0,0,0,1.1855442534471619,1
0,road_background,30.412753692991927,79.41071295792813,,,0.0939826375986648,147.09721701146992,0.0044708113843913,1144.0,23.129031689609164,0.0468235862985861,0.998903174369838,128.0,5,1152.55517578125,30.741967873093405,34.5299975563397,0.46252562904724176,0.8866059115945784,-0.0029722548033982474,162.5167236328125,-7.522276318762806,0.23830177478738845,0.23830177478738845,0,0,1,0,1.5325812536920942,1
0,road_background,30.267139209117094,79.20479089732557,,,0.3417549438022428,116.0474955851952,0.004155118984237,750.0,7.636742387189925,-0.8203981667699868,0.5717926616881726,162.0,4,793.42041015625,37.89729764882142,59.01516352149965,-0.3955382987160701,0.9184494837762156,0.00185966439374689,227.4146728515625,-34.93141363474945,0.07970357804416266,0.07970357804416266,1,0,0,0,1.866355069689726,0
0,road_background,30.22589785504286,78.73122574742331,,,0.0084765164006814,63.961710664817694,0.0100760759751441,603.0,19.232408376404383,-0.6974876011850164,-0.7165968505325512,82.0,2,579.2979736328125,23.54329599853382,31.99176796522293,-0.6042007942307392,-0.796832102924414,0.00630571098457004,132.03021240234375,-6.821364725916851,0.16750572540509362,0.16750572540509362,0,0,0,0,4.80097640420451,0
0,road_background,30.52977549449492,79.5104619611954,,,0.1706855884203116,165.05056809743922,0.0092943095221592,1332.0,13.069151942759,-0.2728241002747405,0.962063932547769,119.0,5,1359.4395751953125,36.26216242479848,53.783703871024805,-0.8330406297403408,0.5532118122399562,4.774823560448383e-05,250.2930908203125,-12.912041782347615,0.07930954494281149,0.07930954494281149,1,0,0,0,1.173475272246848,1
0,road_background,30.40710564841622,79.34940067352112,,,0.0996256558236758,141.13419489496897,0.0358409934224729,985.0,3.583619518071582,0.904818702200994,0.4257970363298796,90.0,4,987.892333984375,26.30685051963705,48.608395300670146,0.8404956634594708,0.5418182718456659,0.013542921057237067,122.38604736328125,-22.841706078899847,0.08312613928506528,0.08312613928506528,1,0,0,0,0.9397687301070129,1
0,road_background,30.268552193866636,79.18779416967375,,,0.1165690846555036,114.42878185671326,0.0208222649988779,788.0,25.74683739502846,0.1520571842539411,0.9883716976506172,143.0,4,827.478271484375,13.61198878446214,41.51335578224101,0.061701318124053994,0.9980946585077761,-0.005824395345445687,217.042724609375,12.610431765721842,0.17744043450931815,0.19067512789991134,1,0,0,0,1.704877354075235,0
0,road_background,30.29932873588846,79.06465299085124,,,0.0769288616600993,100.72585972243438,0.0084530415714985,719.0,15.826471649478735,-0.6585046078685182,0.7525766947068778,104.0,3,724.968994140625,13.075412861220327,37.36256878253794,0.6935490804873438,0.7204093787251523,0.0014695093117643647,149.3807373046875,-1.323760229693903,0.19863996889831267,0.19863996889831267,1,0,0,0,1.3497943941446329,0
0,road_background,30.28161875741408,78.9727741993911,,,0.0323798364137952,90.69984040142472,0.0116412768222756,720.0,30.747804873668915,-0.6667948594698256,0.7452413135250994,165.0,3,719.2506713867188,24.44203904388744,49.02249483742497,-0.45183878238228653,0.8920996103212313,0.005754212302232745,205.399658203125,1.219234750290525,0.16174043477353117,0.16174043477353117,1,0,0,0,1.3751682991896899,1
0,road_background,30.33999599047495,79.31681423154718,,,0.0442514880417447,131.97197500289704,0.0079829169943621,936.0,15.41788298871054,-0.9911220224593662,0.1329553932567442,82.0,4,949.6552124023438,32.71208258097292,40.25772124619829,-0.9374216993488323,-0.34819614815495503,-0.0070929232181806716,131.6009521484375,26.761635015818683,0.1510686272227525,0.1510686272227525,0,0,0,0,0.2621245808040833,1
0,road_background,30.229710466270927,78.72644630540616,,,0.1108260828946191,63.351570070204666,0.0055400484969976,567.0,8.530765609948133,-0.8000000000000002,-0.5999999999999999,38.0,2,578.9910278320312,6.343160051916756,27.32320247207581,-0.9517865024813481,-0.3067612323849327,-0.002478747636520333,81.52114868164062,8.910578199654537,0.23034208386416435,0.23034208386416435,0,0,0,0,4.798283994921893,1
0,road_background,30.126431563946863,78.35828239640256,,,0.0616169404983469,7.952774651707733,0.0032318401293256,403.0,30.99688059612141,-0.4383143161492893,-0.8988217622301882,162.0,0,417.8677062988281,39.468635995405194,46.728692584386664,-0.4261342242473077,-0.9046599487791782,0.0021073755514234346,235.09927368164062,-8.2453540139947,0.14718067678545865,0.14718067678545865,0,0,1,0,1.357238819415866,0
0,road_background,30.237498223518067,78.83324041863885,,,0.5159339727507766,75.17864592398784,0.0103432168843701,614.0,29.982210079325743,0.2831045962852379,0.9590890404765204,166.0,2,626.4622802734375,29.581469923902198,51.919748317177884,0.5045331160875457,0.8633923411584047,0.012486735259390088,190.1669921875,-27.420192750032243,0.1887757316909183,0.1887757316909183,1,0,0,0,0.21480746725477387,1
0,road_background,30.261159848354204,78.93304826943087,,,0.2123109660218837,86.24932471379094,0.0163553134071941,675.0,33.169529390014134,-0.8312648798007269,0.5558765147133695,163.0,2,742.781494140625,39.96811574728361,43.46593577119489,-0.6849498043743685,0.7285902589847839,-0.00037043180822832374,242.98492431640625,22.796900725561727,0.20452339464488328,0.20452339464488328,1,0,0,0,0.1625609491898135,1
0,road_background,30.292043343581117,78.98809572646482,,,0.2024421532366981,92.5575372105984,0.0102173948531067,619.0,9.9063692721155,-0.9161573349021892,0.4008188340197077,147.0,3,683.2054443359375,43.78423239538399,52.14646419107636,-0.9574762817199157,0.28851199272093453,-0.0020362807813651546,235.68780517578125,-24.9700393046229,0.05149792027833978,0.05149792027833978,0,1,0,0,0.48131655150987845,0
0,road_background,30.29028541170608,79.11852193362286,,,0.4773709549856149,106.36465945757833,0.0100682177356025,809.0,37.84449625941184,0.9696356435167256,0.2445541224798822,226.0,3,796.2093505859375,34.95180528707517,41.85594814128591,0.9083010088440124,0.4183171970322871,0.008446289821308746,224.86273193359375,-11.560641706482443,0.1857453369821365,0.1857453369821365,1,0,0,0,1.3370703089950835,0
0,road_background,30.230159292179515,78.82484482448793,,,0.159600299932932,74.25409992419051,0.0076279210807689,595.0,11.95228744277498,-0.9920337292203004,-0.1259725370438476,67.0,2,587.2344970703125,16.969973824683702,43.085661303393366,-0.4346703501497623,0.9005896327965823,-0.0017382900869080935,149.6370849609375,-21.193717515173034,0.231345610167893,0.231345610167893,0,1,0,0,0.8388436329783899,1
0,road_background,30.528300112075318,79.52850041672906,,,0.7801466181200924,166.3439429373281,0.0060308650880156,1697.0,16.389075025823413,-0.816024481101655,0.5780173407803391,75.0,5,1698.2728271484375,24.679758769142314,45.0304428424146,-0.7025341574517759,0.7116500246705001,0.015058821013551762,182.975830078125,-33.72061636428202,0.02887521531086787,1.258154788693317,1,0,0,0,2.5028453038258998,0
0,road_background,30.080469726554163,78.52157596925274,,,0.153069424542566,30.799862052261297,0.0044310351830982,865.0,8.563903318373729,0.9960726406926864,-0.0885397902837942,66.0,0,799.889404296875,39.93956036023264,47.33657246310055,0.9649041459882638,-0.26260234015457556,0.013054118411236448,234.6287841796875,-23.074918888817137,0.5634706216281663,0.5634706216281663,0,0,0,1,2.5327580489772883,1
0,road_background,30.287212897100726,79.25563343062653,,,0.0078049074390931,122.18415974402257,0.0121863753998824,805.0,13.54079272688544,-0.6643638388299198,0.7474093186836597,61.0,4,828.0357055664062,24.935525384902725,41.12591877541048,-0.48223343654877154,0.8760427573322902,-0.00047967868998788636,125.74676513671875,-7.466962830094303,0.15013786656899467,0.30947645255573014,0,0,0,0,0.08958402676923706,0
0,road_background,30.233567704924702,78.72370631086199,,,0.3509135158935655,62.91136636880935,0.0073920490531001,566.0,12.275522824100426,-0.9957666790179708,-0.0919169242170434,65.0,2,584.43359375,12.184730208132926,24.475083713721357,-0.9326553568670716,-0.3607686035496373,-0.005661961674277127,84.472900390625,9.768143078512367,0.4063057229069888,0.4063057229069888,0,0,0,0,4.54659435729436,1
0,road_background,30.26351169269604,79.21470238677213,,,0.1861660128307565,117.07035031366271,0.0103223808122354,768.0,19.113987352812888,0.7213873210309516,0.6925318281897135,83.0,4,774.7382202148438,13.313041405467855,51.01401751755158,0.706452280535991,0.7077606765888435,0.005943243508553769,184.37078857421875,-13.875855501033016,0.10170914934648169,0.10170914934648169,1,0,0,0,2.3489427594090824,0
0,road_background,30.221273052239745,78.67887275342288,,,0.026836784225301,57.27198425506357,0.007435448591689,524.0,12.930397332020355,0.9001592514155135,0.4355609281042807,63.0,1,529.286865234375,25.931432184951124,37.048711357402084,0.04025791962123459,0.9991893213539516,0.002874262360836267,114.16006469726562,-14.138621937144876,0.03992356475060599,0.3398202717667404,0,1,0,0,8.347196672297326,1
0,road_background,30.468527704309224,79.46020651931742,,,0.0308112622577216,156.4281556032326,0.0140773607439019,1541.0,29.09274822721207,-0.9764681465723348,0.2156616765435832,163.0,5,1558.4000244140625,27.679636766864782,39.45280339418557,-0.9976200475050283,0.06895100300985468,0.0035582846387309753,188.5272216796875,-12.991215981727692,0.3416284237521332,0.9400778901980219,0,0,1,0,3.683792736851464,1
0,road_background,30.265543743527186,79.21171591876563,,,0.3337239357110405,116.73674682832932,0.0116192913646059,770.0,14.381208493270355,0.8970121097452228,-0.4420059671208345,87.0,4,768.1074829101562,19.194121603437928,51.110282284460595,0.6740322468740724,0.7387019224111235,-0.0008273872054507187,186.14239501953125,-41.04641193988891,0.07765550009872305,0.07765550009872305,1,0,0,0,2.073429493665374,0
0,road_background,30.21652051989241,78.76474197919303,,,0.1856358172697318,67.79420185488115,0.0123430670807844,523.0,5.267518906840194,-0.9761870601839528,0.2169304578186562,29.0,2,535.0726928710938,21.640523502222056,32.03473262979809,-0.6632572016424289,0.7483915315324289,0.007313181759185276,62.948974609375,-6.207691539417624,0.16539249537439926,0.16539249537439926,0,0,0,0,3.9333499568180894,0
0,road_background,30.28583121214054,79.14408533842175,,,0.0648011138581964,108.92151816772268,0.0060308650882393,741.0,20.82800310374709,-0.4118214770780241,0.9112645450237128,115.0,3,793.3655395507812,36.227829784112814,48.225505315170665,-0.30654866532951675,0.9518549867415161,0.0010882208297931218,290.038330078125,-19.83545779393728,0.21671110110780809,0.21671110110780809,0,0,0,0,1.7329196264976756,0
0,road_background,30.530426069957525,79.51118412879711,,,0.1933230411023417,165.14799029610143,0.0115091129005393,1318.0,22.977046316203023,-0.283017468569435,0.9591147545964188,122.0,5,1367.717529296875,38.728448976579244,51.91268042720999,-0.6058455179001976,0.795582307772264,-0.0030926305173049912,221.761962890625,5.680305922326852,0.08001837222978125,0.08001837222978125,1,0,0,0,1.2717291605708012,1
0,road_background,30.220279322461923,78.7963969471866,,,0.1524185667311891,71.00428279773598,0.0246613940716094,568.0,16.524853559289777,0.4606450807636061,0.887584423910363,91.0,2,567.063720703125,11.52075486299305,33.673596156055474,0.6612843579334552,0.7501353197607336,0.0018909536519344694,111.582275390625,-8.082203762590439,0.13834625979260073,0.13834625979260073,0,0,0,0,2.556053276233325,0
0,road_background,30.068174163113,78.46538205711245,,,0.2241304724645903,24.366541894130137,0.0074201708779809,483.0,15.678039026670836,-0.2731522098761525,-0.9619708260855806,90.0,0,483.8238830566406,7.2016867760662215,42.61591115504728,-0.8364584412934377,-0.548030360462769,0.004542721878524126,131.209228515625,-10.656147349964499,0.3649091667055906,0.3649091667055906,0,1,0,0,0.4746759437576905,1
0,road_background,30.40643537420312,79.34509436646607,,,0.0628216993189645,140.71486906407367,0.0106775014593484,1016.0,12.772578169490426,-0.2940858488375231,0.95577900872195,72.0,4,1024.4849853515625,24.27274323547723,38.89579081766192,0.33464336729873,0.9423448502130031,0.001676413546424679,137.35687255859375,-6.265489814695229,0.05046080599870232,0.14354989653161368,1,0,0,0,1.3568678710198614,1
0,road_background,30.293971078540185,78.98908438793458,,,0.117335192775706,92.77489126273392,0.0038236733517857,620.0,17.748280443764315,-0.999783056728112,0.0208288136818356,132.0,3,720.861572265625,42.091406995376026,52.07652712391494,-0.736944819947271,0.675952906904678,0.002242166851245388,280.01934814453125,-1.7892395523954292,0.08420936172223388,0.08420936172223388,0,1,0,0,0.7028952190904462,0
0,road_background,30.28622736843944,79.16410779713323,,,0.3119277788531492,110.8006639375297,0.0224947494201148,803.0,11.906133641124091,0.6323764899122607,0.7746612001425194,49.0,3,799.2230834960938,23.051688891011565,28.98456980257378,0.5192481561591076,0.8546235149616275,-0.0009670613315343558,84.72210693359375,3.8590814259426907,0.3784282508982103,0.3784282508982103,0,0,0,0,0.8794297504838725,0
0,road_background,30.23651747070097,78.83537113914164,,,0.3768319468569104,75.36424027718682,0.0118709052485413,637.0,30.62523012283922,0.6813145145063269,0.7319908007092768,130.0,2,628.308349609375,34.835266270453886,50.29954895518062,0.49940267360011575,0.866369995787629,0.004797743174648775,208.4744873046875,-18.854880593039752,0.18885529555084876,0.18885529555084876,0,0,1,0,0.08633204782303613,1
0,road_background,30.23914767498916,78.68217452475739,,,0.5223617407907231,59.23294180018367,0.0120422598490171,573.0,33.679817187747894,0.435168660540273,-0.9003489528419437,180.0,1,560.9349975585938,37.7570509625579,42.114098795709,0.40708932404842263,-0.9133883523703367,0.0069263985841010785,211.35488891601562,-18.08537809513814,0.10287943061410583,0.10287943061410583,0,1,0,0,6.874023143486228,1
0,road_background,30.25202769327427,78.89139453627067,,,0.332182138992091,81.31390890868288,0.0108925137142593,606.0,28.36585131131756,0.5618033242939312,0.8272708291800744,149.0,2,609.6505737304688,30.693192630679725,46.6906870955146,0.562981917034197,0.8264692136386573,0.008853677562406783,159.17010498046875,-30.99956115218231,0.07904422624433127,0.07904422624433127,1,0,0,0,1.5644209784404086,1
0,road_background,30.21381948061052,78.76365507858075,,,0.4187475674303079,67.5801988149771,0.0014474163619237,529.0,19.11070692399189,-0.7119005592731211,0.702280281445106,75.0,2,553.8934936523438,29.584327339478097,34.66485758720344,-0.9058316685311606,0.42363780318339583,0.011580175055525062,86.54815673828125,-12.895733793904924,0.3062878778199503,0.3062878778199503,0,0,0,0,4.250589629289672,0
0,road_background,30.08800365441577,78.43520633521992,,,0.1846882164319591,20.58358326852416,0.020822264999781,389.0,26.02661480560849,-0.996639273541688,0.0819155567294537,176.0,0,424.9998474121094,54.8426005521514,61.88175229951143,-0.9994445045028035,0.0333269023334847,0.022663339216207532,226.71231079101562,-36.7042090045519,0.05615093883804354,0.05615093883804354,0,0,0,0,0.4644314433189371,1
0,road_background,30.41956581189075,79.42932817531457,,,0.0142152792618004,149.0373321800202,0.0026744740686954,1274.0,21.260377126997213,0.1113717635883109,-0.9937788135572369,116.0,5,1242.927978515625,30.210755616836,42.8369695075441,0.08893119046545217,-0.9960377720560588,0.000721621469972952,163.073974609375,-27.206261500839446,0.05374638625811108,0.920633605665696,0,0,1,0,3.333839046259863,1
0,road_background,30.54112308695474,79.52943327615382,,,0.031787271378431,167.55159386327563,0.0079380853856741,1751.0,40.69170077193288,-0.9885057561644476,0.151183233295739,255.0,5,1786.5386962890625,41.7987543306199,54.85493155651735,-0.9581328092461057,0.2863241516990238,0.011882248959844827,255.122802734375,-23.460282759232996,0.7393314334724895,0.7393314334724895,1,0,0,0,1.1476893207134522,1
0,road_background,30.294516178725093,79.08295764341494,,,0.4206909762345053,102.53080156476553,0.0035303767041395,686.0,31.948426937823527,-0.2726025724560254,0.9621267263153838,221.0,3,750.7542114257812,46.03166325898235,56.80987755300527,-0.09988941050127902,0.9949985455616038,-0.022127054084864067,307.03424072265625,-18.234582317762147,0.1076527461255922,0.1076527461255922,1,0,0,0,0.7417480488842668,0
0,road_background,30.30995958416197,79.30651164104731,,,0.0431965963594082,128.50782924321138,0.003223736502816,911.0,21.384923148337176,-0.9789095432779938,0.2042941655536682,115.0,4,945.1315307617188,28.922351049325577,39.72623226552354,-0.9467297809296067,-0.3220290699626029,0.0025077112016700927,163.48095703125,-5.382437209452519,0.405517792911483,0.405517792911483,1,0,0,0,1.6889714542603143,0
0,road_background,30.29070855102378,79.27883867552981,,,0.0404662490682609,124.45021419539437,0.0112534146086291,840.0,10.282438980015993,-0.3491090231729477,0.9370821148326492,55.0,4,841.2455444335938,18.699654012794237,35.80050260568559,0.08335733643422764,0.9965197210605473,0.0036711544577390336,89.475341796875,-11.495093984052119,0.08436165497661535,0.3961733542709315,0,0,0,0,0.06738772968740425,0
0,road_background,30.304148507065587,79.29941554811533,,,0.5623153213322589,127.72705510372748,0.0120422598489334,907.0,31.1884714255983,-0.95812886174381,-0.2863373609809087,174.0,4,938.4490966796875,37.29480533734791,42.25470056438949,-0.9290151898516867,-0.3700415882368285,0.005365851259507168,198.1348876953125,-0.04052835259551557,0.30505522317032807,0.30505522317032807,0,0,0,0,1.0384617476049232,0
0,road_background,30.21881655237262,78.79858971930418,,,0.0259843238102907,71.23814960890462,0.010827183473668,567.0,18.849189570918607,0.5858469964187661,0.810421678379293,83.0,2,568.518310546875,6.777648746490566,33.67347692895897,0.2775349935158208,0.9607155288503321,0.0014870484026191038,129.605712890625,-4.466295478757729,0.24802452980090545,0.24802452980090545,0,1,0,0,2.638748153369255,0
0,road_background,30.30066571908136,79.0037928935726,,,0.3254339520489448,94.40902230965789,0.0246613940715907,721.0,25.46107637178698,0.7000714109260574,0.7140728391445786,123.0,3,722.7320556640625,29.221354770368663,47.9482163205676,0.5409175720480113,0.8410756091159014,-0.013561572157658143,186.16650390625,10.598799272017004,0.04432414717685343,0.1316159765513345,1,0,0,0,0.5468812184923015,0
0,road_background,30.15179061476059,78.6122512021533,,,0.3390110930833834,46.51452832795214,0.0298822859072012,648.0,32.78284882572115,-0.046581504833495,-0.9989144925405012,193.0,1,605.8167724609375,41.34536974551425,43.124606620315525,-0.017235610339360757,-0.9998514558354304,0.0013092535261001533,225.77737426757812,0.33648479871510517,0.3391212662429002,0.3391212662429002,0,1,0,0,11.907125229227747,1
0,road_background,30.08316204905669,78.57581514121993,,,0.1999460305933187,36.79801521640887,0.0112553997928089,954.0,22.25703111799812,0.9366634740287856,0.3502306902890242,115.0,1,923.8788452148438,22.978941411139367,35.683801320582006,0.7402656075608229,0.6723145322411272,0.005900212520126074,197.59661865234375,-3.9494916427233875,1.0364891267841236,1.0364891267841236,0,1,0,0,4.042427327310881,1
0,road_background,30.400588530384397,79.33144387309038,,,0.1465745148819415,138.966878631313,0.0502761324419223,1036.0,36.42510275425925,-0.8988986437186615,0.4381566253302018,199.0,4,1097.95263671875,44.74836294987498,55.922413546983776,-0.6885020948064972,0.72523435208701,0.0026890869781371184,273.19403076171875,-7.92756539336915,0.21533596425806015,0.21533596425806015,0,0,0,0,1.9880879704574186,1
