label,source,latitude,longitude,landslide_id,elevation_m_inventory,dist_coarse_km,along_km,dist_ref_km,elevation_m,slope_deg,aspect_sin,aspect_cos,local_relief_m,block_id
1,mey_2024_inventory,30.539387,79.527431,1.0,1867.472412,0.014017527739547437,167.28350435663066,0.01851855586013591,1716.0,24.873995130101118,-0.43856527644784987,0.898699336983299,125.0,5
1,mey_2024_inventory,30.538842,79.525324,2.0,1761.007324,0.14434374425529684,167.1169205964468,0.0068356517818484175,1714.0,36.03672983819557,-0.8888614815565536,0.45817602142090386,195.0,5
1,mey_2024_inventory,30.533514,79.525481,3.0,1723.756592,0.2093137286817824,166.64549879729415,0.005649127602933547,1704.0,38.079076328995825,-0.87214304111361,-0.48925097428324454,205.0,5
1,mey_2024_inventory,30.529401,79.521524,4.0,1656.945557,0.1624887279085939,166.0542177720173,0.010136161618476646,1610.0,26.026614805608492,0.0819155567294538,0.996639273541688,146.0,5
1,mey_2024_inventory,30.525095,79.505656,5.0,1363.505127,0.01254515894732423,164.38114634846448,0.013212696400488753,1288.0,25.72111438397954,-0.5674095127711076,0.8234357563385587,123.0,5
1,mey_2024_inventory,30.524325,79.502725,6.0,1376.002441,0.1254842811141985,164.1334713634875,0.011878488084782576,1306.0,26.85580961380523,-0.15799050110667287,0.9874406319167054,150.0,5
1,mey_2024_inventory,30.523589,79.499044,7.0,1390.902588,0.36176661667373744,163.85734323667336,0.012165497485572973,1331.0,26.052385905322208,0.15000736107900947,0.9886848798389261,145.0,5
1,mey_2024_inventory,30.521282,79.497805,8.0,1397.391602,0.30583556973445397,163.5813758817732,0.03584099342282251,1404.0,39.91004084713839,-0.8647889466100895,0.5021355173865036,217.0,5
1,mey_2024_inventory,30.517567,79.495358,9.0,1415.656494,0.2507136060139503,163.11111744289542,0.007935920251508856,1364.0,33.33250191449034,-0.765305343097541,0.6436674077707796,170.0,5
1,mey_2024_inventory,30.508486,79.491584,10.0,1422.145264,0.05475948239287868,162.08797505789101,0.005974414117132848,1410.0,28.002640063185417,-0.9966742338834841,0.08148908830493895,159.0,5
1,mey_2024_inventory,30.503857,79.485292,11.0,1386.095947,0.3169199689794317,161.40534769678354,0.008395063921685708,1346.0,35.44642728562589,-0.9879897049528111,0.15451971688835445,211.0,5
1,mey_2024_inventory,30.500341,79.485778,12.0,1414.695068,0.1783884901925097,161.03909045074093,0.010127753151899259,1332.0,26.999773577444483,-0.8439307620765545,0.5364521123277324,129.0,5
1,mey_2024_inventory,30.498378,79.48471,13.0,1432.239014,0.22616732363878891,160.80373646165708,0.001199143698566605,1368.0,38.47654000625035,-0.9730307609327684,0.23067539591078562,232.0,5
1,mey_2024_inventory,30.485487,79.488406,14.0,1447.860352,0.5377706722792736,159.7826496411119,0.0010142457105180073,1420.0,22.52584929312968,0.3616704349548694,0.9323060101058855,116.0,5
1,mey_2024_inventory,30.486629,79.476928,15.0,1500.492188,0.09923557798833754,159.02216656622937,0.01154986353407134,1509.0,40.15990727105174,0.28045501668397926,0.9598671697775629,243.0,5
1,mey_2024_inventory,30.487091,79.474594,16.0,1503.856689,0.24591846205044138,158.8445967572568,0.010068217735315915,1450.0,47.75325749524507,-0.620625397484435,0.7841072095047252,281.0,5
1,mey_2024_inventory,30.485846,79.473618,17.0,1509.624512,0.16524100827842744,158.69878077513692,0.008257008446519836,1450.0,50.58714067816888,-0.8820494461766274,0.4711568470260247,330.0,5
1,mey_2024_inventory,30.484672,79.472808,18.0,1504.818115,0.08438668191494622,158.57076185454227,0.007050363142051206,1479.0,51.4364151935114,-0.8131944396761881,0.5819920989839384,306.0,5
1,mey_2024_inventory,30.480639,79.468136,19.0,1468.28833,0.0948563645945025,157.96432114981226,0.009040409679105103,1409.0,33.73891634540533,-0.8883580549950925,0.4591513542671264,178.0,5
1,mey_2024_inventory,30.477909,79.46744,20.0,1456.03125,0.02017264591651159,157.67730707346726,0.009000995633264132,1423.0,31.29434091858317,-0.3619169554022715,0.9322103396725174,170.0,5
1,mey_2024_inventory,30.47516,79.459238,21.0,1511.066406,0.4599112855161084,156.9810501736908,0.007382659210646355,1475.0,34.87932134550521,-0.9755072416374719,0.2199673191927632,204.0,5
1,mey_2024_inventory,30.473363,79.459383,22.0,1518.276367,0.33627949988037803,156.82487039648586,0.009517647745042265,1509.0,40.302668933736605,-0.9982607943116798,0.05895240911289455,254.0,5
1,mey_2024_inventory,30.472517,79.459106,23.0,1523.082764,0.30550430579244187,156.7325986394019,0.007392049053500301,1435.0,31.307335996425373,-0.9920228536403727,0.1260581526725335,181.0,5
1,mey_2024_inventory,30.46598,79.45061,24.0,1514.431152,0.18294993558877296,155.39781187491874,0.015836499359002176,1433.0,29.466341511272336,-0.8436614877321075,0.5368754921931593,161.0,5
1,mey_2024_inventory,30.462413,79.446189,25.0,1428.874512,0.08418446492688987,154.8828676181911,0.020633546104060107,1386.0,17.170876313539857,-0.3452053934179291,0.9385271633549946,87.0,5
1,mey_2024_inventory,30.46299,79.446914,26.0,1401.957764,0.041224779045754174,154.9670795826132,0.013561952449621566,1370.0,25.376385714956673,-0.4778670902029734,0.878432151108407,125.0,5
1,mey_2024_inventory,30.466923,79.445403,27.0,1382.250732,0.41666530920043754,154.94253286921958,0.010106769933158727,1392.0,33.56563872420533,0.9796027006414901,0.2009441437213312,195.0,5
1,mey_2024_inventory,30.464432,79.4345,28.0,1359.659912,0.6194633813374375,153.97553423569025,0.021372703280934303,1290.0,49.69903478024329,-0.7830703534471484,0.6219331327017062,283.0,5
1,mey_2024_inventory,30.461785,79.432669,29.0,1378.88623,0.4447829428934911,153.681945875616,0.021479102453343727,1321.0,52.078409410357665,-0.8985436998644544,0.4388840614944878,346.0,5
1,mey_2024_inventory,30.455152,79.429564,30.0,1391.86377,0.0003575499422228636,153.03445588254093,0.001313492715662933,1348.0,41.36102184565935,-0.9692451055319055,0.2460973900764603,256.0,5
1,mey_2024_inventory,30.453098,79.428677,31.0,1385.855713,0.09162047577203683,152.80993967364407,0.010932723060759155,1348.0,44.46907789025344,-0.9983324233732841,0.05772670475287704,294.0,5
1,mey_2024_inventory,30.451644,79.429271,32.0,1376.963623,0.03920784019358916,152.6475568420528,0.0028457767971491856,1391.0,52.01530344598847,-0.9942894432208921,-0.1067169297697816,382.0,5
1,mey_2024_inventory,30.450942,79.429173,33.0,1367.831299,0.05091173250441543,152.5702440916235,0.005582606840022337,1391.0,44.422765509383865,-0.9897443919913852,-0.14284970606061226,291.0,5
1,mey_2024_inventory,30.443753,79.428546,34.0,1348.60498,0.1345473527579814,151.77744073604993,0.01100984648112486,1310.0,41.142750863324366,-0.9957988523704411,0.09156771056279926,261.0,5
1,mey_2024_inventory,30.443167,79.428736,35.0,1345.720947,0.11817477499240202,151.7121357129619,0.003823673351425462,1317.0,38.88191844929293,-0.9962250611045593,-0.08680799287633101,241.0,5
1,mey_2024_inventory,30.416911,79.422088,36.0,1242.86084,0.02842079517636035,148.28254928484785,0.010258353177871075,1188.0,17.20843953414603,-0.1399144217268491,0.9901635999130858,92.0,5
1,mey_2024_inventory,30.416515,79.420664,37.0,1235.891113,0.02366718137883099,148.13878116633663,0.01088630560445662,1187.0,18.194005561137985,-0.5983760509703074,0.8012153902822761,106.0,5
1,mey_2024_inventory,30.412661,79.40401,38.0,1165.715576,0.09196402393108026,146.47901825211525,0.011253414608143527,1053.0,29.089253321943925,-0.2636243393474335,0.9646254235212905,181.0,5
1,mey_2024_inventory,30.412436,79.402344,39.0,1153.45874,0.11105595906672905,146.31792054605046,0.005500100399653334,1125.0,19.952284019994476,-0.5050123938240116,0.8631120912628564,118.0,5
1,mey_2024_inventory,30.392509,79.323527,40.0,1040.985352,0.24848789504035343,137.86127031209196,0.008197774568771651,973.0,24.591248866909304,-0.8958791600969526,0.4442977948448302,123.0,4
1,mey_2024_inventory,30.388101,79.323535,41.0,1018.394775,0.07475986983745632,137.40587173822388,0.011509112899964646,986.0,26.69693555119285,-0.967757903755477,0.2518821941281379,146.0,4
1,mey_2024_inventory,30.387315,79.323208,42.0,1020.317383,0.07332612671476647,137.31345141136367,0.0030662700347393705,952.0,30.78333603245394,-0.9959844234837042,-0.0895266897513443,178.0,4
1,mey_2024_inventory,30.385207,79.323095,43.0,1010.463623,0.0007548942616673627,137.091679941717,0.007889505952362178,947.0,25.08396772559835,-0.897257484736019,0.44150765121931085,126.0,4
1,mey_2024_inventory,30.376302,79.319549,44.0,1015.991455,0.04933125636067774,136.05116889046604,0.006374377180937539,957.0,32.91645278184497,-0.6024688032201138,0.7981424316163901,156.0,4
1,mey_2024_inventory,30.375797,79.318576,45.0,1018.394775,0.1265393157936239,135.9742112856408,0.007938085385978701,989.0,31.51991437453672,-0.7337606740181694,0.679408031498305,139.0,4
1,mey_2024_inventory,30.375306,79.317477,46.0,1019.355957,0.21588336235834688,135.89580277533506,0.0032237365020518403,931.0,23.290179541000384,-0.51107539287715,0.8595358880206614,142.0,4
1,mey_2024_inventory,30.367339,79.312205,47.0,998.207031,0.4933749809421353,134.9178483609512,0.005704424298990664,949.0,23.233306745964434,-0.9705975315807389,-0.24070818783202325,125.0,4
1,mey_2024_inventory,30.338096,79.31864,48.0,963.119141,0.1936057384543191,131.83623723214617,0.002674474068564291,952.0,34.20577625785392,-0.9219120602420638,-0.3873992168038459,188.0,4
1,mey_2024_inventory,30.29559,79.301957,49.0,907.603516,0.08187272344178956,126.73599676648423,0.0018544063412791723,890.0,17.538331134333415,-0.7910529841125554,-0.6117476410470426,75.0,4
1,mey_2024_inventory,30.290866,79.295915,50.0,930.915283,0.32504642523932575,126.0687161866082,0.009938511273046248,928.0,25.088429470674225,-0.9397934234884371,0.3417430630867044,132.0,4
1,mey_2024_inventory,30.284195,79.249305,51.0,829.49707,0.027729457932044715,121.49006986429067,0.00569594357653176,791.0,20.78115070440137,-0.922295402517783,0.3864856924836425,105.0,4
1,mey_2024_inventory,30.275397,79.235981,52.0,861.700928,0.16349285281747022,119.8920969802846,0.006680640564374753,846.0,32.079835267450555,-0.4892509742832446,0.87214304111361,164.0,4
1,mey_2024_inventory,30.272994,79.227456,53.0,877.802734,0.1686521797554307,119.08586867009,0.006652458005767369,807.0,33.63510363886156,-0.676404999576679,0.7365298884279394,147.0,4
1,mey_2024_inventory,30.268785,79.224218,54.0,866.507568,0.12443961672020387,118.52754798585764,0.010934183141944966,844.0,36.681645188561596,-0.6981001361295398,0.7160001396200408,175.0,4
1,mey_2024_inventory,30.266744,79.172738,55.0,817.961182,0.3629463724636943,113.04716112468695,0.002637372881574085,766.0,30.557004873659142,0.33311543191308624,0.9428860530421256,167.0,3
1,mey_2024_inventory,30.27291,79.167128,56.0,827.09375,0.012272078179446939,112.27140458829956,0.004770944688113773,854.0,35.16686271648866,0.9935326726564042,-0.11354659116073196,210.0,3
1,mey_2024_inventory,30.275675,79.166553,57.0,824.450195,0.07911011647648944,111.9679758321747,0.01067750145922924,845.0,26.12370130504621,0.9991680531005774,-0.04078236951430926,147.0,3
1,mey_2024_inventory,30.285164,79.131429,58.0,776.384521,0.22731190405720852,107.70651891569207,0.006970332146148446,781.0,26.29287291374182,0.6139406135149205,0.7893522173763263,142.0,3
1,mey_2024_inventory,30.295563,79.086711,59.0,749.948486,0.3209864065457236,102.8967124789366,0.011757476045417162,719.0,19.79965908365851,-0.8055210260733152,0.5925671915941629,111.0,3
1,mey_2024_inventory,30.297805,79.018961,60.0,707.170166,0.011994846409705915,95.8712180884201,0.00290185690059221,671.0,26.33166497981419,-0.1818480768841259,0.9833266379660144,146.0,3
1,mey_2024_inventory,30.288807,78.986905,61.0,671.601563,0.3769948636911799,92.22479238951023,0.0067019932047548405,645.0,16.679761720515405,-0.8454889030309711,0.5339929913879817,111.0,3
1,mey_2024_inventory,30.273746,78.964907,62.0,687.703613,0.28141556814994545,89.57341398581785,0.011988953406236595,634.0,26.19887363555652,-0.6097107608496924,0.7926239891046001,142.0,3
1,mey_2024_inventory,30.254937,78.931462,63.0,715.581543,0.4257502352424454,85.92448859086248,0.00459153219668167,678.0,35.290777464639945,-0.9984018457335854,-0.05651331202265578,212.0,2
1,mey_2024_inventory,30.250242,78.925107,64.0,717.50415,0.7633342536851367,84.45805227740898,0.027292647265099723,655.0,35.22352386598753,0.18884739365012448,0.9820064469806473,208.0,2
1,mey_2024_inventory,30.251017,78.922957,65.0,710.294434,0.5422372705408738,84.42258389382381,0.02190283643539901,745.0,42.290517991541925,0.9967449844371652,0.08061907962359423,272.0,2
1,mey_2024_inventory,30.252132,78.923109,66.0,708.612061,0.49006358778506814,84.53524376276135,0.01641414150975514,751.0,44.42061168506327,0.9660087468166754,0.2585093829509413,284.0,2
1,mey_2024_inventory,30.253918,78.922097,67.0,710.534668,0.30361601852026415,84.65237583084223,0.007742978634041098,738.0,36.2368929863163,0.9278480180284759,0.37295851705066196,204.0,2
1,mey_2024_inventory,30.254452,78.918676,68.0,734.086914,0.007660287442009658,84.53010488965974,0.012504356678875669,713.0,23.82990176847157,-0.9509230848074929,0.3094273529929143,126.0,2
1,mey_2024_inventory,30.242398,78.907217,69.0,704.286377,0.5398251185072489,82.96740697221104,0.008231302199944154,701.0,23.44229251616231,-0.5457987080967448,0.8379163265147209,109.0,2
1,mey_2024_inventory,30.241293,78.901932,70.0,672.082275,0.6273240361734135,82.45177205282154,0.007773195350907592,639.0,29.333421095717842,0.08304547985373996,0.9965457582448797,168.0,2
1,mey_2024_inventory,30.241634,78.899505,71.0,666.074219,0.5739049080448523,82.22132721279785,0.01375515954579074,694.0,35.44464668188607,0.7117739993288008,0.7024085519692114,164.0,2
1,mey_2024_inventory,30.250351,78.87709,72.0,675.92749,0.13564114741890107,79.806567993257,0.0065497787352526374,647.0,26.842795672040804,-0.8101578539847045,0.586211780525518,140.0,2
1,mey_2024_inventory,30.242712,78.865615,73.0,688.184082,0.004003872699753042,78.42262783752592,0.010827183473462777,641.0,22.489134862284537,-0.2254475110239729,0.9742553154964543,122.0,2
1,mey_2024_inventory,30.242114,78.863867,74.0,677.609863,0.005390651016166719,78.243099197189,0.01865574996452916,642.0,26.5186395219652,-0.35405002655548606,0.9352264852409066,140.0,2
1,mey_2024_inventory,30.241566,78.862806,75.0,668.477539,0.008705436101653726,78.12521918599263,0.012297521232675461,652.0,17.233736937897714,-0.47281770481459684,0.8811602680635667,123.0,2
1,mey_2024_inventory,30.240451,78.862119,76.0,662.229004,0.0946971925376809,78.01487582622525,0.009731656993505299,648.0,8.520382064013788,-0.3559953275919878,0.9344877349289681,115.0,2
1,mey_2024_inventory,30.241523,78.860161,77.0,675.687256,0.089941987229775,77.89055924088962,0.01270912627321695,666.0,25.804565970054114,0.02757571634831991,0.9996197176265967,145.0,2
1,mey_2024_inventory,30.241241,78.858894,78.0,681.455078,0.11076407449787577,77.76645599370944,0.008783015964907307,665.0,40.94476547178745,0.18057566977468675,0.9835610949429747,256.0,2
1,mey_2024_inventory,30.232016,78.82315,79.0,589.169189,0.0727184028201636,74.1490827626826,0.006203596790463396,570.0,10.629387881938806,-0.8347726791573308,-0.5505947458271756,56.0,2
1,mey_2024_inventory,30.213802,78.759101,80.0,563.454102,0.2475174460901887,67.17683085109188,0.008757448903194803,564.0,15.266829587151227,0.4762831485407526,0.879291966536774,72.0,2
1,mey_2024_inventory,30.212824,78.751044,81.0,581.238525,0.04079447080591541,66.421853991435,0.004847046885865288,545.0,13.929115764192192,-0.5913636636275174,0.8064049958557056,116.0,2
1,mey_2024_inventory,30.212459,78.747811,82.0,568.260742,0.07776113321978141,66.14059009007973,0.005556747297589407,556.0,12.156145050965593,0.3713906763541037,0.9284766908852593,60.0,2
1,mey_2024_inventory,30.21248,78.747313,83.0,565.857666,0.10724275268131155,66.10274280287105,0.008541665814470387,575.0,18.470999774715377,0.5887648892400363,0.8083043394651347,81.0,2
1,mey_2024_inventory,30.217789,78.743429,84.0,559.368408,0.09420230888365498,65.43663151132104,0.007741681686410544,585.0,12.24755152173057,-0.061422268918330185,-0.998111869922868,65.0,2
1,mey_2024_inventory,30.236139,78.701851,85.0,557.205566,0.1358221374216066,60.84125105927885,0.016355313407000645,560.0,31.23803836736373,-0.5660622493543174,-0.8243624990596858,152.0,1
1,mey_2024_inventory,30.23749,78.699587,86.0,565.136475,0.025099576034385094,60.60143082921136,0.011331172776126625,567.0,27.854049373087122,-0.08200138481614433,-0.9966322154577558,158.0,1
1,mey_2024_inventory,30.239757,78.686855,87.0,555.763672,0.13396574228483102,59.47067407149893,0.012114646641004121,570.0,27.58249084217628,0.0957124066442577,-0.9954090291002811,156.0,1
1,mey_2024_inventory,30.239732,78.685764,88.0,557.686279,0.22954764933107405,59.42717489440662,0.01178899089457227,587.0,28.442360685337928,0.13538781986797926,-0.9907926817611218,161.0,1
1,mey_2024_inventory,30.239624,78.684745,89.0,558.407227,0.3151701476448843,59.3779279945231,0.017401716034068277,592.0,31.846313305567904,0.21465703069033126,-0.9766894896410068,182.0,1
1,mey_2024_inventory,30.213061,78.678469,90.0,557.205566,0.6464171035570947,56.661431887952645,0.013390732658102129,559.0,30.410429343694723,0.9200239789895804,0.39186206512519167,162.0,1
1,mey_2024_inventory,30.210871,78.67843,91.0,561.531494,0.8301869672324849,56.50368918170781,0.01304891718228671,608.0,20.330935050199827,0.14393984571411067,-0.9895864392845114,117.0,1
1,mey_2024_inventory,30.211401,78.677407,92.0,562.012207,0.7221836348762796,56.465489470457506,0.011429203533171322,531.0,34.19039524273037,-0.5937010364021483,-0.8046857022310108,164.0,1
1,mey_2024_inventory,30.208495,78.650578,93.0,563.213623,0.06718699054757435,54.105787027422366,0.012372395801597111,585.0,29.352782417652275,-0.14225110466530608,-0.9898306032960893,167.0,1
1,mey_2024_inventory,30.208847,78.64902,94.0,561.050781,0.1417926343567093,53.970055217569374,0.004141952537876203,590.0,30.431390864363713,0.05106963552825065,-0.9986950947746823,176.0,1
1,mey_2024_inventory,30.208477,78.646575,95.0,568.501221,0.16001365535615847,53.73195760711633,0.002201747690438216,627.0,19.712523153634947,0.6977423470721107,-0.7163488096607002,131.0,1
1,mey_2024_inventory,30.208375,78.645469,96.0,572.58667,0.17526206809758235,53.62603192904792,0.011522017889850206,644.0,19.361171732167147,0.7304240560925606,-0.6829939225800563,128.0,1
1,mey_2024_inventory,30.207094,78.642232,97.0,584.843262,0.11459346171795476,53.289287540075065,0.007627921079752568,625.0,30.709424484008007,0.5219039296415243,-0.8530042721022767,152.0,1
1,mey_2024_inventory,30.206308,78.641331,98.0,591.812744,0.051680979838119236,53.18387511006183,0.005431336627288163,626.0,28.892791741131468,0.730854377508733,-0.682533426929643,125.0,1
1,mey_2024_inventory,30.205355,78.640465,99.0,596.859863,0.009974183688537433,53.066789691334435,0.005871649334289852,635.0,26.140436205985147,0.9101337294336388,-0.4143146081750146,134.0,1
1,mey_2024_inventory,30.197761,78.638548,100.0,607.193848,0.11573300935222074,52.21630942657921,0.004717076254399048,617.0,12.540479793823865,0.4945242492550592,-0.8691638320240437,61.0,1
1,mey_2024_inventory,30.196929,78.638222,101.0,611.76001,0.11907344274746824,52.119168445992905,0.004955194426593129,661.0,16.142764795595028,0.7831108474982938,0.6218821436015863,69.0,1
1,mey_2024_inventory,30.196368,78.638263,102.0,614.403564,0.14478676908626886,52.062579052461324,0.007329125313102864,675.0,23.82990176847157,0.9131880417595766,0.40753846491749696,121.0,1
1,mey_2024_inventory,30.195414,78.640391,103.0,617.287598,0.37366035490238986,52.03666768370154,0.004627920171571118,602.0,17.007222539751087,0.9372218510575617,0.3487337120214183,111.0,1
1,mey_2024_inventory,30.195018,78.641628,104.0,616.56665,0.500478803783585,52.037995436789366,0.008434061474676834,580.0,10.062452516733035,0.8828723891992799,0.4696129729783402,82.0,1
1,mey_2024_inventory,30.193771,78.640982,105.0,615.845703,0.49132765658085464,51.88702344607077,0.008418188710215144,637.0,31.41093017126345,0.9770777293034412,-0.21288285722253744,180.0,1
1,mey_2024_inventory,30.192773,78.640192,106.0,607.193848,0.4594474304597431,51.75687065546433,0.0014474163618315569,650.0,39.44432131408798,0.7941277684358851,-0.6077508431907284,207.0,1
1,mey_2024_inventory,30.192229,78.63961,107.0,608.155273,0.4284529402992776,51.68075380744073,0.0029349747877476804,646.0,39.19334663048576,0.7930796827079573,-0.6091179006365236,194.0,1
1,mey_2024_inventory,30.190412,78.63712,108.0,588.688477,0.27580807496876414,51.40786126578446,0.007982916993837703,633.0,40.698934917401004,0.6123295123225396,-0.7906026614797351,204.0,1
1,mey_2024_inventory,30.18751,78.634159,109.0,571.625244,0.12339350335869409,51.006721410666486,0.002666262759363066,622.0,33.941982704572794,0.554700196225229,-0.8320502943378437,186.0,1
1,mey_2024_inventory,30.185074,78.631382,110.0,566.818848,0.013952283764066042,50.65785013625508,0.008453041571116987,641.0,38.75655509292031,0.7474093186836598,-0.6643638388299196,201.0,1
1,mey_2024_inventory,30.183944,78.628858,111.0,561.771729,0.11067749460684113,50.41482187204462,0.01408231408058978,589.0,40.89129420409992,0.2579022248141408,-0.9661710213186464,251.0,1
1,mey_2024_inventory,30.18081,78.621492,112.0,562.492676,0.48494324247750015,49.72029200642091,0.001144158589567069,569.0,33.71285977875349,0.6894056438378436,-0.7243754953368648,171.0,1
1,mey_2024_inventory,30.179253,78.618326,113.0,562.733154,0.6322839077985245,49.40290260957921,0.009578376661811147,586.0,20.382212934570497,0.16148856811054096,-0.9868745828977495,110.0,1
1,mey_2024_inventory,30.175154,78.619627,114.0,569.462402,0.26652146130945237,49.107406158135646,0.007894461401164203,565.0,29.981796132486934,0.9244386010979275,0.3813309229528952,160.0,1
1,mey_2024_inventory,30.173788,78.61978,115.0,573.548096,0.16657398607121288,48.993206534319654,0.007316313114580153,595.0,28.523943381089705,0.9996990331371586,0.02453249161072774,163.0,1
1,mey_2024_inventory,30.167727,78.619251,116.0,583.88208,0.1546336730736217,48.39198045780071,0.0009004606661218287,573.0,25.17407923292491,0.9999748513083567,0.007092020222045123,141.0,1
1,mey_2024_inventory,30.167172,78.619181,117.0,585.564209,0.17601546113244423,48.33406424173455,0.00508832090100848,585.0,23.57704066778907,0.9242028274918087,-0.381901994831326,139.0,1
1,mey_2024_inventory,30.166645,78.618652,118.0,585.804688,0.15649812142727856,48.25919290307546,0.0061800030286903495,584.0,29.471038468604416,0.884790236675952,-0.4659895246493345,150.0,1
1,mey_2024_inventory,30.165433,78.617682,119.0,586.765869,0.13284227398775925,48.097600505565936,0.01034321688447433,600.0,33.558975893192546,0.8944271909999159,-0.4472135954999579,178.0,1
1,mey_2024_inventory,30.164273,78.617047,120.0,586.044922,0.13545936947873058,47.9555490709267,0.0032318401290039036,639.0,33.8783864240733,0.982984409412707,-0.18368900579934436,198.0,1
1,mey_2024_inventory,30.162986,78.617033,121.0,586.285156,0.19781158569749663,47.827620212781774,0.012088831717748825,618.0,42.66829890725645,0.994485619700544,-0.1048730289866029,275.0,1
1,mey_2024_inventory,30.16023,78.617721,122.0,583.641602,0.3931460409329257,47.584526308337644,0.00624592566094632,582.0,34.94954372257307,0.9777325633327096,0.20985479408116683,205.0,1
1,mey_2024_inventory,30.159599,78.617932,123.0,582.68042,0.442472969196009,47.53116696846345,0.003530376704004263,599.0,36.578524454148216,0.9477810990639493,0.31892160205469383,211.0,1
1,mey_2024_inventory,30.158619,78.618366,124.0,583.401367,0.5282335795693444,47.45286318527186,0.010434872441409108,567.0,31.874762184180938,0.9916898464099846,0.12865165575048448,185.0,1
1,mey_2024_inventory,30.157743,78.61848,125.0,582.199707,0.5813086911987742,47.37109665740924,0.011255399792002567,575.0,34.86640913209077,0.9998969962973159,-0.014352588463597929,209.0,1
1,mey_2024_inventory,30.155838,78.618016,126.0,582.68042,0.635438825267218,47.16268850486601,0.008324104043307457,622.0,36.43347869219089,0.9573277107867141,-0.28900459193561184,212.0,1
1,mey_2024_inventory,30.155235,78.617764,127.0,583.160889,0.6435222565360778,47.09220214474117,0.007267441738655458,619.0,36.083866893615394,0.9376383672985977,-0.34761227275460216,205.0,1
1,mey_2024_inventory,30.154789,78.617345,128.0,583.401367,0.6294749477622584,47.0300715927122,0.005962358315071228,632.0,33.736609209987094,0.8934267206376517,-0.4492089656837354,179.0,1
1,mey_2024_inventory,30.154622,78.617182,129.0,582.68042,0.6236890686066611,47.00654489435227,0.006030865088069422,632.0,35.34402172068417,0.8413311550695189,-0.5405200158267861,179.0,1
1,mey_2024_inventory,30.154328,78.616928,130.0,582.199707,0.6163405871068572,46.96654298932179,0.006609422571527331,632.0,34.67335267293908,0.8625529462600755,-0.5059668120519993,179.0,1
1,mey_2024_inventory,30.15423,78.61681,131.0,582.920654,0.6110213496837521,46.95177654049241,0.00237782776983913,632.0,34.67335267293908,0.8625529462600755,-0.5059668120519993,179.0,1
1,mey_2024_inventory,30.151105,78.609261,132.0,569.462402,0.11543624870186657,46.31819597865217,0.010696259344342778,620.0,30.16867066409992,0.24658136110059675,-0.9691220936279273,169.0,1
1,mey_2024_inventory,30.151098,78.608469,133.0,570.904297,0.047596830650946054,46.2834677089002,0.013912015818472056,631.0,33.001475505814795,0.297690442538056,-0.9546624536565248,186.0,1
1,mey_2024_inventory,30.147908,78.605598,134.0,565.617188,0.2741083945700358,45.95729394974901,0.006198837695065018,590.0,33.20872259629687,0.9471445756278131,-0.3208070336803884,186.0,1
1,mey_2024_inventory,30.147644,78.598747,135.0,541.10376,0.14417218394055925,45.04227964904658,0.010229971602394779,480.0,24.02648625886394,-0.994505452921406,0.10468478451804264,181.0,1
1,mey_2024_inventory,30.148855,78.59872,136.0,532.211548,0.038163847371750576,45.33016184502927,0.009755516841961255,468.0,17.987985640523593,-0.944496796706159,0.3285206249412728,181.0,1
1,mey_2024_inventory,30.14984,78.59897,137.0,525.242065,0.06366867023713252,45.37567413343017,0.008771307393968253,448.0,11.157292128087047,-0.8619342151577695,-0.5070201265633939,150.0,1
1,mey_2024_inventory,30.141744,78.595072,138.0,551.918457,0.22769843498415623,44.400123237916574,0.01242124402846022,563.0,25.61781369118993,0.9871351475587019,-0.15988808728063478,142.0,1
1,mey_2024_inventory,30.141304,78.59493,139.0,554.562012,0.2427283757283414,44.351875288580445,0.014747653943641659,603.0,26.549255388167495,0.9673332815070708,-0.2535080323949564,145.0,1
1,mey_2024_inventory,30.136497,78.594247,140.0,575.951172,0.32340927010095794,43.82241048528593,0.00743544859156951,588.0,34.41738871044157,0.9973337235915658,-0.07297563831157802,205.0,1
1,mey_2024_inventory,30.133821,78.592345,141.0,591.332031,0.5146941527428499,43.531792507021585,0.009521009748575698,608.0,20.17298978647486,0.9798765487080173,-0.1996044821442257,129.0,1
1,mey_2024_inventory,30.132768,78.592789,142.0,593.495117,0.4752716058295894,43.414199744935466,0.010571241725476896,620.0,31.44430728239367,0.9539937169012556,0.2998265967403945,175.0,1
1,mey_2024_inventory,30.131555,78.593532,143.0,590.851318,0.40758895180333765,43.278110947780355,0.010079737573898196,601.0,32.961783872199135,0.956111824861979,0.2930020108448001,186.0,1
1,mey_2024_inventory,30.13068,78.593895,144.0,588.688477,0.3754023214712532,43.18041229645726,0.007854186841514973,621.0,33.71285977875349,0.9491816835448573,0.31472866349118955,190.0,1
1,mey_2024_inventory,30.129841,78.594057,145.0,587.727295,0.36243639474912787,43.087238067928055,0.0061730816006534345,639.0,29.012616785778295,0.9556489614416559,0.29450817050717704,159.0,1
1,mey_2024_inventory,30.129471,78.594213,146.0,586.285156,0.3485853138834879,43.04591870476177,0.0066185200439778215,583.0,30.074674074461793,0.9152301356776029,0.4029315062731586,159.0,1
1,mey_2024_inventory,30.127647,78.596708,147.0,581.959473,0.10986205948240446,42.74004841901933,0.011662595102724998,538.0,30.769527432314753,0.48706831452922045,0.8733638743282575,156.0,1
1,mey_2024_inventory,30.125635,78.597702,148.0,572.826904,0.11569772798817625,42.651924796198124,0.0039088190092774885,597.0,28.35626265239702,0.9511248018899605,-0.3088067538603768,154.0,1
1,mey_2024_inventory,30.125094,78.595563,149.0,562.492676,0.013763582823305861,42.463379348954874,0.013781539526745929,651.0,35.422669779972075,0.20152068486021985,-0.9794842589717652,209.0,1
1,mey_2024_inventory,30.124841,78.59492,150.0,560.089355,0.009763973352867017,42.399684282345746,0.012749365054105044,576.0,35.43395894348073,0.2248595066987585,-0.9743911956946198,208.0,1
1,mey_2024_inventory,30.122422,78.585842,151.0,525.001831,0.43269507488383013,41.5899416659486,0.011908183670226355,534.0,32.122436611783684,0.7751386849026773,-0.6317911198864288,146.0,1
1,mey_2024_inventory,30.121691,78.585451,152.0,520.916138,0.40156437137426026,41.50639659008461,0.005540048497035594,587.0,34.50284323264338,0.7953203834673164,-0.606189316667162,164.0,1
1,mey_2024_inventory,30.120819,78.584272,153.0,522.838745,0.4125758144864962,41.35791891790018,0.003928417883812585,535.0,19.290046219188735,0.8000000000000002,-0.5999999999999999,129.0,1
1,mey_2024_inventory,30.12014,78.584879,154.0,523.800049,0.31810724981627475,41.34678284793979,0.00953038170469536,535.0,21.323484090323568,0.9990881069030456,-0.04269607294457467,117.0,1
1,mey_2024_inventory,30.118897,78.58462,155.0,528.847046,0.23774958897120763,41.23252682408841,0.009823942982426335,565.0,34.3727493007239,0.9892557287490952,0.14619542789395498,203.0,1
1,mey_2024_inventory,30.117085,78.584321,156.0,538.940674,0.11529902895992801,41.07135064414562,0.005833278795159504,559.0,31.606811820398647,0.9966935742956422,0.08125219355670994,184.0,1
1,mey_2024_inventory,30.11395,78.583711,157.0,544.228027,0.09029386583448482,40.78614442490318,0.017237706478372385,564.0,24.435803545304896,0.3007802493667554,-0.9536934736019076,130.0,1
1,mey_2024_inventory,30.11389,78.583139,158.0,540.863403,0.05636927205216925,40.74229888272793,0.020494032801077797,575.0,28.918857099734357,0.1810088586897588,-0.9834814655476893,163.0,1
1,mey_2024_inventory,30.112818,78.580301,159.0,540.863403,0.08841546014337134,40.47783815965561,0.012645543518999495,569.0,29.204196811442568,0.38164940863849656,-0.9243071615463584,183.0,1
1,mey_2024_inventory,30.112354,78.578107,160.0,528.366333,0.23311946918321427,40.31578559745987,0.010493884517326345,569.0,28.342554896165385,0.587068831464514,-0.809537020230014,150.0,1
1,mey_2024_inventory,30.111793,78.579741,161.0,531.971191,0.0684605987341313,40.35393937460182,0.019111201309173445,522.0,15.30043092573898,0.6823182503600111,0.731055268242869,124.0,1
1,mey_2024_inventory,30.112128,78.581459,162.0,540.382813,0.04662705126113717,40.47825428626799,0.006645964982402024,513.0,9.24597366655069,-0.18428853505018536,0.9828721869343219,128.0,1
1,mey_2024_inventory,30.112267,78.581786,163.0,543.266602,0.06381126004559567,40.50876584634903,0.01149131231760838,524.0,2.329995152275097,-0.5734623443633283,0.8192319205190405,75.0,1
1,mey_2024_inventory,30.112225,78.583619,164.0,551.918457,0.2116675291105568,40.605037585913756,0.0077395163289436415,526.0,10.086767100782913,-0.22485950669875843,0.9743911956946198,92.0,1
1,mey_2024_inventory,30.112286,78.584261,165.0,555.523193,0.258457058809896,40.69462337246707,0.015981374407050743,533.0,9.138633999145739,-0.10360608425945603,0.9946184088907778,80.0,1
1,mey_2024_inventory,30.111923,78.585092,166.0,562.973389,0.3431829037260436,40.72336892162852,0.005247720646545893,536.0,27.18079147483883,-0.025965268716199853,0.9996628455736942,154.0,1
1,mey_2024_inventory,30.109892,78.585994,167.0,585.804688,0.5462299327821998,40.522328151296094,0.013949796043166393,609.0,28.897654503671998,0.9964196874682213,0.08454470075487948,165.0,1
1,mey_2024_inventory,30.108793,78.584424,168.0,610.55835,0.4908105396648308,40.336538656113646,0.015009924251551156,650.0,28.385467865729964,0.7772448707074856,-0.6291982286679644,169.0,1
1,mey_2024_inventory,30.107814,78.582432,169.0,626.419922,0.39442761899692824,40.13862990435428,0.00953399714000756,714.0,37.629455005691675,0.34590572316319906,-0.938269274080178,217.0,1
1,mey_2024_inventory,30.107661,78.580426,170.0,638.196045,0.24510203158057298,40.01515777628794,0.008640566533578082,711.0,33.30375990609371,0.03044273642099279,-0.9995365124892647,197.0,1
1,mey_2024_inventory,30.107649,78.5795,171.0,643.002686,0.17249208330429908,39.963498731927736,0.008656858592665713,714.0,27.212644910879337,0.05834201225315361,-0.9982966541095151,154.0,1
1,mey_2024_inventory,30.107552,78.578072,172.0,651.173828,0.0654448014431545,39.87668811360121,0.0038434253228899103,733.0,25.919412816844172,0.4389640839511885,-0.8985046093375892,149.0,1
1,mey_2024_inventory,30.10674,78.576506,173.0,661.98877,0.007667636404078032,39.71724625404527,0.01799035988303111,747.0,26.350768538717045,0.7335121216488125,-0.6796763696011932,109.0,1
1,mey_2024_inventory,30.104357,78.574366,174.0,678.811523,0.1873983676182087,39.487331450790954,0.008824987526139194,753.0,34.689217596147856,0.9102014777290075,-0.4141657517708713,189.0,1
1,mey_2024_inventory,30.101626,78.575145,175.0,697.557129,0.20396802713715206,39.17663149298571,0.010217394852593322,731.0,35.62526611986099,0.9768392859009549,0.21397431976878065,210.0,1
1,mey_2024_inventory,30.10085,78.574686,176.0,703.084717,0.2712826637093916,39.107479922770885,0.006565982777458219,794.0,35.22382472624917,0.9631109740028582,-0.26910453685373975,204.0,1
1,mey_2024_inventory,30.096923,78.575054,177.0,746.583984,0.36432252773506246,38.68186507429264,0.013244832586211083,803.0,27.983029789247496,0.9535826651341417,-0.3011313679370973,163.0,1
1,mey_2024_inventory,30.096585,78.574747,178.0,749.467773,0.40349569693016807,38.654756008257735,0.01619765186481408,811.0,35.847948426250454,0.9965457582448797,-0.08304547985373993,216.0,1
1,mey_2024_inventory,30.095196,78.575952,179.0,768.453857,0.33749674826254855,38.47398810079172,0.008551700094337773,730.0,29.922079368333325,0.42858420687217297,0.9035018415143106,156.0,1
1,mey_2024_inventory,30.093774,78.578883,180.0,786.718506,0.11373582011631733,38.241193266501,0.018998683336067832,823.0,36.24960322348672,0.6910161781600105,0.7228392916279057,161.0,1
1,mey_2024_inventory,30.093505,78.57905,181.0,787.920166,0.10706121296675031,38.208051226815705,0.020822264998579657,823.0,31.782958615432463,0.8177126340591662,0.5756266568705972,152.0,1
1,mey_2024_inventory,30.091395,78.579967,182.0,802.580322,0.09086393327771543,37.95913906725022,0.009813012479432587,858.0,22.071393003902223,0.8960653028462409,0.44392226012566066,109.0,1
1,mey_2024_inventory,30.086176,78.580531,183.0,860.259033,0.16607494059222125,37.359998279410405,0.00443103518297523,929.0,31.02993840350594,0.127443871708231,-0.9918457841640584,179.0,1
1,mey_2024_inventory,30.086297,78.579017,184.0,868.910645,0.07582038381487208,37.24486423922775,0.009482208150569887,921.0,38.04480417011334,-0.28539334173974795,-0.9584104759916908,225.0,1
1,mey_2024_inventory,30.086362,78.578277,185.0,875.15918,0.03116228111398589,37.188941367305596,0.0041959863500692016,897.0,32.06415065362138,-0.37780390808049735,-0.9258856338874165,174.0,1
1,mey_2024_inventory,30.087011,78.575834,186.0,882.609375,0.15662534836694658,37.030373374593374,0.006599988420748968,937.0,25.7270128328975,0.24904103981061848,-0.9684929325968497,140.0,1
1,mey_2024_inventory,30.086104,78.574134,187.0,888.136963,0.16108903530233007,36.83855083845278,0.01166388939295564,954.0,16.539636769973757,0.9989915540104686,-0.04489849680945932,110.0,1
1,mey_2024_inventory,30.081275,78.572254,188.0,921.302246,0.189394900378439,36.396962610888224,0.01068076590881369,1017.0,31.9057414652819,0.09101847563376027,-0.995849203992907,186.0,1
1,mey_2024_inventory,30.080903,78.571886,189.0,923.224854,0.20474702161694228,36.34490372348181,0.016653870219234708,1017.0,27.013654756687313,0.1111491026875896,-0.9938037416772708,152.0,1
1,mey_2024_inventory,30.078837,78.568164,190.0,942.931641,0.25454982698281947,36.0744518005996,0.017391153627365468,1004.0,23.429311229958472,0.9999704155140979,-0.007692080119339194,130.0,1
1,mey_2024_inventory,30.077965,78.565744,191.0,953.746582,0.41453152553340666,35.95332656335891,0.008517989890379739,979.0,27.84839808256487,-0.4037955348485371,-0.9148492586412167,145.0,1
1,mey_2024_inventory,30.080484,78.563131,192.0,954.467529,0.23606862390331831,35.623251706381836,0.012042259849117321,993.0,35.40572125823907,-0.10785766959091436,-0.994166345794514,212.0,1
1,mey_2024_inventory,30.081058,78.556422,193.0,958.552979,0.392050728247149,34.99361871151719,0.007262470622001542,1058.0,35.516013915316385,-0.33159834947184313,-0.9434206562438356,202.0,0
1,mey_2024_inventory,30.080873,78.555454,194.0,956.630371,0.44246658249791077,34.91267238297454,0.010322380812560948,1019.0,32.57012547147068,-0.7879452559311796,-0.6157452993369482,152.0,0
1,mey_2024_inventory,30.080954,78.554753,195.0,958.793457,0.45657356047977127,34.846107081258964,0.002661354984971345,950.0,37.39359636472298,-0.9550215592163522,-0.29653637455119625,219.0,0
1,mey_2024_inventory,30.08204,78.554495,196.0,962.878906,0.3516972068899779,34.78256764527347,0.00800302639514894,988.0,38.51600956671739,-0.8669515451178218,-0.49839243414985884,207.0,0
1,mey_2024_inventory,30.08516,78.55292,197.0,979.942139,0.08295651331600001,34.53849908097433,0.011299946249654238,993.0,27.294688865367096,-0.7945411502711694,-0.607210309963333,123.0,0
1,mey_2024_inventory,30.086687,78.551955,198.0,995.803711,0.018039188825342285,34.374392628717914,0.012885023714859339,1074.0,32.87481808808746,-0.5415393639376983,-0.8406753935413794,163.0,0
1,mey_2024_inventory,30.087466,78.55083,199.0,1002.052246,0.03950680949145808,34.23772963689239,0.01164127682233499,1019.0,24.359555875506427,-0.11043152607484645,-0.9938837346736189,135.0,0
1,mey_2024_inventory,30.089072,78.5492,200.0,1008.060547,0.11650961531482718,34.013664286202996,0.006421049551931423,1044.0,24.416630176663976,0.4992986238791715,-0.8664299649667974,118.0,0
1,mey_2024_inventory,30.08766,78.549439,201.0,1014.549561,0.007914913249641655,34.110742251588114,0.0011551411779738062,1044.0,6.721369339369457,0.9899494936611666,0.14142135623730945,55.0,0
1,mey_2024_inventory,30.0868,78.549283,202.0,1017.193115,0.09802288961306516,34.144634320581346,0.00038923624738565124,1059.0,16.440773400879362,0.7455366744903166,-0.666464602953465,100.0,0
1,mey_2024_inventory,30.086341,78.548799,203.0,1024.162598,0.16515175211123628,34.129189812840615,0.010618752696841783,1083.0,21.482577608066524,-0.1863336511616643,-0.9824865243069562,127.0,0
1,mey_2024_inventory,30.086085,78.548287,204.0,1027.046387,0.21409024338015606,34.10032086641246,0.011344463713967233,1050.0,17.163351354697063,-0.8202447182316005,-0.5720127640299316,112.0,0
1,mey_2024_inventory,30.088101,78.546917,205.0,1020.797852,0.08531109225525776,33.87563079444694,0.011306598621220142,1025.0,36.2792214259171,-0.8037984683534589,-0.5949016912672492,195.0,0
1,mey_2024_inventory,30.088609,78.546659,206.0,1017.673584,0.04871765734293684,33.82631078403263,0.012000046448451481,1080.0,30.064791906264865,-0.6564638014531323,-0.7543575262312311,135.0,0
1,mey_2024_inventory,30.088998,78.54606,207.0,1015.270508,0.039765788219769525,33.754952305089084,0.011150064798255506,1046.0,28.949288246726972,-0.8858315352801553,-0.46400699467055767,156.0,0
1,mey_2024_inventory,30.093119,78.541998,208.0,970.088623,0.16355171374197972,33.19009038986388,0.004288933301679222,957.0,18.438386157242917,-0.9798040587804069,-0.19996001199600136,98.0,0
1,mey_2024_inventory,30.087433,78.538413,209.0,908.084229,0.4133145534777593,32.492917931791084,0.004470811384390097,924.0,16.428860704621638,0.7348034446274879,-0.6782801027330658,76.0,0
1,mey_2024_inventory,30.08187,78.530102,210.0,831.659912,0.3210474448582288,31.48823594098808,0.022494749419757126,905.0,34.40821753463769,-0.06813398303181145,-0.9976761801086668,205.0,0
1,mey_2024_inventory,30.081683,78.5276,211.0,810.991699,0.17259751112357277,31.297580284628697,0.03036471820950488,887.0,27.532631659292466,-0.39005715002261315,-0.9207906492337097,144.0,0
1,mey_2024_inventory,30.081584,78.524776,212.0,787.679932,0.004047490638614686,31.09080946224309,0.029151231084998435,851.0,29.146389580375573,0.4662390767207596,-0.8846587609573386,148.0,0
1,mey_2024_inventory,30.081222,78.524406,213.0,786.237793,0.001119188333867943,31.037489266073322,0.024661394071751278,851.0,38.220166975893584,0.33016187272391495,-0.9439243284286285,223.0,0
1,mey_2024_inventory,30.077719,78.521669,214.0,760.282715,0.04710379838407908,30.57068218645952,0.021628071056512013,799.0,34.25726115128263,0.9543928497662542,-0.2985536606961102,195.0,0
1,mey_2024_inventory,30.076822,78.521095,215.0,754.514648,0.06747628953179252,30.45899907952701,0.01897726400986412,841.0,35.63524161504921,0.8137334712067351,-0.5812381937190962,175.0,0
1,mey_2024_inventory,30.070394,78.517244,216.0,713.178223,0.2329605361739674,29.67470534539632,0.00999165582578546,785.0,35.69379666026943,0.06959826284903868,-0.9975751008362208,215.0,0
1,mey_2024_inventory,30.069769,78.516706,217.0,712.217041,0.2368976696190274,29.58844765388591,0.010399815446484384,716.0,31.110168348130166,-0.022094052963946578,-0.9997558966185828,181.0,0
1,mey_2024_inventory,30.067787,78.510859,218.0,673.524414,0.05829148158675808,29.061737178437596,0.04802882951573728,721.0,30.54100504384607,0.7965974561732012,-0.6045101263158335,175.0,0
1,mey_2024_inventory,30.067343,78.510492,219.0,670.159668,0.05436551611502925,29.001388733506882,0.050276132443013884,730.0,38.80710927120901,0.9906017737963176,-0.1367776507752238,239.0,0
1,mey_2024_inventory,30.064391,78.510286,220.0,643.002686,0.1947945789222012,28.87449168555354,0.028183318637787818,690.0,44.58421357738302,0.9977097021176764,-0.06764133573679161,295.0,0
1,mey_2024_inventory,30.063828,78.51046,221.0,639.638184,0.2585937989346097,28.87449168555354,0.04031845509144246,688.0,46.472961294906625,0.9941887446177476,-0.10765101056370519,314.0,0
1,mey_2024_inventory,30.058462,78.509588,222.0,586.765869,0.8508498517331359,28.87449168555354,0.009098169754309672,603.0,31.381669757561323,-0.20766267543830716,-0.9782004974593932,179.0,0
1,mey_2024_inventory,30.059002,78.508614,223.0,578.114258,0.8024399835628996,28.87449168555354,0.009651344708662014,577.0,32.139882283212145,-0.37139067635410383,-0.9284766908852593,175.0,0
1,mey_2024_inventory,30.05918,78.507695,224.0,573.78833,0.8038355872661193,28.87449168555354,0.007048268531755364,637.0,32.473228278260756,-0.3875886393630845,-0.9218324395662548,176.0,0
1,mey_2024_inventory,30.061451,78.503376,225.0,540.623047,0.7641900343624629,28.553951515527764,0.012260951527521791,537.0,29.70798969171314,-0.8646252319987393,-0.5024173645398079,148.0,0
1,mey_2024_inventory,30.06256,78.50198,226.0,524.761475,0.7204269042093833,28.37741387632829,0.014252222126680699,514.0,34.35403406736099,-0.7851323570416148,-0.619328008349597,161.0,0
1,mey_2024_inventory,30.064545,78.500147,227.0,504.573853,0.5487739475099691,27.59143677094455,0.018761678435439882,469.0,32.490306531189724,-0.9840369744696017,-0.17796413368067274,188.0,0
1,mey_2024_inventory,30.065193,78.500396,228.0,500.247925,0.4899059013020752,27.638792901870705,0.014066181863607542,453.0,26.67924362098057,-0.9950371902099892,0.09950371902099903,150.0,0
1,mey_2024_inventory,30.067692,78.499954,229.0,476.936279,0.21601414006650863,27.69489375225576,0.014152201932770277,408.0,19.96854428942183,-0.9999579186567449,0.009173925859236256,122.0,0
1,mey_2024_inventory,30.069092,78.50055,230.0,471.648926,0.09076987662432523,27.802443100764194,0.01321153956277882,407.0,16.532739960089494,-0.9769732191161196,0.21336196739317567,136.0,0
1,mey_2024_inventory,30.076645,78.49682,231.0,444.011353,0.8170615062884292,27.75598202828534,0.006322038604450729,436.0,22.874903636798493,0.09480909262799554,-0.9954954725939522,126.0,0
1,mey_2024_inventory,30.075264,78.493746,232.0,452.663086,0.7766101722624684,27.42557087365503,0.008655106129725223,487.0,31.57526564931597,0.9436891257733615,-0.33083354409296023,191.0,0
1,mey_2024_inventory,30.072741,78.491631,233.0,471.408569,0.5856931532707681,27.137828430472325,0.025961317098627968,553.0,38.73266575401221,0.8519435688025957,-0.5236336081420834,205.0,0
1,mey_2024_inventory,30.064815,78.48842,234.0,483.184692,0.15623286282094215,26.627954081760713,0.005826457936975664,492.0,31.683173871046225,0.9613198840647804,-0.2754343488050775,178.0,0
1,mey_2024_inventory,30.064078,78.487538,235.0,488.712158,0.25429575970424356,26.562936104632755,0.012343067081257963,496.0,30.925092865714422,0.8346094065617252,-0.5508422083307387,150.0,0
1,mey_2024_inventory,30.060351,78.481993,236.0,532.692261,0.7729974206942779,26.132285779466187,0.032825095378171965,501.0,33.14186745686741,-0.8934038269324427,-0.44925449582888544,175.0,0
1,mey_2024_inventory,30.061441,78.481788,237.0,533.413208,0.6596907964827773,26.086710129205343,0.002334453605486422,544.0,27.173431902340702,-0.9480319610818075,-0.3181751102260862,146.0,0
1,mey_2024_inventory,30.064948,78.481274,238.0,540.382813,0.29207489577958806,25.95374274094819,0.011870905248556255,530.0,32.54887824346388,-0.9348182585930467,-0.35512648929791707,179.0,0
1,mey_2024_inventory,30.066133,78.480239,239.0,542.30542,0.18596217946901844,25.82793678810923,0.015392930391021572,525.0,35.5290096978693,-0.8962866583966972,-0.44347516951919896,192.0,0
1,mey_2024_inventory,30.06741,78.47889,240.0,534.374512,0.07652189399811857,25.670424642087884,0.008040334078801526,506.0,39.50327749705093,-0.5013549939136807,-0.8652416830445776,214.0,0
1,mey_2024_inventory,30.069215,78.475967,241.0,513.466064,0.05680963272399951,25.352363552058858,0.015555032553617235,551.0,17.71034144174413,-0.5949778924679509,-0.8037420652637235,101.0,0
1,mey_2024_inventory,30.069563,78.474303,242.0,502.170532,0.059386565341410444,25.18771122542249,0.009627874986211935,532.0,18.86838370797213,-0.35112344158839176,-0.9363291775690444,96.0,0
1,mey_2024_inventory,30.068618,78.462661,243.0,466.602051,0.21534853566839143,24.10030116343916,0.004988868163609366,516.0,26.106949228237884,-0.013604183113183392,-0.9999074588189764,147.0,0
1,mey_2024_inventory,30.068421,78.461237,244.0,471.648926,0.2576694133251635,23.968172489207213,0.010076075974489125,529.0,30.117428705869603,0.01723881725084495,-0.9998514005489976,174.0,0
1,mey_2024_inventory,30.068593,78.458979,245.0,482.704102,0.27183705309405926,23.750532897579845,0.008137954363708556,510.0,25.698036273067697,-0.21472964101727504,-0.9766735284979275,141.0,0
1,mey_2024_inventory,30.069762,78.455797,246.0,477.657227,0.1905289353076144,23.42828650281892,0.012177619246066595,493.0,9.982109961795908,-0.4166547104932134,-0.9090648228942844,48.0,0
1,mey_2024_inventory,30.070527,78.452476,247.0,449.538818,0.15540486633084774,23.099598136676054,0.0071488831013225606,459.0,15.004754820817075,-0.1865406170087345,-0.9824472495793353,79.0,0
1,mey_2024_inventory,30.078059,78.441304,248.0,468.044067,0.30754814044580225,21.823874376166565,0.013248065531738368,474.0,23.001208325803734,-0.25912856608734997,-0.9658428372346682,123.0,0
1,mey_2024_inventory,30.078051,78.441077,249.0,469.005371,0.326202806368665,21.81247802761831,0.0027588300548465777,474.0,23.001208325803734,-0.25912856608734997,-0.9658428372346682,123.0,0
1,mey_2024_inventory,30.078332,78.440612,250.0,471.648926,0.34615169311080124,21.761788516329617,0.010909586194495254,476.0,23.701541177161268,-0.39483549818315533,-0.9187518323108039,121.0,0
1,mey_2024_inventory,30.079311,78.440117,251.0,477.176514,0.3256325240423611,21.64531509880838,0.006251417075008456,513.0,19.900287095952244,-0.5985256885300932,-0.8011036138787403,105.0,0
1,mey_2024_inventory,30.079989,78.436989,252.0,472.610229,0.5342783263489557,21.415798557724347,0.013549032771754793,445.0,23.142261137562112,-0.7486987677964653,-0.6629103673197867,96.0,0
1,mey_2024_inventory,30.081465,78.436203,253.0,459.872803,0.5065195907263137,21.23807396858981,0.014077360744959811,442.0,20.07880037349212,-0.9848752255891149,-0.1732650859832703,108.0,0
1,mey_2024_inventory,30.082058,78.435853,254.0,455.546997,0.49810493764849945,21.16484243430644,0.014385018343283052,455.0,20.713546038944354,-0.9961071169572433,-0.08815107229710113,113.0,0
1,mey_2024_inventory,30.08394,78.435991,255.0,439.204712,0.3714776501774474,20.999169340470935,0.0014965697563595424,436.0,24.13335003047398,-0.9523377212651976,-0.3050456763427585,128.0,0
1,mey_2024_inventory,30.085064,78.435291,256.0,430.552979,0.35845614745523724,20.858407124457795,0.009722007127939665,412.0,27.474431626277134,-1.0,6.123233995736766e-17,162.0,0
1,mey_2024_inventory,30.085602,78.435079,257.0,426.707642,0.3423773561954779,20.797608163963652,0.0016683194021333255,412.0,15.36952380130432,-0.9701425001453319,0.24253562503633289,97.0,0
1,mey_2024_inventory,30.091611,78.434877,258.0,419.497803,0.0010888052099176958,20.231153163048038,0.008487597404639224,389.0,5.345665420870726,-0.997458699830735,-0.07124704998790975,129.0,0
1,mey_2024_inventory,30.09703,78.434515,259.0,428.870728,0.0681237688903117,19.63469624486329,0.004491237913144615,386.0,16.875260459543124,-0.9999396262866598,0.010988347541611656,144.0,0
1,mey_2024_inventory,30.101186,78.435691,260.0,423.102783,0.020133446436326453,19.16972601879025,0.008996060852498407,385.0,10.475809742770734,-0.8833490206949295,0.4687158068993503,71.0,0
1,mey_2024_inventory,30.105413,78.437135,261.0,421.42041,0.13371820923742084,18.695528359569327,0.015086146126851985,391.0,13.006528710207975,-0.7071067811865476,0.7071067811865476,66.0,0
1,mey_2024_inventory,30.105716,78.437169,262.0,421.901123,0.13518160617695363,18.661896911495695,0.01985456811275923,391.0,10.227923672346,-0.9052369440730288,0.4249071370138705,66.0,0
1,mey_2024_inventory,30.106313,78.437692,263.0,422.62207,0.1818795361216619,18.5932711433777,0.004295373816837008,404.0,16.548498905745785,-0.6843142041691718,0.729187266737642,65.0,0
1,mey_2024_inventory,30.109757,78.440407,264.0,432.715942,0.4222455438651997,18.19894448184902,0.006071706508794616,419.0,26.665582493525097,-0.9757162520935706,-0.21903834230672004,147.0,0
1,mey_2024_inventory,30.111406,78.439991,265.0,434.878784,0.3724605946008178,18.019026893322,0.0111972528271554,449.0,24.941663648724642,-0.8242509964366971,-0.5662245975521656,119.0,0
1,mey_2024_inventory,30.112878,78.438793,266.0,435.599731,0.24859255286693763,17.862702765802094,0.009157219972834856,437.0,29.04550453825424,-0.6542447333039448,-0.7562829027183214,126.0,0
1,mey_2024_inventory,30.113519,78.437758,267.0,435.840088,0.1453319571308475,17.797288191451027,0.007875995982340843,467.0,23.402077887495178,-0.7625091353727916,-0.6469774481950957,123.0,0
1,mey_2024_inventory,30.113759,78.437049,268.0,435.359497,0.07578097097536078,17.774461048800916,0.009333108931533359,439.0,18.29764150752282,-0.7963564013274265,-0.6048276465777924,111.0,0
1,mey_2024_inventory,30.114689,78.431377,269.0,450.980713,0.3209444247136845,17.385912546731127,0.010088471143262086,470.0,28.386379696379503,0.11719913206734787,-0.9931084348864732,161.0,0
1,mey_2024_inventory,30.11474,78.430466,270.0,456.508301,0.384320753016993,17.325091332033487,0.01161929136489238,469.0,29.59015039527457,0.0645708492769089,-0.9979131251885901,170.0,0
1,mey_2024_inventory,30.121709,78.423802,271.0,491.596069,0.3777423593981591,16.322627366182008,0.008263369680900311,478.0,30.55300636733357,-0.9486832980505139,-0.31622776601683783,168.0,0
1,mey_2024_inventory,30.122879,78.423545,272.0,494.480103,0.31324563901606955,16.207785275872432,0.010892513713929547,531.0,32.67876473665879,-0.7690724741526539,-0.6391615832484893,159.0,0
1,mey_2024_inventory,30.123359,78.422674,273.0,495.681763,0.3430991710577489,16.113181914076886,0.006482910721442521,525.0,35.98170523677158,-0.8631120912628565,-0.5050123938240115,188.0,0
1,mey_2024_inventory,30.123965,78.42219,274.0,494.960815,0.33550390192409846,16.031933740355544,0.0085083496224456,465.0,35.18979213593799,-0.9643261479171182,-0.26471698178116965,204.0,0
1,mey_2024_inventory,30.124769,78.421994,275.0,491.596069,0.2926097358077793,15.951813529572213,0.0012507642623335832,487.0,33.48550535688291,-0.9926606382953194,-0.12093327573140938,197.0,0
1,mey_2024_inventory,30.128971,78.420768,276.0,480.541138,0.07140548215520959,15.479607015078109,0.007707902017723967,445.0,22.51274686884279,-0.8524856460542563,-0.5227506320144025,108.0,0
1,mey_2024_inventory,30.130595,78.41943,277.0,469.966675,0.05269036423685819,15.296791003987687,0.02084721079286381,464.0,38.379777149717675,-0.698639338313388,-0.7154740211643128,199.0,0
1,mey_2024_inventory,30.130824,78.419107,278.0,469.485962,0.06572758232677733,15.258881163609221,0.029882285907270663,406.0,33.82470817998619,-0.6367528802394277,-0.771067940914932,156.0,0
1,mey_2024_inventory,30.131706,78.418169,279.0,463.958496,0.12610555343936544,15.140508562648918,0.03411050076797047,482.0,41.5263157314323,-0.7490684051784182,-0.6624926598562894,199.0,0
1,mey_2024_inventory,30.132504,78.416934,280.0,458.671143,0.16790179196942792,14.998520509500757,0.02048033024385166,498.0,43.54246646373807,-0.6839411288813299,-0.729537204140085,222.0,0
1,mey_2024_inventory,30.132912,78.416522,281.0,456.508301,0.19655926975445273,14.94574129351147,0.023065901908337287,445.0,43.25260069798031,-0.6129589687993152,-0.7901147401285968,223.0,0
1,mey_2024_inventory,30.133548,78.415547,282.0,452.182373,0.23017896789522918,14.83341645804155,0.028936880862941886,458.0,40.51166614390186,-0.7685409561490145,-0.6398005929362355,208.0,0
1,mey_2024_inventory,30.133932,78.415171,283.0,450.500122,0.2575414577600541,14.784804350169253,0.027271002740241405,458.0,42.95435915583931,-0.7053143771795471,-0.7088946532058394,214.0,0
1,mey_2024_inventory,30.134426,78.414379,284.0,449.058105,0.2825027415702011,14.694425661098304,0.027298039588369377,479.0,38.45123724416044,-0.7934036193582678,-0.6086958984494647,220.0,0
1,mey_2024_inventory,30.13697,78.40993,285.0,433.677124,0.3987473688862457,14.195547166733856,0.020395898303552335,427.0,34.240330635959324,-0.4015894355990156,-0.9158198104514141,187.0,0
1,mey_2024_inventory,30.137894,78.406676,286.0,420.459106,0.3865617431722103,13.866417954346602,0.012887374423043704,445.0,35.96964351618836,-0.2801763685950192,-0.9599485415796557,209.0,0
1,mey_2024_inventory,30.137383,78.389965,287.0,410.605591,0.4510566596990095,12.61735454337632,0.004843780199645655,398.0,18.748631539492425,-0.6186885978090476,-0.785636314678156,87.0,0
1,mey_2024_inventory,30.13582,78.387665,288.0,411.086304,0.6101200655579385,12.385953358305237,0.004458798155197746,431.0,25.297307279995994,0.9803084847091441,0.19747221274716567,139.0,0
1,mey_2024_inventory,30.13529,78.387305,289.0,415.652588,0.6255243150914787,12.319642805818333,0.004166192465273053,499.0,24.44044819284794,0.858139411304141,-0.5134167418058964,117.0,0
1,mey_2024_inventory,30.134806,78.387974,290.0,423.82373,0.5480333019286967,12.287970638844868,0.006656263135992283,418.0,15.886617531931096,0.9486832980505138,0.31622776601683794,81.0,0
1,mey_2024_inventory,30.133265,78.386163,291.0,437.282104,0.6629558009122206,12.073045017927825,0.005965309442045421,442.0,10.226214981308424,-0.9608235911808946,-0.27716065130218104,66.0,0
1,mey_2024_inventory,30.128633,78.388456,292.0,464.679443,0.29845271482995395,11.650972320122937,0.00415511898398922,441.0,30.152290503567215,0.4992256103964746,0.8664720364352605,154.0,0
1,mey_2024_inventory,30.128275,78.389083,293.0,466.602051,0.2290073023268687,11.631371204625587,0.008132435557262995,497.0,29.666271789520238,0.46815657247348885,0.8836455305437102,151.0,0
1,mey_2024_inventory,30.123685,78.390094,294.0,467.803711,0.11091664862946517,11.25295207255445,0.009092279904815294,485.0,37.44083926346394,0.9272709030184076,-0.37439106882433354,213.0,0
1,mey_2024_inventory,30.122712,78.382677,295.0,457.950195,0.08510767754160334,10.53167059111521,0.005928715460456094,517.0,37.00082613988239,-0.09731370082245862,-0.9952537584115103,225.0,0
1,mey_2024_inventory,30.122565,78.38003,296.0,457.709961,0.05413421309251869,10.278339108273482,0.005568347043038529,466.0,24.359555875506427,0.6846754616640484,-0.7288480720939873,139.0,0
1,mey_2024_inventory,30.121849,78.379623,297.0,457.469604,0.12472964954645796,10.225254071821828,0.013781446567725569,517.0,36.45858031449723,0.8707308402796616,-0.49175990461390234,219.0,0
1,mey_2024_inventory,30.120977,78.378385,298.0,455.306641,0.19753976228289333,10.090399057588982,0.005458037173914281,524.0,33.558975893192546,0.4472135954999581,-0.8944271909999159,178.0,0
1,mey_2024_inventory,30.12081,78.378033,299.0,455.306641,0.2094458368166948,10.053705440979817,0.0016040446731572884,477.0,37.03070246150039,0.5567378629374098,-0.8306882399383573,219.0,0
1,mey_2024_inventory,30.11919,78.376439,300.0,456.027588,0.3572336974773082,9.869936389687393,0.00984263601514832,517.0,24.952351890369286,0.47281770481459673,-0.8811602680635667,123.0,0
1,mey_2024_inventory,30.118827,78.375181,301.0,448.337158,0.37437135670336413,9.743564511907278,0.008840378777154795,464.0,33.58161847018433,0.266089874363204,-0.9639482241082112,192.0,0
1,mey_2024_inventory,30.118694,78.373761,302.0,438.003052,0.3636394362814229,9.606559707894398,0.00749497303280171,487.0,33.44025753518539,0.1766640627937741,-0.9842712069938842,195.0,0
1,mey_2024_inventory,30.118176,78.373162,303.0,433.91748,0.4093109237995313,9.539352314742171,0.0027148813934950063,438.0,31.029549872277435,-0.07203459855591855,-0.9974021338511803,180.0,0
1,mey_2024_inventory,30.119253,78.369072,304.0,409.884644,0.21971990555436985,9.174499651635667,0.01189340258210135,448.0,26.95059932805789,-0.46547620709599635,-0.8850603937740775,135.0,0
1,mey_2024_inventory,30.122372,78.363527,305.0,406.279785,0.00891933643632166,8.624479990642554,0.006151081468505202,407.0,33.17191774046492,-0.4895347567076387,-0.8719837853854812,171.0,0
1,mey_2024_inventory,30.122633,78.363086,306.0,406.520142,0.01020739668569635,8.573178253556273,0.012433054271263044,415.0,31.43938081773377,-0.7960571147027671,-0.6052215050137474,146.0,0
1,mey_2024_inventory,30.123285,78.362437,307.0,407.481445,0.011965570999685503,8.48041129933947,0.014206142178541884,354.0,27.938586956572966,-0.703957131752578,-0.7102424632860834,114.0,0
1,mey_2024_inventory,30.131628,78.34955,308.0,410.605591,0.03865262042560751,6.93510777381499,0.012756421018272365,409.0,21.045720884075834,-0.5804184296444412,-0.8143183938295149,94.0,0
1,mey_2024_inventory,30.135725,78.342823,309.0,412.047729,0.029400619031603452,6.145093858398507,0.004363192407686025,421.0,29.08619467351647,-0.7010891757230162,-0.713073606077256,130.0,0
0,road_background,30.301807059042055,79.02883853786871,,,0.018424133677923036,96.91960567318145,0.011662595102579934,686.0,26.70148181828984,-0.6627168629785165,0.7488700551657238,113.0,3
0,road_background,30.23713919175593,78.84841419166641,,,0.10408953167344472,76.66078242006472,0.005088320901735836,641.0,25.21120148806798,-0.8142115807765141,0.5805682575971666,129.0,2
0,road_background,30.221011255060528,78.79434320381581,,,0.20116342598588746,70.79637440367225,0.011429203532830374,573.0,10.836880118276644,0.5746304214759497,0.8184130245263527,56.0,2
0,road_background,30.411647674483078,79.39824423397863,,,0.13304699061454525,145.91451572202112,0.008996060852751078,1110.0,13.977381126078352,-0.13391789600139503,0.9909924304103234,94.0,5
0,road_background,30.295095037481214,79.06897946355784,,,0.2974057110654037,101.18992584497542,0.006970332146085216,712.0,32.608301483183716,0.7451050227016035,0.6669471531874493,143.0,3
0,road_background,30.27054277074142,79.16569871365876,,,0.2155502604968368,112.4598889015901,0.001199143698462608,800.0,20.136303428248137,0.6,-0.8,140.0,3
0,road_background,30.466979045442276,79.43982079983034,,,0.6257104112264524,154.55983056684704,0.008508349622693569,1296.0,37.254202593720805,-0.2805048700392878,0.9598526021656879,219.0,5
0,road_background,30.29962842891573,79.11073232360548,,,0.24834471979847314,105.20739110507486,0.011255399792055469,793.0,16.37312757832462,-0.05672669004870719,0.9983897448572465,88.0,3
0,road_background,30.286334697006264,79.12756403068856,,,0.33503316936561417,107.32775881121408,0.014077360745227713,775.0,27.14936762681661,0.2730036855746331,0.9620129872629927,148.0,3
0,road_background,30.270928745083793,78.95506481298783,,,0.03187556327335745,88.62696446405361,0.006421049552061757,646.0,23.407032879798102,-0.40041484565560914,0.9163339737118747,120.0,3
0,road_background,30.299101186927885,79.09563421041388,,,0.061285096890287154,103.76553365846613,0.015989888965426483,749.0,17.171816644135404,-0.39912051323117637,0.9168984763418916,87.0,3
0,road_background,30.244028941629793,78.8986404569354,,,0.3040652276018743,82.15624626977682,0.006835651782099988,654.0,36.29020858856367,0.9759729676228058,0.217891639283231,215.0,2
0,road_background,30.303735795983915,79.03123452265937,,,0.07576755065985448,97.21921036367158,0.004431035183225535,665.0,21.01975837361007,-0.6939750171322034,0.7199990802746612,133.0,3
0,road_background,30.087903614601842,78.58351566227826,,,0.18094718719046834,37.62298655937169,0.008655106129778455,824.0,32.73772148929858,0.6221626544931833,0.7828880069039222,157.0,1
0,road_background,30.28837361821322,79.15134260209682,,,0.19379005707975847,109.66315680911126,0.006999838762870553,805.0,9.368915578454837,-0.9899494936611666,-0.14142135623730953,49.0,3
0,road_background,30.29911416389979,79.10892570779723,,,0.17627016023098627,105.03929032767337,0.005871649334410302,789.0,17.182156042983834,-0.7438299368905008,0.6683689288001602,69.0,3
0,road_background,30.0907464290973,78.53861983646723,,,0.15807951964661857,32.75651768114019,0.011509112901052203,954.0,30.75728731854748,0.8793896872258177,-0.4761026969056977,157.0,0
0,road_background,30.239117929870336,78.71888069112049,,,0.6543205986554508,62.20412653975799,0.01911120130907999,574.0,20.729004095190454,-0.5196674952922349,-0.8543685939550301,97.0,1
0,road_background,30.267220660599214,78.94607774921653,,,0.14817207859497603,87.66947758387387,0.024473341042894652,683.0,20.85210504322528,-0.14876836472853924,0.9888720714308784,113.0,3
0,road_background,30.297283731865946,79.06686739668181,,,0.046662422175435064,100.99757372713192,0.010909586194088584,728.0,23.84858524117841,0.9199232646405501,0.39209844066646393,122.0,3
0,road_background,30.28828792275251,79.14666288814803,,,0.27862271434508395,109.2208267752115,0.006656263135908622,773.0,8.415800049152013,-0.38301502270043297,0.9237421135716325,41.0,3
0,road_background,30.257952138836018,78.93104699664799,,,0.08999041256461716,85.92090925649896,0.007825018290628132,699.0,17.848952640408505,-0.8902481629773389,0.4554758043139872,102.0,2
0,road_background,30.26483279351296,79.21237818062676,,,0.2730909733517057,116.81776754683445,0.006599988420700965,806.0,30.739107852105185,0.7959461193819312,0.6053674710792153,142.0,4
0,road_background,30.29955840760959,79.10451391519501,,,0.18750583482795408,104.61209368199066,0.02729264726518485,783.0,25.69696207547396,0.18010446957699935,0.9836474876897656,142.0,3
0,road_background,30.33090831767205,79.31401404982131,,,0.05320644358246328,130.93619328929825,0.027298039588341663,865.0,22.950297828167606,-0.02361545943660704,0.999721116149698,127.0,4
0,road_background,30.298579725347302,79.09387452632366,,,0.011181111927116039,103.6020015665064,0.05027613244270032,722.0,14.592550602033423,-0.768221279597376,0.6401843996644798,63.0,3
0,road_background,30.464642530690302,79.44471110195543,,,0.19127745589067877,154.81131688130017,0.013048917183410468,1394.0,20.499194908104997,0.8559155419457904,-0.5171156399255817,122.0,5
0,road_background,30.46775159520274,79.45959983325073,,,0.031034837787504117,156.32436534784935,0.012177619245930048,1510.0,24.90955644123103,-0.6962579294579282,0.7177916798535343,118.0,5
0,road_background,30.511418109625822,79.49143362972579,,,0.1497496789687613,162.33996866401066,0.016197651864519182,1400.0,45.74297631045953,-0.9289240134531209,0.3702704109568384,286.0,5
0,road_background,30.329281670819356,79.32089693616159,,,0.7366666787223718,130.9982867761585,0.004717076253333939,948.0,20.216438492245917,-0.887068553494562,-0.46163771661451725,98.0,4
0,road_background,30.22193701800291,78.81189980557052,,,0.1587613837278426,72.62401892521358,0.0012507642622758802,566.0,5.267518906840194,-0.9761870601839527,0.2169304578186562,30.0,2
0,road_background,30.218018782335776,78.80101674434243,,,0.024283121247778754,71.4826746208037,0.0041959863498017445,561.0,9.397042147928053,0.3222637978043043,0.946649906050144,47.0,2
0,road_background,30.267667216367798,79.18885976213774,,,0.04066501942615164,114.54847894197772,0.004843780199428606,827.0,21.869859308909426,0.5314910710639358,0.8470638945081477,113.0,4
0,road_background,30.2173470873978,78.76649017507644,,,0.16807633088304982,67.98483591632059,0.012343067081238234,536.0,4.717897526680161,-0.6866235329637165,0.7270131525498175,29.0,2
0,road_background,30.17105560095411,78.61880290689268,,,0.06700830227592731,48.692856796317784,0.010399815445941022,594.0,29.421439641486938,0.9988814705157655,-0.04728432996524342,169.0,1
0,road_background,30.307669993684126,79.04054835799322,,,0.08575092241044632,98.21535835431752,0.011009846481342527,743.0,14.15548761586253,-0.13216372009101796,0.9912279006826347,75.0,3
0,road_background,30.285151205862228,78.98213407020751,,,0.3428497713348898,91.61406760299958,0.015086146127037996,678.0,8.089084126141794,0.773957299203321,0.6332377902572627,41.0,3
0,road_background,30.294155480583477,79.08086838688173,,,0.45166656100500924,102.32820509207264,0.012885023714797801,664.0,27.46382764497307,0.10902364937958992,0.9940391561080258,175.0,3
0,road_background,30.127043970285882,78.35741229718683,,,0.0678306736673059,7.845274077368762,0.014206142178404286,422.0,26.183762569965275,-0.7592566023652966,-0.6507913734559686,144.0,0
0,road_background,30.134269057656063,78.34506209060042,,,0.024192158247907564,6.41399740457722,0.011662595102619508,468.0,32.53469816945699,-0.5486564414868224,-0.8360479108370626,160.0,0
0,road_background,30.240938341085794,78.85037688371548,,,0.4118142161270105,77.00348442140249,0.006645964982208398,650.0,18.76291982466018,-0.6770565308208834,0.7359310117618296,127.0,2
0,road_background,30.282054522046,79.16720555793373,,,0.40903980249030947,111.34132498453994,0.02249474942005904,821.0,11.542945380584484,0.8976676105617704,0.44067319063941457,69.0,3
0,road_background,30.292659109436013,79.29780074448364,,,0.16339956345493667,126.2834392147976,0.00726247062196456,914.0,28.1914744499293,-0.8022332212740244,0.5970107693202042,136.0,4
0,road_background,30.41920516309552,79.43035839782702,,,0.05722755615619487,149.10906020270048,0.021324622692624036,1281.0,17.500735174402635,0.2325732132217078,-0.9725788916544149,93.0,5
0,road_background,30.300016558143938,79.09924942013531,,,0.19298811177126168,104.10303576855026,0.040044845690417954,762.0,9.808569941758451,-0.8290721288256765,0.5591416682777818,44.0,3
0,road_background,30.286838980423443,79.1258702545,,,0.3830335481464919,107.16232831283835,0.007707902017914677,762.0,24.787304477700538,0.3825642979791258,0.9239288705910962,128.0,3
0,road_background,30.22668030081724,78.72982378506757,,,0.01387555811025951,63.80301690605154,0.006374377180841566,584.0,18.019876662943393,-0.7172793808592269,-0.6967856842632489,86.0,2
0,road_background,30.266559112227384,79.20946001711009,,,0.3894782304937179,116.49880760010075,0.012433054271314952,797.0,30.1141438089707,0.8850428551402573,0.4655095536776679,154.0,4
0,road_background,30.33532122947299,79.32030776316915,,,0.4509047579045941,131.6045335387063,0.012645543518739982,940.0,35.680640266678104,-0.8077312022424055,-0.5895509349700314,174.0,4
0,road_background,30.080088278510242,78.55948352141947,,,0.3946318970169434,35.30710173968914,0.007518867579854506,964.0,18.845848864047166,-0.849640166198119,-0.527362861778143,109.0,1
0,road_background,30.23236128028315,78.70599846007359,,,0.48067090996072076,61.304748513181316,0.0011991436980892244,550.0,10.176527410054076,0.37139067635410383,-0.9284766908852593,50.0,1
0,road_background,30.374462622079868,79.3136510233327,,,0.5502358540839783,135.7157067575558,0.02889525593322671,944.0,20.912556772082947,-0.4012764050067337,0.915957011428414,105.0,4
0,road_background,30.21018926566287,78.66439760454078,,,0.07835528788532582,55.44075960427806,0.011619291364989666,613.0,30.64313744612866,0.9509099442264483,-0.30946773332813393,169.0,1
0,road_background,30.222764420237294,78.73511163246432,,,0.010449618615859487,64.47111700111829,0.007382659209929673,591.0,29.527298140946144,-0.6297059867572369,-0.7768335537565911,132.0,2
0,road_background,30.29756894443595,79.05988001442354,,,0.302299477740947,100.40186130927017,0.010886305604421184,685.0,28.169778133324026,-0.47928818459249034,0.8776575847732616,141.0,3
0,road_background,30.223114750774887,78.78486189365704,,,0.28692297562444674,69.85879448337963,0.0028457767971944866,560.0,5.281194576213676,-0.4327310675847713,0.9015230574682735,25.0,2
0,road_background,30.486987381680102,79.48429159111946,,,0.18421989615054207,159.6727449222806,0.011344463713950289,1411.0,24.100772808536725,-0.2757051430968216,0.9612422556618915,225.0,5
0,road_background,30.245690800083874,78.87491277458223,,,0.3709532443074752,79.30253604528149,0.011757476044983315,656.0,14.757484017211679,-0.6200544928143392,-0.7845587460099802,62.0,2
0,road_background,30.182429573529813,78.62377740933823,,,0.41050670741505296,49.99395023696907,0.004295373817178591,585.0,26.360054096082706,0.8341142645554276,-0.551591691076976,124.0,1
0,road_background,30.332998599950155,79.31994156291009,,,0.5073339063615893,131.3515214255874,0.0011441585894435193,872.0,13.345539960463993,-0.9554746911816385,0.29507306639432956,68.0,4
0,road_background,30.29727632842379,79.05747185467344,,,0.43474441412790316,100.2089921538845,0.007739516329219428,696.0,16.86660973020661,-0.2528694266529967,0.9675004150201615,88.0,3
0,road_background,30.117355934389515,78.42475562286984,,,0.6178954064051883,16.749746269365875,0.009333108931871833,466.0,33.110392322486426,-0.812696104858744,-0.5826877732949486,167.0,0
0,road_background,30.291984457563057,79.30092702668942,,,0.2918813541553777,126.56548264955335,0.007741681686273565,929.0,11.293084909113311,0.5508422083307386,0.8346094065617252,63.0,4
0,road_background,30.29981271464701,79.09687619646989,,,0.15026172368785493,103.87758249077343,0.009627874986217535,741.0,17.111505494414363,-0.3356504070898789,0.9419866263490149,89.0,3
0,road_background,30.23590008879304,78.7239512304939,,,0.5866677266249035,62.80418300660913,0.010892513713696666,577.0,10.999158271052183,-0.9260923597695477,-0.37729688731351957,54.0,1
0,road_background,30.53051324765253,79.52775402901187,,,0.5798236962350712,166.5017854101663,0.010434872441984171,1663.0,35.48732718757373,-0.8789654271279453,-0.4768854976970768,188.0,5
0,road_background,30.465748890694456,79.4576407126616,,,0.021532387921151686,156.04318415547866,0.002661354984772435,1539.0,21.112587101545785,-0.889187463311209,0.45754306364557357,103.0,5
0,road_background,30.364880648001794,79.31427705305897,,,0.2338054760862457,134.70275211003934,0.010068217734969178,976.0,21.106846658709145,-0.5958469241734656,-0.8030980282338017,101.0,4
0,road_background,30.30157871791314,78.99855237207429,,,0.4237699183592208,93.90425144269913,0.01324806553153315,747.0,31.298928584144374,-0.06579121391419583,0.9978334110319701,182.0,3
0,road_background,30.280501786230236,79.16774034880824,,,0.3903175276201905,111.51958234736199,0.011344463714154285,824.0,14.226475237339907,0.8808929232684738,0.47331560056216493,67.0,3
0,road_background,30.469540556408255,79.45987011526148,,,0.05910421472630504,156.50235732344368,0.010184675877129576,1494.0,31.14261464116045,-0.9984772801496671,-0.05516449061600377,181.0,5
0,road_background,30.23487118008401,78.84527715904983,,,0.0030856629108492782,76.28326403028314,0.006198837694871424,605.0,20.11562777957256,-0.7553887142830487,0.6552769569684277,83.0,2
0,road_background,30.0751121,78.5177013844189,,,0.06454000143351286,30.10551898967091,0.019111201308987802,784.0,7.512076772797271,-0.9605642644145614,0.2780580765410572,129.0,0
0,road_background,30.528902244905197,79.51801593691269,,,0.024027832146717422,165.77083655368503,0.004288933301958392,1583.0,23.515653474755005,-0.15320835777452363,0.9881939076456774,129.0,5
0,road_background,30.531959779146565,79.51602323883601,,,0.23003991284237962,165.47670215816413,0.008231302200112128,1353.0,37.142443504799296,-0.46647176753750164,0.884536087500357,211.0,5
0,road_background,30.269974807669882,78.95402655927337,,,0.0065671280300326935,88.48390416666436,0.008624859104016067,669.0,28.78589227175479,-0.7280218587800071,0.68555391701784,120.0,3
0,road_background,30.27885586911989,79.16778633099904,,,0.3242252606471428,111.68921076748404,0.013244832586024005,841.0,25.12407922044245,0.9667052278615119,-0.2558925603162826,136.0,3
0,road_background,30.23196929061356,78.72506438199017,,,0.2620269145524301,63.11239772559622,0.0014474163624302416,572.0,9.862044855328453,-0.5368754921931594,-0.8436614877321074,55.0,2
0,road_background,30.300708697919877,79.00921480429602,,,0.33289340565684494,94.93069807033355,0.01216549748550136,710.0,8.415800049152015,0.24783324998263312,0.9688027044775658,43.0,3
0,road_background,30.13602782760989,78.33196360366645,,,0.4262483343835405,5.203578937361084,0.018998683336497256,470.0,17.461195830556107,0.22253705317022812,-0.9749242329362375,135.0,0
0,road_background,30.220912874730363,78.77054765882468,,,0.040036152488806,68.49920536218691,0.00625141707508971,544.0,1.6313435442379238,-0.9363291775690445,-0.3511234415883916,8.0,2
0,road_background,30.381217987722334,79.32141375944869,,,0.007670222125462649,136.62208002502288,0.0066524580057230895,957.0,18.214094927468146,-0.7698793492597551,0.6381894605705863,76.0,4
0,road_background,30.20652344022102,78.65584297310433,,,0.2687449053557267,54.54319462767869,0.02729803958750891,562.0,23.79851256035922,-0.5441911050990217,-0.8389612870276587,139.0,1
0,road_background,30.305310625462432,79.04721489800367,,,0.08071237243102992,98.92916810245363,0.01264554351923462,760.0,25.58972312495517,0.8352488360884458,0.5498721504248933,149.0,3
0,road_background,30.34123776232518,79.32043807481385,,,0.2614296928413221,132.11542618660582,0.004141952537838837,951.0,16.253917058152773,-0.8574929257125442,0.5144957554275265,148.0,4
0,road_background,30.115845445843608,78.43505342074009,,,0.03192252951544538,17.516209961084108,0.011009846481241398,434.0,2.444329313722428,0.7808688094430303,0.6246950475544243,52.0,0
0,road_background,30.29725471470165,79.10704465288876,,,0.04459529616480539,104.87726189408426,0.011870905248385265,792.0,12.985577738412752,0.07227426057847045,0.9973847959828921,110.0,3
0,road_background,30.38253552899626,79.32173658982128,,,0.01810080161099291,136.76912403133798,0.01324806553198798,960.0,14.593695602144681,-0.9473952593366397,0.3200659659921079,74.0,4
0,road_background,30.298344084034547,79.30124661825737,,,0.24503452956962785,127.1419856371363,0.0038434253229728313,880.0,23.043719900310283,-0.9638539466420606,0.2664311722425209,123.0,4
0,road_background,30.29322558390796,78.98844641634413,,,0.13298683775491063,92.67331138865687,0.008783015964686853,662.0,25.662550246785052,-0.8741572761215378,0.48564293117863205,192.0,3
0,road_background,30.25122281437709,78.91750851877889,,,0.08384751703149652,84.16714386605899,0.009492987798163703,736.0,29.9411790034355,-0.5613598887018127,0.8275717946841159,143.0,2
0,road_background,30.219270539074454,78.81079175640777,,,0.3286983208778124,72.36053925225195,0.008541665814206493,542.0,12.53638838286113,-0.6445972525364408,0.7645223227757787,52.0,2
0,road_background,30.234474378434935,78.8388641716371,,,0.10125147910564489,75.66098902175362,0.005540048497210515,611.0,24.670987573427425,0.4208980816218578,0.9071079345298662,125.0,2
0,road_background,30.466968440341923,79.43777317857686,,,0.7177893176262371,154.38564035278168,0.005871649334488541,1273.0,43.103053637687374,-0.2742506821858327,0.961658236236037,270.0,5
0,road_background,30.305253790026587,79.03451505683338,,,0.09250616440769563,97.57633045389957,0.026411873324377697,669.0,28.54879122563375,-0.5881716976750462,0.8087360843031886,133.0,3
0,road_background,30.314828516884607,79.30916013593529,,,0.07345857362249168,129.09277831686975,0.01378144656737723,936.0,14.234730208528415,-0.9986178293325098,-0.05255883312276362,76.0,4
0,road_background,30.32910385878971,79.31094147342645,,,0.17381405519661702,130.66116599413962,0.00831835388924455,922.0,27.840860011780926,-0.8141596924313586,0.5806410209587983,129.0,4
0,road_background,30.127702770849567,78.35595140719211,,,0.045073517263017025,7.688594257789662,0.019111201308814604,406.0,26.537015913120715,-0.8944271909999159,-0.4472135954999579,161.0,0
0,road_background,30.403930209223848,79.33043410142763,,,0.07541757141574766,139.27783255908318,0.004847046884905106,1003.0,19.787913812706318,-0.9172172881319174,0.39838730696638824,122.0,4
0,road_background,30.145151292815225,78.60466415854883,,,0.5545647243730233,45.8078493341374,0.01061875269699969,578.0,20.692910750134985,0.39711207309554336,-0.9177701244874774,104.0,1
0,road_background,30.289091067638154,79.26311772336648,,,0.062443792791622904,122.9304555942351,0.01354903277169796,834.0,18.91251720701184,-0.3015969485196515,0.9534355146750275,98.0,4
0,road_background,30.529010934018185,79.51329906421901,,,0.048611833899804294,165.2338174407845,0.007473164871236707,1477.0,29.902541716960496,-0.27242371716336666,0.9621773840238057,166.0,5
0,road_background,30.308412890051628,79.30238656685756,,,0.39093630146668334,128.25116925295265,0.005540048497513898,858.0,26.54721611112548,-0.42032704827248407,0.9073726756358387,136.0,4
0,road_background,30.28840640810878,79.27356790658678,,,0.19722589417274222,123.90483235298451,0.0009004606651566226,806.0,23.30826104022719,-0.45647371329333997,0.8897368987921034,122.0,4
0,road_background,30.531749793467366,79.52718502439545,,,0.4559785030346177,166.5815040463562,0.004932800994021772,1712.0,38.6369859342382,-0.7964835071207889,-0.6046602540969337,191.0,5
0,road_background,30.30787308151665,79.0435167357694,,,0.0138593200007697,98.48423681318012,0.006173081600643442,776.0,20.66633831048078,0.19441639658131768,0.9809190918421028,111.0,3
0,road_background,30.488997373235943,79.48306551845934,,,0.06734707516650634,159.6674038746638,0.01007607597443021,1461.0,26.608284188225152,-0.2861267145687461,-0.9581917883232434,144.0,5
0,road_background,30.371062262300224,79.31124270539472,,,0.683434835910943,135.29460358193012,0.013085898290477812,964.0,26.577778623734837,-0.9927819409326266,0.11993338883749852,149.0,4
0,road_background,30.249493501223313,78.87437194023848,,,0.02729044827048458,79.55034119191251,0.014252222126519073,661.0,21.242603631151898,-0.37729688731351946,0.9260923597695477,108.0,2
0,road_background,30.07246552294885,78.5038658819861,,,0.3289108127931215,28.014802867717062,0.010493884516909337,432.0,7.743239673577037,-0.9805806756909202,0.196116135138184,67.0,0
0,road_background,30.485840144103246,79.48050818302369,,,0.13368273246690976,159.29055575225968,0.0038236733515026175,1452.0,32.83690827674361,0.2169304578186562,0.9761870601839527,189.0,5
0,road_background,30.245079573215712,78.89822526000722,,,0.18545594120600795,82.12424648263153,0.009627874986716542,673.0,27.721678103088845,0.8690227726630141,0.49477208954536567,137.0,2
0,road_background,30.279030730629593,78.97221765666747,,,0.23047748443011087,90.48649209308005,0.01152201788980592,703.0,17.430775213634004,-0.9979690828636266,-0.06370015422533791,94.0,3
0,road_background,30.28784537136197,79.1226068554995,,,0.47236752135863247,106.84138325375505,0.018655749964403532,773.0,24.142223242272177,0.38672667625067425,0.9221943818285309,124.0,3
0,road_background,30.531113575953864,79.5234420748578,,,0.2031962680728937,166.3154941157462,0.008824987526581823,1510.0,20.443066880312628,-0.46500914678892186,0.8853058756173704,99.0,5
0,road_background,30.13695924524374,78.33791169444945,,,0.28358674293138403,5.767338664648014,0.0059287154606501614,480.0,27.331669863734902,0.7416885527216828,-0.6707444302874349,140.0,0
0,road_background,30.290537146807406,79.29059166801478,,,0.2668900895446977,125.55850892237551,0.012504356678658662,908.0,26.4592859363578,0.3817601544197929,0.924261426490025,138.0,4
0,road_background,30.213971250834856,78.7555741678568,,,0.09634133644988395,66.87242880699804,0.0057044242991118824,566.0,11.823423458741928,-0.1592324388246205,0.9872411207126471,62.0,2
0,road_background,30.307023698138508,79.03759125125055,,,0.14283268649298217,97.92758918167392,0.006599988420613051,757.0,15.166585728618427,-0.2828320195947227,0.9591694577560164,78.0,3
0,road_background,30.250367173424372,78.89643491927416,,,0.3297084435029132,81.83249140856354,0.001604044673376335,611.0,15.352285452854668,0.48564293117863205,0.8741572761215378,72.0,2
0,road_background,30.237104320770772,78.68024888685216,,,0.6048253827325711,58.95261801075516,0.012885023714276132,570.0,29.756737762170356,0.8512576883001574,-0.5247478900480421,146.0,1
0,road_background,30.232788995222084,78.70386098424935,,,0.4685504594261591,61.09405693349269,0.005540048497934899,551.0,15.29393432481302,-0.6948120209293551,-0.7191913900847711,60.0,1
0,road_background,30.298908596698652,79.0117471008847,,,0.13511607593128944,95.17539045112379,0.008640566533602468,683.0,21.41379223247083,0.3314859950125598,0.9434601396511318,111.0,3
0,road_background,30.27851554666733,79.24089475497247,,,0.10499912873402092,120.47436598372789,0.002714881393339047,795.0,13.238341896409334,-0.354227062609795,0.9351594452898587,66.0,4
0,road_background,30.289145477349006,79.11934936475312,,,0.5347931556783091,106.50224379668173,0.02049403280051354,807.0,30.565798185639622,0.8804710999221752,0.4740998230350176,156.0,3
0,road_background,30.22481807659425,78.67885792024852,,,0.19807224043209648,57.64950860048564,0.007048268531800216,550.0,10.759583898850558,0.9998461420100133,0.017541160386140488,57.0,1
0,road_background,30.221406067380162,78.79009826059858,,,0.17983734441574908,70.38614479989,0.01641414150968455,580.0,2.1342998941463125,0.4472135954999579,0.8944271909999159,10.0,2
0,road_background,30.30280107347844,79.02910513233893,,,0.06996070541890062,96.98979712860465,0.011788990894752988,637.0,11.107458586644931,-0.764029915846901,0.6451808178262721,83.0,3
0,road_background,30.270470944113764,78.95599919756893,,,0.06231315928010675,88.6690890570894,0.011893402581993834,705.0,35.15266643948627,-0.4828270508750644,0.875715729528303,185.0,3
0,road_background,30.291180203032788,79.28964283182478,,,0.18025253391259355,125.48179255664421,0.0011991436986788573,861.0,27.532631659292466,0.39005715002261315,0.9207906492337097,144.0,4
0,road_background,30.226277485608257,78.67893576817953,,,0.25412938534843477,57.80101719016078,0.012297521233780131,550.0,12.1575571498283,0.9902565788380346,-0.13925483139909858,64.0,1
0,road_background,30.32012275861649,79.30580954562234,,,0.3907886749539216,129.57352388096996,0.0050883209009502375,974.0,18.70062037966023,-0.5317681325356475,-0.8468899888530682,86.0,4
0,road_background,30.13633972889304,78.33476426814293,,,0.346322006270897,5.4632398097990995,0.005962358314861287,498.0,38.739426026176815,0.21605052593575533,-0.9763821845173556,235.0,0
0,road_background,30.542427937345476,79.5293144179154,,,0.0725186404790532,167.65019510663453,0.004195986350202134,1760.0,38.5746628389258,-0.9821551918921463,0.18807227078785788,235.0,5
0,road_background,30.53024836064871,79.51709461413547,,,0.08640639179815097,165.6373512040344,0.011662595102362052,1493.0,30.61686673028451,-0.38301502270043297,0.9237421135716325,164.0,5
0,road_background,30.25840613982444,78.93386464583931,,,0.08959022992812932,86.16134974197358,0.015086146126747918,713.0,19.82702865340817,-0.9429903335828895,-0.3328201177351374,102.0,2
0,road_background,30.300425276157863,79.0504191858786,,,0.4263173072197802,99.44630298052928,0.00603086508788657,740.0,24.62801212419778,0.9670745372626464,0.25449329927964376,133.0,3
0,road_background,30.262107864593975,79.2174697769668,,,0.1008047294234649,117.36651919473117,0.010229971602522155,766.0,14.621143938770764,-0.8944271909999159,0.44721359549995804,70.0,4
0,road_background,30.217909998510184,78.80254211021436,,,0.01300712525531097,71.62950821634387,0.0011441585893882632,559.0,18.78558400320078,0.029399051601892736,0.9995677544643531,102.0,2
0,road_background,30.40663886415642,79.34388928853862,,,0.0955906291328308,140.60138752058282,0.011197252826952666,994.0,9.60609133832204,-0.8468899888530683,0.5317681325356475,82.0,4
0,road_background,30.07437412885479,78.44724759939433,,,0.05828355578082073,22.480349227370635,0.006151081467876469,447.0,21.33126583595921,-0.6401843996644797,-0.768221279597376,92.0,0
0,road_background,30.281032748398967,78.97165268377641,,,0.020226461552499714,90.57455455567109,0.008655106130032529,657.0,23.49041606864159,-0.8436614877321075,0.5368754921931593,110.0,3
0,road_background,30.213801888302584,78.75398791518944,,,0.053286569234635664,66.7248020032597,0.004491237913211603,555.0,13.949652246979397,-0.6441357457827797,0.7649111981170509,58.0,2
0,road_background,30.284813540807708,79.14021684517844,,,0.03254480591303475,108.53398683584139,0.007435448591395661,746.0,22.330804704051836,-0.6167457907690549,0.7871623908499777,119.0,3
0,road_background,30.288607904502765,79.14946363956425,,,0.25690601486766135,109.49176460642025,0.013212696400109594,760.0,17.57399924184107,-0.6525231353598774,0.7577688023534059,88.0,3
0,road_background,30.432231912051183,79.43227550518853,,,0.19184982996028926,150.50172381005905,0.0065497787354320165,1321.0,10.102364425509053,-0.954146487587723,-0.2993400745373248,63.0,5
0,road_background,30.296064056579944,79.0680919080577,,,0.1865938321632002,101.10933388923357,0.014385018342809313,728.0,29.659519613336535,0.7551093736547424,0.6555988360413268,139.0,3
0,road_background,30.543609928792254,79.53008463121351,,,0.11501053006862172,167.79430894401347,0.010892513714281982,1768.0,33.79878797782997,-0.9012898160452156,0.4332166519112363,196.0,5
0,road_background,30.059413303071278,78.48488303271958,,,0.8134364445604987,26.426303575056338,0.012504356678922626,570.0,23.66685212949016,0.897448694974292,-0.4411188500721095,118.0,0
0,road_background,30.426298768566873,79.42845030903976,,,0.16702981914019044,149.84060120458503,0.009157219973067367,1301.0,18.284619593338824,-0.9987270546534338,-0.050440760336031926,99.0,5
0,road_background,30.067535591661738,78.48992123725623,,,0.10309568622309165,26.783623574230734,0.00149656975657721,523.0,26.74385292620126,0.8401021789731232,-0.5424281785495757,127.0,0
0,road_background,30.298533653879193,79.06548849075297,,,0.03417743158898869,100.8370557269341,0.016197651865021104,727.0,13.640311227766055,0.3571374662665915,0.9340518348510853,74.0,3
0,road_background,30.41853071996729,79.42677213754816,,,0.011028443422132366,148.7672348429498,0.024661394071697956,1200.0,8.00742489848306,-0.8056510126494246,-0.5923904504775179,90.0,5
0,road_background,30.22373331828411,78.81622014325545,,,0.25266623891767725,73.07507294111821,0.007982916993754008,570.0,4.942308860661038,-0.46256600669501985,0.8865848461654546,23.0,2
0,road_background,30.27995902724357,79.2453445321321,,,0.18374257800863042,120.92447934436439,0.013561952449322802,828.0,21.50287365821969,-0.6768732144311416,0.7360996206938664,90.0,4
0,road_background,30.22271466177349,78.78612472170802,,,0.26240636793009775,69.9857638159831,0.013549032771989218,568.0,8.695115834425174,-0.2833461410174024,0.9590177080589004,44.0,2
0,road_background,30.28798356550203,79.1478320155304,,,0.22220307822820853,109.32380605812938,0.009092279904782247,766.0,12.447367968596593,-0.6191545344372866,0.7852691656277782,52.0,3
0,road_background,30.26846525957473,79.1697712995446,,,0.23214764313329042,112.72997904982552,0.009991655826033884,816.0,31.063317962502822,0.8853979028379435,0.46483389898992045,160.0,3
0,road_background,30.372072956938332,79.31187932504702,,,0.6512360781199907,135.4179128224704,0.008824987527360143,977.0,28.78589227175479,-0.8493588352433417,0.527815847615505,140.0,4
0,road_background,30.206178786152957,78.66011766354744,,,0.40687057680252164,54.932498389143845,0.005432060347651467,610.0,42.82689551293474,-0.021577708794337905,-0.9997671741376523,278.0,1
0,road_background,30.286011015771177,78.97993432515806,,,0.12658527323211852,91.5299835766068,0.007148883101482851,659.0,17.44184496641815,-0.29706655263624404,0.9548567763307844,90.0,3
0,road_background,30.27606220935135,78.96876110409733,,,0.29631157913820344,90.02385971240133,0.02082226499839856,673.0,29.549408596501117,-0.623259893960126,0.7820147726103469,152.0,3
0,road_background,30.13800398730144,78.33994190892838,,,0.30808227194471455,5.992965175888094,0.0064210495522119505,428.0,21.708519573384702,-0.2009441437213313,-0.9796027006414901,117.0,0
0,road_background,30.0727406288297,78.51718368603015,,,0.06360936825923372,29.87138205526883,0.0055001004001229556,877.0,22.03359282835961,0.9966023277692464,-0.08236382874125996,133.0,0
0,road_background,30.13806932445979,78.33866337663146,,,0.36548646973158483,5.883916491245832,0.009627874985397964,436.0,27.159685205111245,0.7601731008336426,-0.6497205990031134,117.0,0
0,road_background,30.529112529748833,79.51636170611332,,,0.05557526640629303,165.6130974631579,0.011945585646834038,1603.0,30.747409653744604,-0.38103161568772714,0.9245620086540438,165.0,5
0,road_background,30.53150958960059,79.51731986078251,,,0.22504581376550814,165.61093702577256,0.004770944688131559,1434.0,31.646159939747594,-0.40563658635765515,0.9140344412592496,169.0,5
0,road_background,30.221985608918743,78.77442341470415,,,0.0051834004536201695,68.88665523017302,0.004458798155182338,548.0,3.282251042774655,-0.813733471206735,0.5812381937190964,14.0,2
0,road_background,30.287918757335024,79.27185229397794,,,0.21981006535346592,123.73264402795225,0.010784558157280447,817.0,22.389045324495758,-0.09709996428542596,0.995274633925616,123.0,4
0,road_background,30.21475322599341,78.76395514242074,,,0.33528629264396925,67.64748918324187,0.011197252827467514,522.0,9.492004086985093,-0.996815278536125,0.07974522228289006,54.0,2
0,road_background,30.268764068281893,78.93787182815619,,,0.6981621117668281,87.07779398479417,0.0014474163619951131,696.0,32.88419509496523,-0.20107100071191425,0.9795766701349667,190.0,3
0,road_background,30.11899059010753,78.42331550405217,,,0.6073049893928447,16.522236847440933,0.004847046885543479,410.0,29.476160900936296,-0.9907582549742763,0.13563952300243065,168.0,0
0,road_background,30.220640617537892,78.81124960668717,,,0.23488179568377018,72.48738593525574,0.020633546105220335,556.0,6.67592292471606,-0.9397934234884371,0.3417430630867044,33.0,2
0,road_background,30.219558427822545,78.79735684807683,,,0.08827513253617329,71.10806477270204,0.00804033407832069,571.0,23.046887822390868,0.3995854205139282,0.9166959647084235,117.0,2
0,road_background,30.35543282947423,79.31889031282937,,,0.21932616979682698,133.69151884477364,0.02082226499769609,919.0,23.750100573474086,-0.7954317200324986,-0.6060432152628562,115.0,4
0,road_background,30.40667689014452,79.34609641097227,,,0.08080729610110533,140.8132879604206,0.003223736502014346,988.0,10.020621662780208,-0.5848015753760223,0.8111763787473859,67.0,4
0,road_background,30.32686997437022,79.30757764081184,,,0.4216457044980166,130.33812011808246,0.011841144318593998,895.0,38.93731501748711,-0.3506712861852658,0.9364986113418275,229.0,4
0,road_background,30.53088795717061,79.51543004468381,,,0.09923926823038302,165.4627347344341,0.011491312317703128,1394.0,34.89590770137678,-0.5017896077913236,0.8649897048593294,181.0,5
0,road_background,30.30339317793716,79.03007960107469,,,0.08904529894339228,97.10255450592108,0.02063354610428677,655.0,18.00305425330175,0.17437043893303145,0.9846801257394717,96.0,3
0,road_background,30.420105238065158,79.42505022275091,,,0.20859142613717732,148.66961258678046,0.002714881393675064,1286.0,16.97768972135746,-0.18560677475807527,-0.9826241016603985,104.0,5
0,road_background,30.258242865167492,78.8803068230272,,,0.6036182917785817,80.09956330637564,0.009799361146079487,663.0,17.182156042983838,-0.19404259223230455,0.9809931051744286,91.0,2
0,road_background,30.232924271154264,78.70776467620053,,,0.3907904764798664,61.461845578892635,0.017388860149477624,531.0,7.924879673416747,0.2873478855663452,-0.9578262852211514,54.0,1
0,road_background,30.53264307612898,79.51881688578624,,,0.2575252365315499,166.19547938326977,0.011028682791235532,1371.0,26.382729947956182,-0.5913636636275174,0.8064049958557056,145.0,5
0,road_background,30.207799072654133,78.65504501129776,,,0.11313916765727026,54.50347230427721,0.009823942982363977,608.0,28.316478746423847,-0.4021165633134569,-0.9155884826214092,148.0,1
0,road_background,30.490516521092086,79.4809605950428,,,0.3084996767687131,159.56212044847098,0.00899606085320373,1458.0,27.499949547045883,-0.9092668283152195,0.41621368901753,144.0,5
0,road_background,30.29807747694523,79.09141177197748,,,0.06317731494142392,103.36085677109564,0.004155118983669059,697.0,11.756201281498955,-0.8488969089540915,0.5285584527450004,54.0,3
0,road_background,30.405698798751096,79.34962817520588,,,0.05726890825739633,141.1421019069795,0.0077079020171494286,1075.0,24.983813024030145,0.5007542542927244,0.8655894967059949,121.0,5
0,road_background,30.29734039180732,79.0559942764078,,,0.4919086608936265,100.07862214757985,0.012709126273025468,687.0,15.903161058912408,0.10529376995194245,0.9944411606572344,85.0,3
0,road_background,30.208417237612903,78.65398275239917,,,0.021741850645660244,54.421215970831206,0.011663889392811554,624.0,27.08288511288202,-0.43675325998206244,-0.8995813414555912,150.0,1
0,road_background,30.250405808321027,78.91702667572042,,,0.09172049945536531,84.06590711954532,0.011878488084942185,696.0,29.894220817704063,-0.6435999358750717,0.7653620859054907,132.0,2
0,road_background,30.256282598964148,78.88532568825748,,,0.5688302907952004,80.60232139560935,0.012421244028471784,639.0,25.208987620154367,0.6443537672643938,0.7647275479621376,108.0,2
0,road_background,30.076221250130697,78.51838607838452,,,0.09159303814885845,30.24208401202914,0.009813012479641805,827.0,31.13489511040477,-0.33108771302908085,-0.9435999821328809,180.0,0
0,road_background,30.47836185904235,79.46347484690031,,,0.323083878603705,157.50337740274847,0.0097316569933706,1422.0,20.985072824977347,0.03476158724857336,0.9993956333964842,115.0,5
0,road_background,30.083976903415305,78.57533186403198,,,0.0990268725077108,36.807816763120236,0.005500100399306694,934.0,28.887042994254813,0.9606067177935149,0.27791137747485334,159.0,1
0,road_background,30.411865434025735,79.39669053538631,,,0.19639525379414874,145.77697645597013,0.021902836435197408,1058.0,23.67781472634452,0.31166318676648125,0.9501926425807355,186.0,5
0,road_background,30.289144686147594,79.26443946939523,,,0.044839290660064465,123.05655187753833,0.013211539562935902,846.0,25.329754108199438,-0.0,1.0,142.0,4
0,road_background,30.25069371295019,78.9293391390927,,,0.8700570579022585,85.6705947078042,0.011009846480852509,765.0,36.2792214259171,-0.5131594741465585,0.8582932797672528,189.0,2
0,road_background,30.267166666305805,79.17792912274736,,,0.21938810128006303,113.52786484444172,0.008541665814542786,766.0,33.41708254489915,-0.1717675649627779,0.9851375049335792,198.0,3
0,road_background,30.28767325806677,79.15298786058096,,,0.08497558437008311,109.80178842492502,0.008655106130530674,797.0,6.460383639175281,-0.6770565308208832,-0.7359310117618297,25.0,3
0,road_background,30.287626312253735,79.2574002471396,,,0.004611558257344896,122.35988583379502,0.00848759740436112,802.0,13.41772240629811,-0.12575426475263257,0.9920614219374346,71.0,4
0,road_background,30.327669679394003,79.31013163970059,,,0.20756370960140663,130.48772538854297,0.007316313114366794,926.0,32.092955104406286,-0.6909812440797646,0.7228726861142152,154.0,4
0,road_background,30.300708547761936,79.30167572855437,,,0.26417044685205865,127.40598154320088,0.011641276822460462,929.0,23.268329538690548,-0.534867650393148,-0.8449358535196109,149.0,4
0,road_background,30.286203537859866,79.14526491196247,,,0.08134296067239044,109.04111656251561,0.002516145691941306,760.0,24.452634012555414,-0.46181428537364955,0.886976643336692,129.0,3
0,road_background,30.22786130637736,78.72884719591434,,,0.04751770150562799,63.65351250881567,0.029882285907409982,580.0,15.576722526976694,-0.7533169432110207,-0.6576576488350179,85.0,2
0,road_background,30.41153495951127,79.41332196026379,,,0.30520086516718015,147.28845002762537,0.03203246703343591,1168.0,14.15548761586253,0.4890057643367664,0.8722805526007186,76.0,5
0,road_background,30.42710653449035,79.4277618275294,,,0.2345165892137089,149.92898618456013,0.012297521232970367,1295.0,28.058541214454895,-0.994332787656389,-0.10631231062992845,159.0,5
0,road_background,30.260501053058615,78.93182411234947,,,0.18209370261995875,86.02577809983164,0.01665387021902887,679.0,30.421719617731657,-0.9536684188428989,0.30085967975400973,168.0,2
0,road_background,30.267775882766625,79.18102726074079,,,0.095002389843855,113.80703352435734,0.002934974787744876,775.0,30.47001939102528,-0.49857756773707856,0.866845089361057,154.0,3
0,road_background,30.238166924847604,78.72204883097108,,,0.7138481977593634,62.521056796985015,0.007148883101670389,582.0,19.310287408745566,-0.42808634473904456,-0.9037378388935388,95.0,1
0,road_background,30.411391776391145,79.36523368933814,,,0.4798732136891304,142.65715424524524,0.006656263136234822,1029.0,17.500735174402635,-0.9725788916544148,0.23257321322170796,120.0,5
0,road_background,30.286639600223886,79.12914134885901,,,0.2202383133488373,107.43261006716845,0.01408231408055146,765.0,20.865964606031216,0.07870248542001067,0.9968981486534685,114.0,3
0,road_background,30.477211656160023,79.46082602803247,,,0.4617539938829535,157.2545658874032,0.02147910245303834,1463.0,32.096233432656305,-0.4995690841886996,0.8662740502421067,163.0,5
0,road_background,30.12388015619038,78.58891318229732,,,0.3399811706522748,41.913561812159315,0.007494973033007215,534.0,26.20460176321736,0.4740998230350174,-0.8804710999221753,130.0,1
0,road_background,30.23637341483353,78.711517801423,,,0.04577363105043756,61.753880064241265,0.02729264726427937,607.0,14.738259624023955,0.15205718425394107,-0.9883716976506172,84.0,1
0,road_background,30.313752723675247,79.30898859940903,,,0.08862937741376688,128.97364597016298,0.01217630705952294,930.0,20.307500221928045,-0.8106792283998809,0.5854905538443584,94.0,4
0,road_background,30.236712643738645,78.6943597105007,,,0.1942164786558744,60.11999830515809,0.011009846481262941,610.0,14.37654823502028,0.35112344158839176,-0.9363291775690444,72.0,1
0,road_background,30.54717453221368,79.53320047992399,,,0.19013002467461698,168.28379979676544,0.006151081468562631,1786.0,40.016033571790146,-0.8416940822656764,0.5399546942836414,212.0,5
0,road_background,30.329706315193306,79.31250235539967,,,0.04626498852121324,130.7647340946779,0.001014245710622239,932.0,28.041325229742665,-0.6383358695945244,0.7697579603933968,123.0,4
0,road_background,30.138790271268906,78.39771915111515,,,0.18208739551612527,13.023333568469326,0.008640566533744554,421.0,30.82665955230447,0.01675742320433846,-0.9998595845255226,179.0,0
0,road_background,30.29464064656065,79.07758592135939,,,0.38413717027228766,102.01503388679613,0.009813012479644296,714.0,21.114739211944283,0.12084692316783535,0.9926711545929333,115.0,3
0,road_background,30.40688964657078,79.3596254727495,,,0.012049789891842251,142.11197933809447,0.002666262759341204,1007.0,17.01197993242201,-0.40310368592010404,0.9151543139807767,84.0,5
0,road_background,30.287004249104495,79.1458960626063,,,0.1552348989811684,109.11900840713115,0.01911120130928531,770.0,21.06012544319803,-0.35491517411458373,0.9348985074237817,108.0,3
0,road_background,30.346444329363692,79.32020842230703,,,0.2784392674060787,132.69130991680714,0.004627920171663572,939.0,30.22383424426619,-0.984143395189428,0.1773746816911178,172.0,4
0,road_background,30.533377646549518,79.5202024310777,,,0.19592444108223186,166.3389261453537,0.010434872441207214,1392.0,18.175638280882648,-0.659940990636712,0.7513174354941028,89.0,5
0,road_background,30.299822379138885,79.00698365426146,,,0.23377689264174165,94.71652364604383,0.0041959863502779625,712.0,19.970865738202853,0.01834553589898968,0.9998317064949375,109.0,3
0,road_background,30.352149872877728,79.31979434126296,,,0.28148663005723934,133.32344425996163,0.006071706508840415,930.0,22.772094557162994,-0.9846232660466403,-0.17469122462117817,124.0,4
0,road_background,30.29088372220245,78.98804530267432,,,0.2903900580147689,92.46410223648205,0.00596235831459115,642.0,27.716456021115764,-0.7677009739762,0.6408082510049272,192.0,3
0,road_background,30.22206346583441,78.78787038717763,,,0.2178006822881263,70.16299118021088,0.0044587981546969566,576.0,11.165056476160215,0.08444307668618062,0.9964283048969312,59.0,2
0,road_background,30.266109314933026,79.20042197688353,,,0.128485788319368,115.66774611497696,0.03282509537828876,784.0,33.196804134445365,0.361708607931368,0.9322912007245118,183.0,4
0,road_background,30.24652289060716,78.89793350392806,,,0.02432890552672618,82.10703489736335,0.007329125314345008,652.0,30.014052915189886,0.9520885800773884,0.3058223923884945,165.0,2
0,road_background,30.544496408271495,79.5305780545958,,,0.15251051583318262,167.89656432357575,0.009842636014385833,1754.0,42.934383238921214,-0.9028605188239304,0.42993358039234775,252.0,5
0,road_background,30.21338839784797,78.7617432239492,,,0.3899119447521186,67.39236153251558,0.008132435557272347,522.0,12.590817008436192,-0.01492371097349751,0.9998886352243331,72.0,2
0,road_background,30.21865206629469,78.8093699649615,,,0.30019831019600035,72.21026988893203,0.00477094468832412,559.0,21.31357434104547,-0.2904816036236987,0.9568805766427723,112.0,2
0,road_background,30.072146009630455,78.50215649238908,,,0.22250002013625353,27.92379929281925,0.010680765908858547,415.0,5.111089695288715,-0.4472135954999579,0.8944271909999159,37.0,0
0,road_background,30.243321112295217,78.87166185353193,,,0.3503208488239871,78.89500425449425,0.011197252827367506,691.0,10.706087950095167,-0.15867809538375516,0.9873303712766988,56.0,2
0,road_background,30.221983094463027,78.78181614625797,,,0.11712561243683788,69.58913594491369,0.012433054271038226,565.0,6.868871009987588,-0.24904103981061848,0.9684929325968497,35.0,2
0,road_background,30.3638166779551,79.31566229285224,,,0.07587856197999983,134.62110409085807,0.014152201933040825,967.0,20.425812339809216,-0.7071067811865476,-0.7071067811865475,93.0,4
0,road_background,30.40832716566591,79.38894681236967,,,0.019663636719482923,144.95415544071855,0.007392049054487038,1037.0,8.935631425418535,-0.9963980072059784,-0.08479983040050883,66.0,5
0,road_background,30.299540751479807,79.05211706531564,,,0.4408548156099548,99.6361593800781,0.02596131709863345,699.0,24.24420751067035,0.6883603102489405,0.7253689290795287,98.0,3
0,road_background,30.43353326427725,79.43128786558306,,,0.09600097493806396,150.64014727472673,0.0077395163292619884,1355.0,14.626854707832294,-0.4725758093633575,-0.8812900228668015,69.0,5
0,road_background,30.232960325919926,78.72542743438692,,,0.3745348162858036,63.08850821961099,0.005695943576395198,592.0,8.005205718698637,-0.5214500094539749,-0.853281833651959,44.0,2
0,road_background,30.070921782785412,78.51384909170297,,,0.05636721088466382,29.51220823042183,0.0011441585895227361,750.0,34.261730431386816,-0.7633862853691146,-0.6459422414661737,162.0,0
0,road_background,30.237761125172643,78.71451862949546,,,0.31619914801772697,61.91369155402134,0.00545803717367091,597.0,28.567289866286632,0.7101611952252657,-0.7040391159560824,148.0,1
0,road_background,30.289359890242963,79.15406797176524,,,0.24563686863903458,109.94239740747349,0.008840378777278148,814.0,1.9091524329963763,-1.2246467991473532e-16,-1.0,11.0,3
0,road_background,30.267887566290458,79.1907948392614,,,0.10098795072951192,114.72631077817627,0.01394979604332509,772.0,22.873622656403136,0.4503713039256335,0.8928413569052033,136.0,4
0,road_background,30.254374221959498,78.87902626009273,,,0.15922463228611713,80.10819402527255,0.020633546104056547,655.0,29.348911966607055,-0.9840590550287558,0.17784199789676303,166.0,2
0,road_background,30.23900298130288,78.83063828665347,,,0.7193442323668777,74.95728573868504,0.0039284178836534725,633.0,21.266060296131528,0.28262997657756717,0.9592290114147736,112.0,2
0,road_background,30.289440060232835,79.15103165941501,,,0.3153596737414472,109.65854018702031,0.007982916993813483,805.0,10.759583898850556,-0.9647638212377321,-0.26311740579210885,55.0,3
0,road_background,30.27187246895083,78.95773244482885,,,0.03703258802392698,88.89534493461016,0.02039589830305081,634.0,29.10977531600581,-0.28734788556634544,0.9578262852211514,160.0,3
0,road_background,30.20144214005775,78.63929620739204,,,0.0385118220973622,52.622388576910986,0.0032237365023980546,621.0,23.22954970739477,0.9940716917543757,-0.10872659128563474,128.0,1
0,road_background,30.458215735372587,79.43037312049474,,,0.2013702228289489,153.3007424050005,0.004847046885815423,1355.0,46.61591806349812,-0.8726671350625154,0.4883155448905774,277.0,5
0,road_background,30.246755463848654,78.91403420495706,,,0.10348696722081836,83.65446769959382,0.012114646641169336,819.0,13.606817572545188,0.922668973832998,0.38559300398990964,111.0,2
0,road_background,30.213245695580355,78.76281366458001,,,0.4450744935543828,67.48076445500993,0.007741681686695478,538.0,13.119782258760273,-0.2860355263884367,0.958219013401263,67.0,2
0,road_background,30.465404520734904,79.454903403771,,,0.01178045378626674,155.77914958931868,0.00999165582594962,1507.0,31.113647785765853,-0.027613775331451464,0.9996186669985431,181.0,5
0,road_background,30.266874147355907,79.17676239234041,,,0.2730723093457247,113.42409740585761,0.00999165582545031,755.0,31.57639333699781,-0.06507913734559687,0.9978801059658184,184.0,3
0,road_background,30.234008290388307,78.84110616302179,,,0.01669097006787972,75.86603687987987,0.008197774568815196,629.0,15.510865437509393,0.4083660600582539,0.9128182518949205,76.0,2
0,road_background,30.266906656722547,79.18953065193674,,,0.029178015889656298,114.6282393040362,0.024440773918904833,808.0,14.720138988389815,0.5836360481525753,0.8120153713427135,88.0,4
0,road_background,30.298756972041897,79.01327858176236,,,0.11911522963048508,95.32283771793895,0.006030865087760472,680.0,19.746339269341227,0.1764333874056405,0.9843125823683101,117.0,3
0,road_background,30.30003688002786,79.10197523113662,,,0.21851425601934962,104.36408350889481,0.0073291253131615745,784.0,1.64247304538097,-0.813733471206735,0.5812381937190964,16.0,3
0,road_background,30.29916733244738,79.0633453288371,,,0.0047613070986244664,100.62125318693818,0.013781539526666,688.0,23.686944465477417,-0.4862879332702219,0.87379863009493,116.0,3
0,road_background,30.288586803939715,79.26166544239422,,,0.03338578538213453,122.78283338414221,0.01865574996423315,822.0,24.59469898934371,-0.21847234485072387,0.9758431403332333,134.0,4
0,road_background,30.269172505640572,78.95173341942777,,,0.05578651465030693,88.24757665766383,0.03584099342273232,604.0,19.1434780917466,-0.2016529206704871,0.9794570432566516,120.0,3
0,road_background,30.298977414997353,79.11339523778855,,,0.1993944063037156,105.46900172187367,0.0014965697560511786,794.0,9.398914043719726,0.4228854653311239,0.9061831399952655,45.0,3
0,road_background,30.266591392828914,79.2025262026723,,,0.22970751021019042,115.85102435036158,0.004591532196459341,801.0,18.476999461811904,-0.3192188694853206,0.9476810187845454,136.0,4
0,road_background,30.214707222746366,78.74619867341316,,,0.009581094936766186,65.86087657210051,0.005700353215364838,553.0,18.76291982466018,-0.6770565308208832,-0.7359310117618297,76.0,2
0,road_background,30.29070083220708,79.27770217630307,,,0.021157359353031407,124.3425726788995,0.007050363141935297,832.0,9.982109961795908,-0.4166547104932136,0.9090648228942843,48.0,4
0,road_background,30.292822213460617,79.30188416349286,,,0.21770098237012908,126.67300156317172,0.011306598621013719,929.0,13.977381126078352,0.13391789600139503,0.9909924304103234,74.0,4
0,road_background,30.304136580493175,79.04800945238665,,,0.16271499756459407,99.05555506978553,0.016414141509683983,788.0,28.25731168850377,0.8682431421244593,0.49613893835683376,140.0,3
0,road_background,30.249383411407607,78.9129994120124,,,0.17902071080890308,83.76649957256072,0.009722007128087594,755.0,22.01465822651287,-0.964573317889406,0.26381492455094874,167.0,2
0,road_background,30.23494674760138,78.82361732035311,,,0.3817124842390157,74.22001580524474,0.0068356517805713045,587.0,13.596875241801161,-0.8682431421244592,-0.4961389383568338,63.0,2
0,road_background,30.298525299285462,79.10801074724169,,,0.10359725422583749,104.95738000196552,0.00851798989041138,763.0,13.608059774753341,-0.7848827655334263,0.6196442885790207,61.0,3
0,road_background,30.25663363116765,78.88435503858224,,,0.5725449247850298,80.50124726872981,0.010493884517150817,655.0,23.171829876153083,0.7943578329771962,0.6074501075707971,102.0,2
0,road_background,30.330129785810993,79.32019541003639,,,0.6407257358490727,131.06267996979997,0.010322380812177024,910.0,22.418084495805626,-0.9615239476408232,-0.27472112789737807,119.0,4
0,road_background,30.24415342052796,78.91874704196452,,,0.6023188762270393,83.65691160327836,0.013434977689872713,719.0,22.451676241071322,-0.9518605578567334,-0.30653136608945647,121.0,2
0,road_background,30.30745975067371,79.30048776599433,,,0.5449496135877197,128.10705421427167,0.01667494394316419,932.0,29.031480434376107,-0.7507135169227553,0.6606278948920246,125.0,4
0,road_background,30.528196671835826,79.52418234311055,,,0.44812704116073093,166.09388483586127,0.009938511273191158,1663.0,24.793552696952784,0.34637408275915865,0.938096474139388,130.0,5
0,road_background,30.13313524694546,78.34618644536216,,,0.01460382313443889,6.57498526583005,0.005833278794423597,413.0,33.80207128719891,-0.6173816800165274,-0.7866637535694461,158.0,0
0,road_background,30.23171440649792,78.67814161345073,,,0.5590214882607055,58.324753760814005,0.02988228590630817,599.0,25.329754108199438,1.0,6.123233995736766e-17,142.0,1
0,road_background,30.404925654803797,79.33810905585942,,,0.043404746110174516,140.0305029257004,0.011009846481182448,1011.0,17.06420246076965,0.04343722427630694,0.9990561583550596,95.0,4
0,road_background,30.284339382752577,79.13511274500145,,,0.09828865912494972,108.04902026366155,0.009482208150524375,699.0,17.01197993242201,0.490261239632559,0.8715755371245493,96.0,3
0,road_background,30.212629810388126,78.66736042080446,,,0.0004755301417424438,55.80918198849223,0.012372395801434698,633.0,32.72966250506555,0.24375573723093782,-0.969836656642242,187.0,1
0,road_background,30.299439150232377,79.00994052864556,,,0.1928786858632642,95.00125626157319,0.008197774569321331,722.0,11.91191379484262,0.8532818336519591,0.5214500094539749,69.0,3
0,road_background,30.4052042795667,79.35110977290469,,,0.12446626396695122,141.2792097412192,0.009521009748540149,986.0,23.57458972284436,0.7333374003681953,0.6798648815913477,96.0,5
0,road_background,30.49373455440244,79.48403272500099,,,0.1664468388477225,160.28962991610257,0.0010142457102693969,1425.0,35.22382472624917,-0.9631109740028582,0.26910453685373986,204.0,5
0,road_background,30.289732668309878,79.2935145804299,,,0.4058966311847964,125.81868363428346,0.011893402582051123,908.0,18.370345512861498,0.3312445047308071,0.9435449528695717,108.0,4
0,road_background,30.34101628802607,79.31691348815767,,,0.07459695242417964,132.08105458572183,0.0023344536058206443,889.0,11.904688112848122,-0.31622776601683794,0.9486832980505138,60.0,4
0,road_background,30.327118699020975,79.30894058430917,,,0.3022534125613085,130.39895547227684,0.007935920251365988,928.0,39.50465660472722,-0.4325996264719779,0.9015861374135614,223.0,4
0,road_background,30.07278624697125,78.44891685378408,,,0.022240316538872717,22.715566518551686,0.011509112898755287,451.0,22.36458422049409,-0.7615393896958206,-0.6481186295283581,94.0,0
0,road_background,30.28830742622477,79.11991654205877,,,0.5792823116527354,106.60015321049232,0.011429203533553865,826.0,23.87326211182711,0.37657905862616464,0.926384484220365,123.0,3
0,road_background,30.326287110035945,79.30643698605724,,,0.5107326597434918,130.24721530893407,0.007392049053433476,882.0,30.444679600275414,-0.7769806552067143,0.6295244724667539,150.0,4
0,road_background,30.41243529579136,79.3915204412764,,,0.3907100312331547,145.31470406727513,0.009731656993546901,1039.0,8.514145496176376,-0.9797149322825655,-0.20039623614870658,101.0,5
0,road_background,30.526771770464283,79.5080354561353,,,0.0187100474542119,164.67409665440587,0.014066181863274298,1280.0,20.061121712720187,-0.994946404055101,0.10040743527161565,109.0,5
0,road_background,30.229416149599842,78.82381415644132,,,0.19559017551097155,74.0371201979376,0.01200004644913151,570.0,12.702915382815172,-0.7837458765125088,0.6210816379910448,65.0,2
0,road_background,30.489141477691188,79.48193813526086,,,0.13039254932474853,159.57769941134126,0.015332321296416974,1457.0,28.20300342680093,-0.5034844968720746,-0.8640042600644247,139.0,5
0,road_background,30.299336321554463,79.0231972456256,,,0.033250365678194366,96.31209590371421,0.011878488085173451,701.0,12.038292908076391,-0.4220295801578592,0.9065820610798457,58.0,3
0,road_background,30.24427866755455,78.90892393396102,,,0.3434608200029936,83.14534462960756,0.0054227853237632795,672.0,34.22498216619467,-0.8771454153796023,0.48022486428603933,179.0,2
0,road_background,30.21779992013594,78.80606039885328,,,0.18218086365037847,71.89984636090446,0.011641276821536704,564.0,20.32564650707041,-0.2699636923249093,0.9628705026255098,107.0,2
0,road_background,30.329816815080402,79.31809788740395,,,0.4635922959177452,130.9599381865809,0.005871649334522576,921.0,30.231991001269364,0.7378660190471255,0.6749472112214016,135.0,4
0,road_background,30.527526682351173,79.50904779134085,,,0.03586299267413672,164.80122703228824,0.007854186841061532,1299.0,17.94001375181023,-0.8751268117320218,-0.4838936488400591,129.0,5
0,road_background,30.061450652519845,78.48583163890018,,,0.5736608265041573,26.466168820144556,0.007050363141892859,496.0,16.142764795595028,0.783110847498294,-0.6218821436015861,68.0,0
0,road_background,30.2669321144798,79.19634011618835,,,0.12060842942257606,115.26465834983246,0.011491312317909138,781.0,36.59594159662962,0.15711504873513174,0.9875803063351137,220.0,4
0,road_background,30.23828887545508,78.69084116409255,,,0.07919316805073204,59.75699579761625,0.01134446371379164,560.0,21.605344441968406,-0.589172157449442,-0.8080075302163774,123.0,1
0,road_background,30.22053365332448,78.79331810486069,,,0.13345402978879561,70.7073033416708,0.0035303767041619926,579.0,4.400579233069834,0.303203657276947,0.9529257800132619,22.0,2
0,road_background,30.43186506148321,79.43081614964348,,,0.05200721702690897,150.45920454446897,0.0041661924652468835,1306.0,1.3366589783291134,-1.2246467991473532e-16,-1.0,31.0,5
0,road_background,30.091741342236013,78.54570307465853,,,0.20707864299632597,33.575330732612095,0.005974414116650529,1027.0,25.593507375817325,-0.8211887887287699,-0.5706566158962637,118.0,0
0,road_background,30.068912683949737,78.4711048815588,,,0.05986309724291008,24.898437939179395,0.007815570723070424,488.0,11.694448323334576,0.2576626505603323,-0.9662349396012463,60.0,0
0,road_background,30.257575532146216,78.93279147799153,,,0.14957292156743693,86.08326759238184,0.014385018343503319,683.0,14.21703412739586,0.013156755870285522,0.9999134461416996,76.0,2
0,road_background,30.46533118498311,79.45606597180137,,,0.025775527078994297,155.88483314957838,0.010322380812673617,1516.0,32.44329863622061,-0.16779934804836205,0.985821169784127,188.0,5
0,road_background,30.405859503538405,79.35495465414307,,,0.0853536575640225,141.6541650706257,0.002445174839263441,989.0,7.445333506256379,-0.10202886549856947,0.9947814386110523,82.0,5
0,road_background,30.12468037913286,78.59232770956577,,,0.1722715445800461,42.209618998792294,0.009823942982212777,564.0,38.07907632899582,-0.22548088380010395,-0.9742475922683741,229.0,1
0,road_background,30.29529771828288,79.07232961175292,,,0.2892385218511676,101.51295889923972,0.008901800633284777,686.0,13.687290227477366,-0.04106123145209704,0.9991566320010278,73.0,3
0,road_background,30.226121713119205,78.82161583139285,,,0.35719123260639346,73.64811102993933,0.027271002740513854,590.0,3.981482260117364,-0.9578262852211514,0.2873478855663454,20.0,2
0,road_background,30.294616804463814,79.08407668089211,,,0.4143258134925466,102.63886371123162,0.004295373816859036,697.0,31.735375499728693,-0.24253562503633297,0.9701425001453319,204.0,3
0,road_background,30.25095250052769,78.8949338048926,,,0.3398512606765528,81.67453868522314,0.017391153627394695,593.0,16.17215901578255,-0.0,1.0,87.0,2
0,road_background,30.51380739203376,79.49284774352472,,,0.1975496671235515,162.63327329076756,0.00773951632912057,1460.0,47.066561811519925,-0.8993339802242959,0.43726238348836466,290.0,5
0,road_background,30.23604125603072,78.83625677224481,,,0.31152554561476475,75.4401997569408,0.005974414117225647,613.0,25.783208877580876,0.517536847347567,0.8556609209479775,124.0,2
0,road_background,30.138932889609055,78.40027634504733,,,0.2818211802281637,13.24882555719209,0.009521009748490492,418.0,33.732983054232655,-0.11481357927764353,-0.9933870554891765,199.0,0
0,road_background,30.269074866047216,78.93885781072291,,,0.6792537609339533,87.176912326351,0.012042259849327093,698.0,26.207204793582616,-0.09480909262799544,0.9954954725939522,147.0,3
0,road_background,30.08677852151848,78.58373307282072,,,0.27905616528741284,37.62298655937169,0.011841119181473821,861.0,18.84584886404717,0.996129850025381,0.08789381029635712,102.0,1
0,road_background,30.136422062020458,78.3360680594495,,,0.3027835719453089,5.581247709246906,0.00877130739425963,460.0,32.401162502089626,0.39391929857916774,-0.9191450300180579,175.0,0
0,road_background,30.245876734390308,78.91435643547722,,,0.20370913754106487,83.65691160327836,0.008257008446731086,766.0,30.82351257641641,0.9999843953591788,-0.0055865050020065705,179.0,2
0,road_background,30.221996657011783,78.77250189617627,,,0.07589908094734264,68.71928342886685,0.014252222126809513,544.0,1.3502244696996157,-0.14142135623730953,0.9899494936611666,7.0,2
0,road_background,30.4353607662256,79.42772584755076,,,0.2406653342256997,150.85219379927668,0.005962358316234066,1310.0,27.925465116864434,-0.8678558742495486,0.4968160439544517,138.0,5
0,road_background,30.286571041083285,79.25329813604365,,,0.06016849312331979,121.95440261368569,0.012504356679116691,792.0,14.544364771894998,-0.6809437453161917,0.7323357260947723,61.0,4
0,road_background,30.351245506442623,79.3200784816622,,,0.30198024573850873,133.2218204357558,0.01260037652121328,953.0,26.83227686595414,-0.9884477545529802,-0.15156198903145698,150.0,4
0,road_background,30.284054555178304,79.13772438742211,,,0.0005917133540400717,108.28191461034235,0.0011991436988594115,757.0,18.69555727416437,-0.44326908646960733,0.8963885970829838,91.0,3
0,road_background,30.275468964905556,78.96721087266411,,,0.2602500183683765,89.86494709554351,0.008257008446332275,654.0,27.112466130893708,-0.5989578255907086,0.8007805711701865,135.0,3
0,road_background,30.40468153618861,79.3361194943744,,,0.053188828307622366,139.837417278428,0.001250764262397992,1017.0,31.26448999474075,0.23607138836352468,0.9717357148917178,181.0,4
0,road_background,30.283345753601854,78.9747228,,,0.009489167886525577,90.96416725036939,0.004627920171515143,637.0,24.95516341112208,-0.5228979516403331,0.8523952910301322,119.0,3
0,road_background,30.298101811118276,79.1142231685465,,,0.11003119736575231,105.55694878194385,0.013755159545888984,799.0,14.959246786437891,0.6487341760138776,0.7610150910932025,61.0,3
0,road_background,30.302068776694295,79.04980479379441,,,0.2901277493746809,99.31224115608275,0.011788990894592151,757.0,33.62946437787163,0.907077318021167,0.42096405919214375,181.0,3
0,road_background,30.086395978049847,78.53580787414,,,0.3270682658764202,32.23110502988113,0.008824987526141628,930.0,29.165971054161123,0.6151803235809573,-0.7883864341037513,156.0,0
0,road_background,30.249932289953268,78.9287290321684,,,0.947395297672668,85.60311343990519,0.004847046886172,752.0,33.68610041444362,-0.5100765172168042,0.8601290290322582,223.0,2
0,road_background,30.41730232601472,79.42530808307806,,,0.09168035615408839,148.5889367415269,0.004847046885513829,1224.0,15.826471649478735,-0.7525766947068778,0.658504607868518,65.0,5
0,road_background,30.284918995377758,78.98382518980596,,,0.47533003603434376,91.7119810353346,0.012887374422720555,663.0,8.615410562643753,-0.7700215609055623,0.6380178647503231,73.0,3
0,road_background,30.2237607098157,78.6790504908082,,,0.1353994164009617,57.54908395279362,0.005826457937073357,551.0,9.989124040512575,0.8705628387201343,-0.49205725666790195,46.0,1
0,road_background,30.228337782571234,78.6787344492614,,,0.36084054587632264,58.00322445137592,0.008517989889475068,561.0,22.643281111131632,0.9988499868416298,-0.04794479936839815,125.0,1
0,road_background,30.308485428367316,79.30389783747421,,,0.2511354883173792,128.29199006914257,0.014066181863623316,915.0,25.85783647839694,-0.37139067635410367,0.9284766908852593,152.0,4
0,road_background,30.115955429273043,78.43360720643055,,,0.06661882244959354,17.417203030354337,0.004195986350518318,472.0,22.50225703641086,0.9494848750783711,-0.3138127976953938,123.0,0
0,road_background,30.296640662840115,79.09030203047121,,,0.21718576744461532,103.24716970724114,0.006549778735392363,721.0,15.968099418295768,-0.13979027774953026,0.9901811340591726,85.0,3
0,road_background,30.26484231982619,78.93574003755492,,,0.4301035238710694,86.6799653914368,0.006173081600310075,681.0,31.750259969383293,-0.9534197080546158,0.30164691328281645,177.0,2
0,road_background,30.208523594684753,78.66425434833367,,,0.25348398367423797,55.38208945524548,0.005928715460850189,588.0,21.99027979518445,0.9409925915226636,-0.33842716010902796,114.0,1
0,road_background,30.25344717417723,78.87875340173628,,,0.05400673108341836,80.11943151863923,0.014747653943759209,667.0,36.0641718159674,-0.9795101877096707,0.20139461803376416,214.0,2
0,road_background,30.239023212561655,78.82495568471113,,,0.8068547851845294,74.41753759171316,0.005962358315481246,580.0,13.910966097929396,-0.8747913560854157,0.4844998279857686,65.0,2
0,road_background,30.137299892687075,78.39379121141499,,,0.0971823077076307,12.719352416276013,0.016197651864597765,411.0,17.96402006474039,0.2570227035097048,-0.9664053651964906,94.0,0
0,road_background,30.263065647782348,79.21835345782489,,,0.17491671089222036,117.68148108753786,0.012297521232627472,819.0,20.805327017676884,-0.8333974630293253,0.5526741070615525,95.0,4
0,road_background,30.145405775782653,78.60320687171868,,,0.49874290705189855,45.67617446776306,0.008944929101605912,570.0,37.71236996163477,-0.15950350395996465,-0.9871973623468073,229.0,1
0,road_background,30.528543168273803,79.5274387661459,,,0.6813145732658943,166.30666006175213,0.005962358315222315,1647.0,24.15404655313558,-0.19325647802426324,0.9811482730462595,132.0,5
0,road_background,30.233604390895024,78.70949420375105,,,0.2887344152775047,61.61328970568808,0.007435448591132158,556.0,5.822915528381649,0.19611613513818385,-0.9805806756909202,33.0,1
0,road_background,30.257809104793772,78.87905424365852,,,0.5301493675567343,80.09956330637564,0.00498886816339912,636.0,16.04294696177856,-0.8230259256433586,0.5680038078383742,71.0,2
0,road_background,30.323427817269387,79.30299372583987,,,0.7478599694060377,129.8554228690919,0.01161929136396751,908.0,34.50756012361928,-0.9406399207975821,0.3394061569888184,194.0,4
0,road_background,30.135616987427774,78.33289297373605,,,0.3479333108728352,5.266248508441332,0.013561952449718355,446.0,29.538782259558104,0.15294117647058808,-0.9882352941176471,168.0,0
0,road_background,30.238477148720506,78.68113748486022,,,0.585316924471868,59.125745414011874,0.01133117277535667,591.0,24.970337178163142,0.6513806620718378,-0.758751100874888,106.0,1
0,road_background,30.235187816426418,78.71075163471883,,,0.0958324028191424,61.70319534683517,0.010892513713793546,573.0,13.176636939354136,0.46984908144540444,-0.8827467590792445,66.0,1
0,road_background,30.515513525261373,79.49361300530538,,,0.25059476550954907,162.82871807413198,0.0014474163613841838,1403.0,45.46380536115595,-0.6526800634676733,0.7576336415127262,245.0,5
0,road_background,30.5301933,79.51843365569079,,,0.12393699995472184,165.76075964393726,0.013561952449890669,1535.0,23.962023808777246,-0.36750803932629134,0.9300203444175537,124.0,5
0,road_background,30.405404992639856,79.35353455545956,,,0.12320343901074196,141.51357709876407,0.00884037877746873,993.0,14.301742055401467,-0.4576434318173782,0.889135810388049,117.0,5
0,road_background,30.213012490702255,78.67520036909644,,,0.4494111581514209,56.41620394198817,0.010843505848541587,577.0,39.60249007337404,-0.4472135954999581,-0.8944271909999159,222.0,1
0,road_background,30.237114734937883,78.82312869227499,,,0.6258352445509013,74.21097204648751,0.012645543517896249,582.0,14.607427362451745,-0.9336748535812904,0.3581218616476183,82.0,2
0,road_background,30.126108844046236,78.39012778320662,,,0.06107442410948924,11.43319160527178,0.011009846480994722,492.0,36.40050809718758,0.9991718086377763,-0.04069025465040719,221.0,0
0,road_background,30.407304389487106,79.38119286206425,,,0.013873968783410974,144.18857650961115,0.008541665814472453,1054.0,14.325168124318807,0.5873952888998236,0.8093001758175348,62.0,5
0,road_background,30.41082756587259,79.39004115212275,,,0.25770077764357513,145.12984581832364,0.0014965697573100251,1074.0,10.226214981308424,-0.4619344188369685,0.8869140841669796,78.0,5
0,road_background,30.286693116613876,78.98322292478377,,,0.29490245810351684,91.80835300995827,0.012114646641698269,616.0,6.297279578570529,0.42288546533112387,0.9061831399952655,49.0,3
0,road_background,30.238145190083515,78.83200663938848,,,0.6051159130430144,75.07254268732076,0.018761678435300452,637.0,23.44414611986146,0.568810207097825,0.8224688129657741,107.0,2
0,road_background,30.22233946217347,78.78011753505555,,,0.1302534168264898,69.42152235356698,0.013211539562965337,562.0,5.362499644812646,-0.10653312363426524,0.994309153919809,28.0,2
0,road_background,30.217852178167,78.80359420782248,,,0.03378677247591783,71.71457677542415,0.006645964982582202,558.0,18.45641864524321,0.04993761694389224,0.9987523388778446,100.0,2
0,road_background,30.354277287069067,79.31951546032892,,,0.27067243973582394,133.55995947545188,0.005292289256270016,947.0,26.455184637901645,-0.9847160476062541,-0.1741674642024668,147.0,4
0,road_background,30.26055514131978,79.21968872922693,,,0.09802985284512791,117.54339453705867,0.0010142457106815958,804.0,24.85307336012273,-0.8275951732462347,-0.5613254218539677,115.0,4
0,road_background,30.407283337534917,79.38570949166296,,,0.007848571027153925,144.62309923509804,0.01420614217872583,1049.0,1.3769539890554017,-0.8320502943378436,0.5547001962252291,39.0,5
0,road_background,30.290463266748503,79.28021148746703,,,0.09146113355355585,124.57505074469951,0.00659998842049045,844.0,12.39360918751796,-0.37922341748388194,0.925305138660672,63.0,4
0,road_background,30.286522213537527,79.16276682571961,,,0.20544525803049196,110.72083045364226,0.012433054271394137,817.0,11.038532615965034,0.546788900938727,0.8372705045624257,49.0,3
0,road_background,30.2721221743443,78.95905001623261,,,0.09029696075679794,89.0136593309425,0.010206046770011277,639.0,28.730172850142985,-0.23107243079589565,0.9729365507195605,166.0,3
0,road_background,30.411064999486797,79.41639667911471,,,0.4534734215687356,147.5496899554885,0.006645964982124202,1187.0,9.761969244030082,-0.5812381937190965,0.813733471206735,43.0,5
0,road_background,30.398426055913372,79.32902051231467,,,0.01345198609686999,138.66056684515593,0.007734838982312639,948.0,24.171765180416852,-0.8837879163470618,0.46788772041903276,153.0,4
0,road_background,30.28295420926612,79.1669652101846,,,0.4260600640467482,111.24061833721424,0.012343067081103623,811.0,19.42151942541203,0.9643261479171182,0.2647169817811698,104.0,3
0,road_background,30.397256767418153,79.32854720811501,,,0.01676830948120927,138.52352758319532,0.005582606840490317,1028.0,32.86335003171469,-0.8049261287772091,0.5933750308293531,163.0,4
0,road_background,30.330669157244458,79.31504839068602,,,0.1557112772510653,130.94607256856568,0.009542358059312188,921.0,24.38695354474039,-0.007352742413412814,0.9999729682241425,136.0,4
0,road_background,30.29426897039204,79.29856751973149,,,0.0019333884682177433,126.38860283117857,0.011150064798461203,873.0,24.19477015360099,-0.5564110560103849,0.8309071769755081,146.0,4
0,road_background,30.202299922435024,78.63980525120539,,,0.050624395170023,52.728448336078145,0.0029349747879152703,634.0,23.552514211939993,0.9635179096299405,-0.2676438637860947,126.0,1
0,road_background,30.431292460036634,79.42951657109195,,,0.07214541710469337,150.3941512844384,0.008487597404350941,1292.0,17.896342138883487,-0.9909553679602787,-0.13419187274462102,96.0,5
0,road_background,30.49531734875013,79.48444229350558,,,0.1701085044726773,160.46899063939702,0.01345398818998988,1412.0,31.096243266249033,-0.9671460864252652,0.2542212570032126,187.0,5
0,road_background,30.239597337937383,78.7159156479906,,,0.5591567418714902,61.92998886399696,0.012042259849001017,574.0,17.987985640523593,0.32852062494127265,-0.9444967967061592,92.0,1
0,road_background,30.408834163784235,79.36367980045755,,,0.19844853175763943,142.50505287949318,0.015009924251375324,999.0,9.035788824485143,-0.5449883505954142,0.8384436163006371,98.0,5
0,road_background,30.21879259457707,78.7680922694198,,,0.08208762781059355,68.18957394496087,0.0012507642621686986,535.0,1.3502244696996157,-0.7071067811865476,0.7071067811865476,6.0,2
0,road_background,30.23451959652246,78.83990493751233,,,0.09056738983816283,75.76068756184964,0.012885023715049354,621.0,17.896342138883487,0.1341918727446211,0.9909553679602787,96.0,2
0,road_background,30.235479893741854,78.84701294966223,,,0.00912661991166202,76.46323623476273,0.01049388451812146,615.0,31.998331672918127,-0.6881884364992321,0.7255319950689579,136.0,2
0,road_background,30.13861380782899,78.4038284656892,,,0.3666855857310265,13.58178936215676,0.007773195351063081,463.0,26.962533897302656,-0.21623659576939236,-0.9763409930193776,149.0,0
0,road_background,30.297063109318184,79.09181390429458,,,0.1769379368020397,103.39456455689121,0.005962358315436914,712.0,11.052669609878356,-0.8020431103403958,0.5972661459981671,47.0,3
0,road_background,30.545607926241022,79.53103830924748,,,0.21012281775210095,168.01381519290808,0.005540048496934279,1762.0,40.15770396242383,-0.8532818336519591,0.5214500094539749,216.0,5
0,road_background,30.274569304459256,79.2311927128867,,,0.0053830215197905465,119.445496745689,0.005458037173912588,848.0,39.83529877025462,0.18380600323684668,0.9829625390492236,246.0,4
0,road_background,30.468655469526276,79.4432651452818,,,0.6560248061531936,154.79515341101296,0.007267441738786116,1278.0,42.850705625821256,-0.2694966407213549,0.9630013295109747,268.0,5
0,road_background,30.26424131800751,79.21363818671136,,,0.23933903696852027,116.95132440863557,0.012343067081535729,753.0,10.555380466061173,0.6797646651599362,0.733430296619931,99.0,4
0,road_background,30.206326159684792,78.66154101527768,,,0.42476813923698353,55.0692561204202,0.008655106129913898,622.0,39.52004833321298,0.10910092800162437,-0.9940306773481311,246.0,1
0,road_background,30.40669223354806,79.35783919904439,,,0.01843744431721424,141.93883759404127,0.011878488084983128,990.0,9.946959301027954,-0.1520571842539411,0.9883716976506172,69.0,5
0,road_background,30.26410590461733,79.21948459515772,,,0.16086911688493977,117.83921416731326,0.012709126272892031,819.0,32.17906765366635,-0.8846882866737746,0.4661830492652227,167.0,4
0,road_background,30.412340870540767,79.39485062139462,,,0.29458599550303016,145.62056176469576,0.028462866884716612,1161.0,31.001940781337822,0.4271322938277432,0.9041891414795084,223.0,5
0,road_background,30.221497101325188,78.771353282422,,,0.06878350183058779,68.59593149133168,0.004491237912971142,545.0,0.7874055945561603,-0.9701425001453319,-0.242535625036333,4.0,2
0,road_background,30.412226374241577,79.41159986430594,,,0.17755628076646535,147.15802941475226,0.0018544063413793702,1175.0,24.01218370209156,0.2319577079001624,0.9727258718393907,130.0,5
0,road_background,30.28150386122445,79.24653514439346,,,0.09427664713706356,121.10968063416946,0.01189340258234491,802.0,9.508656426564368,-0.6766252893427925,0.736327520755392,44.0,4
0,road_background,30.29401356595199,79.08190987982549,,,0.47176474712260774,102.42762978860074,0.021628071056581755,769.0,32.0688940876747,-0.10108385177247331,0.994877909550132,187.0,3
0,road_background,30.221133565420594,78.73885385869838,,,0.08758893282689506,64.86171707592723,0.01115006479922129,565.0,20.307500221928045,-0.4864075370399286,-0.8737320572754272,97.0,2
0,road_background,30.278819411370765,79.24258894137967,,,0.15842196595645253,120.63200428752168,0.011619291365001883,815.0,18.63974550018102,-0.31622776601683794,0.9486832980505138,96.0,4
0,road_background,30.321420728484423,79.30355956466414,,,0.6372808809092706,129.65544689246693,0.019111201309416282,960.0,23.881078530833086,-0.8959278822580864,-0.4441995382624125,119.0,4
0,road_background,30.30027836241821,79.00495001881336,,,0.2831807089683997,94.52058404647111,0.008840378777139333,694.0,28.386379696379503,0.36393414694597465,0.9314246811668165,151.0,3
0,road_background,30.082969400161243,78.53398730311417,,,0.4859511139100104,31.845097372220778,0.0036633103372102687,939.0,39.009608011928854,0.48144479298510634,-0.8764764179985267,213.0,0
0,road_background,30.22529926050358,78.81979536806861,,,0.32338780367442305,73.45365836126948,0.004363192407790759,569.0,6.697349295207787,-0.8232127859153063,0.5677329558036596,29.0,2
0,road_background,30.251480442972802,78.89230976334159,,,0.3062755684329458,81.41757163572673,0.008418188709662773,634.0,25.645855808388653,0.5832067830913987,0.812323733591591,117.0,2
0,road_background,30.270227879698936,79.16832298395423,,,0.06827951761315021,112.55518083113915,0.006652458005957931,798.0,17.09827707070628,0.49847112425808265,0.8669063030575352,92.0,3
0,road_background,30.245272890510968,78.9096932665436,,,0.23878586631257695,83.22663956735964,0.002845776797373945,701.0,39.612764584574585,-0.9061831399952655,0.42288546533112376,225.0,2
0,road_background,30.432980838626985,79.42874069245298,,,0.1493993834456922,150.5797823283547,0.008517989890454493,1326.0,14.70766576132861,-0.7619393177594593,-0.6476484200955404,60.0,5
0,road_background,30.430407247567924,79.42848052280071,,,0.17046084205024634,150.29488850766464,0.008418188710163291,1281.0,27.354983491958595,-0.9986707093363723,-0.0515442946754257,155.0,5
0,road_background,30.289328952380256,79.15618632741919,,,0.19969582958413173,110.14101471311457,0.007894461401226592,815.0,8.680866955824149,0.807790947859209,0.5894690700594227,40.0,3
0,road_background,30.2464111925268,78.87367481161218,,,0.23154343623477414,79.2693771640626,0.014077360744718971,690.0,10.989685337598363,-0.6351053995925656,-0.7724254859909578,46.0,2
0,road_background,30.239768336326907,78.84865102037544,,,0.360713623631471,76.7992692598612,0.006363450548501962,630.0,24.29407880573639,-0.9378378076817369,0.3470738343389106,127.0,2
0,road_background,30.280343079651132,78.97232568574327,,,0.1200501732041742,90.58120883014197,0.011663889392798455,723.0,25.781071626671828,-0.8902481629773388,0.4554758043139874,129.0,3
0,road_background,30.309091028465897,79.30707513771144,,,0.03140952005111415,128.42660459445716,0.006609422571158568,944.0,22.410170065975226,-0.8406528164418242,0.541574410592329,104.0,4
0,road_background,30.28703670799493,78.98447619796934,,,0.3524581131767396,91.92092884472687,0.013781539526971828,616.0,7.662350300486558,-0.7432941462471663,-0.6689647316224497,86.0,3
0,road_background,30.08881619840937,78.58191567606237,,,0.005119663226289796,37.63164078305034,0.010258353178385526,832.0,37.73682576715284,0.5685378803551766,0.8226570844533236,191.0,1
0,road_background,30.30308110471771,79.30030975691697,,,0.45172705052809764,127.63164060478195,0.009530381704940447,930.0,35.07664121839609,-0.8876826746612136,-0.4604557189419129,187.0,4
0,road_background,30.26807452055722,78.94273239777104,,,0.3937459018703056,87.44094953051031,0.008508349623153114,668.0,36.2792214259171,0.8582932797672528,0.5131594741465584,189.0,3
0,road_background,30.28805451830316,79.25836878133788,,,0.0339793643847577,122.46020829899629,0.0014965697564885592,815.0,14.774422182543713,-0.35389209741589106,0.9352862574562836,74.0,4
0,road_background,30.236795265991283,78.69244109392815,,,0.2161806690442112,59.93646877103812,0.007262470622167999,562.0,15.429676513191891,-0.7970921481540103,-0.6038576879954624,73.0,1
0,road_background,30.294841498327717,79.07521871652732,,,0.3519004371872453,101.78845818844785,0.00850834962261546,710.0,13.886723705145327,0.06741385799232379,0.9977250982863921,74.0,3
0,road_background,30.26664791283129,79.17566,,,0.3183576293199034,113.32496711056892,0.016194503199127405,806.0,25.275272440586637,-0.25414578932719617,0.9671659204951633,137.0,3
0,road_background,30.137949252091452,78.39563039149448,,,0.025433304648017012,12.866801099165444,0.01739115362730778,412.0,14.00865002478555,0.38745961773206916,-0.9218866766728537,69.0,0
0,road_background,30.243800969487665,78.91705426763572,,,0.5216416950145997,83.65691160327836,0.011641276822331811,722.0,22.44706987542605,0.25012203258182936,0.9682143196715974,120.0,2
0,road_background,30.144911934192315,78.59673576152484,,,0.05779447407163288,44.745761094571975,0.04802882951568362,491.0,28.056215780306513,0.9318872501845502,-0.3627480571188183,149.0,1
0,road_background,30.138562363065823,78.40277758596369,,,0.3264434482586341,13.488849909878653,0.008263369681039034,445.0,23.22767085385943,-0.3417430630867042,-0.9397934234884371,121.0,0
0,road_background,30.429430699372706,79.42835199263408,,,0.18132059832363392,150.18674563432683,0.050276132443756776,1308.0,17.661411261406936,-0.9422146902791405,0.3350096676548055,90.0,5
0,road_background,30.41968014089829,79.4265878,,,0.11464613510018702,148.79319489960184,0.019854568112805282,1273.0,12.712318286641286,-0.3250797685110479,-0.9456865993048666,64.0,5
0,road_background,30.094061707739264,78.43544331791206,,,0.03873823128864169,19.957628308508344,0.010932723060933455,403.0,12.930397332020355,-0.9001592514155135,-0.4355609281042808,77.0,0
0,road_background,30.28705666438498,79.12415416132683,,,0.45820543443532946,107.01334788909489,0.015086146127225258,810.0,27.553264834924445,0.17888543819998318,0.9838699100999074,154.0,3
0,road_background,30.369598445717152,79.3118370977996,,,0.5885478657113986,135.15154326073176,0.006618520044311007,1007.0,31.231514791391643,-0.9675004150201615,-0.2528694266529968,176.0,4
0,road_background,30.138962720833668,78.59449386555443,,,0.29197713082385895,44.0942769145508,0.014206142178240996,579.0,32.754877470959904,0.9999865770911208,-0.005181277601508489,193.0,1
0,road_background,30.5357208181133,79.52466600564047,,,0.004015040117674223,166.79894705152995,0.0073163131141135256,1668.0,35.15750060985306,-0.9749465498183989,-0.22243926136633377,206.0,5
0,road_background,30.294590398425104,79.1182422289953,,,0.10322562449081607,106.06913571410419,0.005500100400037577,820.0,29.855890671294773,0.8013915661623369,0.5981400819907297,147.0,3
0,road_background,30.531143272291086,79.51920234645338,,,0.13120860894959585,166.08180246811978,0.010680765909054268,1479.0,35.658689105512565,-0.14402256580269926,0.989574403741127,213.0,5
0,road_background,30.37982164326175,79.32063546662299,,,0.04270663825797138,136.45409200268284,0.008551700095301715,957.0,15.927937328525411,-0.9694515404198262,0.24528291986525727,92.0,4
0,road_background,30.491872522250365,79.48224584515359,,,0.2840582410559595,160.0485456169012,0.00382367335162145,1402.0,26.8583111112794,-0.38835124443163677,0.9215114274649008,140.0,5
0,road_background,30.289381760378195,79.15752899214478,,,0.1784079552926832,110.26857648253001,0.027292647265288406,777.0,11.853970574915799,0.6828838780646055,0.7305269393249266,46.0,3
0,road_background,30.29933049627972,79.30093532463255,,,0.29896483493651566,127.2414106126587,0.040318455092258614,868.0,19.463215648254312,-0.9998220482235222,-0.018864566947613712,106.0,4
0,road_background,30.448522802067494,79.42928028148069,,,0.048444327973564814,152.3025559654821,0.006180003028638045,1375.0,42.9066656207626,-0.9933932203097084,-0.11476022761700612,277.0,5
0,road_background,30.261888961303118,79.21874689399365,,,0.06452861245502559,117.60289042215922,0.012088831717000712,823.0,27.838974955039955,-0.9467727448197126,-0.32190273323870244,150.0,4
0,road_background,30.182966482980255,78.62553727022849,,,0.3074432204317763,50.14084365188913,0.004295373817173073,580.0,41.51845656804221,0.25226862021804863,-0.9676572447169928,257.0,1
0,road_background,30.297562073973925,79.30018595814217,,,0.324800815633222,127.0346058556057,0.01378144656725998,864.0,17.489712241907654,-0.9943889131791124,0.10578605459352258,94.0,4
0,road_background,30.437645214377216,79.42940991057986,,,0.07127742681026128,151.099929646028,0.01394979604342576,1323.0,30.721700071729607,-0.9984256421484637,0.05609132821058773,178.0,5
0,road_background,30.529310902043402,79.5144168974741,,,0.07920641189951662,165.34213795526054,0.01743015400889438,1454.0,34.6605872943073,-0.6122704244304069,0.790648422099108,164.0,5
0,road_background,30.413254787500666,79.40981135009402,,,0.012665521859186237,147.03409862428205,0.00865685859343338,1155.0,21.80209548384262,-0.008333043996551019,0.9999652795861222,120.0,5
0,road_background,30.48291965801614,79.4708342402167,,,0.02278774654765102,158.3190174663273,0.006421049551859715,1449.0,44.56831375543572,-0.6361815827492872,0.7715393663129652,228.0,5
0,road_background,30.30787949743042,79.0389513570859,,,0.1724059468742686,98.08635828778024,0.006482910721453096,753.0,17.29165232220518,-0.22485950669875845,0.9743911956946198,93.0,3
0,road_background,30.52834154247098,79.52520859927904,,,0.5193302691354991,166.16415552740807,0.012297521232552195,1637.0,22.423358559286118,-0.11309093484108272,0.9935846418180838,123.0,5
0,road_background,30.28590694701304,78.98099531603525,,,0.2064234592828681,91.59464268053368,0.003908819010087942,661.0,13.720557158333222,0.0819155567294538,0.996639273541688,73.0,3
0,road_background,30.35728508373859,79.31826650617954,,,0.17333490451544317,133.8999301982466,0.009823942982510278,927.0,21.682963145292295,-0.8215881135914241,-0.5700815482062941,98.0,4
0,road_background,30.300513491281478,79.30060919232325,,,0.3592198960714715,127.36168098907059,0.011641276822085288,858.0,19.689673297252913,-0.8849182223819824,-0.4657464328326224,95.0,4
0,road_background,30.244024138740286,78.87649286547767,,,0.6094619823538501,79.2886720062001,0.00878301596484514,658.0,11.707711630795371,-0.9007686813688952,-0.43429918566000303,67.0,2
0,road_background,30.28717606552068,79.16178814908177,,,0.14643426729617998,110.61781154510403,0.0013134927156498437,799.0,12.123615839923609,0.6672483215852396,0.744835335723058,48.0,3
0,road_background,30.30642446904231,79.04540516042978,,,0.048295289315675435,98.71835626483228,0.013755159545844671,778.0,12.022576768787335,0.6417226326736842,0.7669368049026959,49.0,3
0,road_background,30.242819081874803,78.86975638377253,,,0.26632806014861815,78.72283191491512,0.0065659827771926155,660.0,19.783996656977774,-0.3521387758758063,0.935947799038327,101.0,2
0,road_background,30.275004503242968,79.22898964532706,,,0.1907555934464021,119.3517821153976,0.0016040446730739312,787.0,23.527335287876266,-0.1990599242901046,0.9799873195820534,128.0,4
0,road_background,30.24654018348294,78.87257408582597,,,0.14905701827771115,79.20142700891688,0.012245256910019507,684.0,12.544569696915534,-0.9887155042247666,-0.149805379427995,66.0,2
0,road_background,30.546474132652,79.53226885017285,,,0.19672589858722966,168.16551918747263,0.0159813744068789,1776.0,34.8316181151828,-0.8670615157120183,0.4982010919008282,181.0,5
0,road_background,30.45923054546757,79.43143685044816,,,0.2518890066729833,153.4439754298587,0.014965231306352024,1304.0,44.67045498719319,-0.8665782699607883,0.4990411827011545,257.0,5
0,road_background,30.25772654776524,78.9215424944896,,,0.01571201041952277,85.00904659073116,0.023065901908774777,684.0,29.849215481804254,0.6621977964717106,0.7493290854811462,155.0,2
0,road_background,30.151758817496,78.61469490760216,,,0.5509656180111334,46.616399329187466,0.008487597404682802,631.0,25.718432563872085,0.6643638388299198,-0.7474093186836597,116.0,1
0,road_background,30.123624597044277,78.38700960662636,,,0.06277392732255982,10.960019943781749,0.00773951632885153,565.0,41.56494759552538,-0.15036212746706482,-0.9886309880959518,263.0,0
0,road_background,30.23830877361024,78.82431761938706,,,0.7384015428442919,74.34456937428945,0.00915721997231404,609.0,18.71074126563356,-0.5905099943842171,0.8070303256584301,88.0,2
0,road_background,30.291519966940744,79.28833431671706,,,0.12023819127876086,125.36490567373605,0.007889505952246927,878.0,23.44167460019249,0.2767511843030121,0.9609416121632366,125.0,4
0,road_background,30.294325463080902,79.07956299868249,,,0.4273475194989443,102.20354950225858,0.004770944688350709,697.0,30.296694500741985,0.2852535947741893,0.9584520784412763,168.0,3
0,road_background,30.511650974252465,79.49337712661523,,,0.014753042020823458,162.47191801583207,0.030364718209758567,1652.0,41.084579088391536,-0.9175556253099241,0.39760743763430045,240.0,5
0,road_background,30.218190864128562,78.79957947065697,,,0.027310465659757928,71.34310716876793,0.022494749419574425,575.0,16.349170683956118,0.8067660937467361,0.590870941899018,97.0,2
0,road_background,30.269439135661713,78.95318919630985,,,0.006920919773302417,88.38390312566777,0.009578376662174877,624.0,29.598625651107067,-0.6102777774098923,0.7921874995224564,135.0,3
0,road_background,30.211363642763185,78.66554804975736,,,0.004361099237461706,55.585579069941325,0.00449123791281178,612.0,31.083468290880255,0.873635136354786,-0.48658159493177977,158.0,1
0,road_background,30.407284769051287,79.3480783221843,,,0.1307187629505015,141.00923346693696,0.008783015964942662,1005.0,9.479030544199953,0.0598922907279466,-0.9982048454657787,94.0,4
0,road_background,30.24204428400349,78.85577416762402,,,0.3134733640394998,77.52788437785331,0.007262470622248988,657.0,28.353522011926277,0.10500631328561127,0.9944715552343184,161.0,2
0,road_background,30.125897324037172,78.3598388015869,,,0.10092260793068956,8.10889288413405,0.02147910245350883,454.0,33.83257454489017,-0.5569933880295251,-0.8305169267940243,167.0,0
0,road_background,30.421286549112434,79.4235050507834,,,0.38154679670886193,148.57341354133263,0.0066562631361183,1263.0,23.97577371272972,-0.914428660574951,0.40474711205776515,122.0,5
0,road_background,30.256632808558564,78.9211476212776,,,0.06846312231973635,84.86012696478937,0.009000995633291427,751.0,17.508996647267743,0.7818985947848452,0.6234056363825117,79.0,2
0,road_background,30.0818200094724,78.53410471707133,,,0.5868595337971115,31.76700964980102,0.01500992425151059,918.0,30.903182393153006,0.5234758647036898,-0.8520405031879202,153.0,0
0,road_background,30.12487867448553,78.58968758821923,,,0.3662672360927203,42.0441448218977,0.01049388451787319,555.0,21.095359300815375,0.2160154734833404,-0.9763899401446987,113.0,1
0,road_background,30.252492695395617,78.87845880116278,,,0.05159343497233306,80.06418193954927,0.00558260684101521,699.0,39.712642829511935,-0.9631721335644855,0.2688855539534188,240.0,2
0,road_background,30.404763985547774,79.33993031216447,,,0.07686421133082058,140.203450476261,0.012260951527619923,1013.0,11.542945380584484,-0.44067319063941457,0.8976676105617704,55.0,4
0,road_background,30.3269282,79.32166776219204,,,0.8852887577168598,130.69882043970352,0.006565982777829049,913.0,12.590817008436192,-0.9998886352243331,0.014923710973497506,67.0,4
0,road_background,30.06909316338179,78.49078323123297,,,0.2357880095289177,26.921225824772964,0.026250730645851476,476.0,25.084525511011247,0.890113825064477,-0.4557382784330121,133.0,0
0,road_background,30.249127957770092,78.89691594207237,,,0.21751035846457412,81.92375887757747,0.007894461401920426,640.0,20.871796435132758,0.8567206049113288,0.5157807723445755,98.0,2
0,road_background,30.241232953717923,78.85216945354696,,,0.37180195129975924,77.1743973900811,0.014385018343212317,658.0,22.557250501790246,-0.16049379658326068,0.9870368489870532,123.0,2
0,road_background,30.067286633433582,78.46561013848094,,,0.3178020226500656,24.40312463995533,0.009627874986590141,481.0,9.899291772263616,-0.8786245095725466,-0.4775133204198623,48.0,0
0,road_background,30.340603957198002,79.31945187903955,,,0.17104209696450456,132.1068187468754,0.00972200712780209,944.0,12.76055201634139,-0.7359310117618297,0.6770565308208832,69.0,4
0,road_background,30.29722330082554,79.05875553519874,,,0.3848215561821227,100.32212429523497,0.010229971602833114,710.0,23.007560607531648,-0.3767981292019328,0.9262954009547514,118.0,3
0,road_background,30.073418475631907,78.44805307199555,,,0.05252648345293682,22.611269035514454,0.005704424298805478,452.0,21.39126491083083,-0.7403249966411385,-0.6722491348810338,87.0,0
0,road_background,30.207152764507004,78.66309267978751,,,0.37290581255031957,55.23645730153882,0.012887374422726958,641.0,35.14450550834623,0.6581693191022402,-0.7528699405557998,188.0,1
0,road_background,30.295192836981546,79.0734232913755,,,0.30546731734798455,101.61758088129402,0.004431035183207072,682.0,12.973775869268836,0.057873849514347826,0.9983239041225,69.0,3
0,road_background,30.489060862314034,79.48529779107245,,,0.07552952682716772,159.8170458914581,0.015836499359196985,1471.0,28.458255596170282,-0.08609884197836283,-0.9962866000353438,162.0,5
0,road_background,30.257911464330853,79.22026436648589,,,0.36281764964364466,117.5141282211068,0.0023778277699174678,794.0,22.51209145999796,-0.9007686813688952,-0.43429918566000303,124.0,4
0,road_background,30.08518502742337,78.53549026686045,,,0.4045218127900429,32.117685323538865,0.007935920251751253,962.0,34.73764978885928,0.9998960036511462,-0.014421576975737732,208.0,0
0,road_background,30.42333407293651,79.42482014958368,,,0.5117237558016294,149.50794162948668,0.0012507642616106016,1242.0,29.665849859262984,-0.8426962598121401,0.5383892771022005,144.0,5
0,road_background,30.405174933590512,79.333189989507,,,0.026330395942427403,139.56153472976746,0.010934183141961495,964.0,17.748280443764315,0.02082881368183567,0.9997830567281121,127.0,4
0,road_background,30.32784136513035,79.3213682405808,,,0.8310702395166631,130.78874478681124,0.008257008447283052,890.0,15.075465848688943,-0.6558722842844453,-0.7548718743651163,73.0,4
0,road_background,30.349081369751126,79.3198215841755,,,0.26108403085158993,132.98475143126103,0.005247720647160001,910.0,22.405551465732508,-0.9944610622282515,-0.1051056407233112,123.0,4
0,road_background,30.067889731761944,78.47025365755199,,,0.18409304282589206,24.834642125140526,0.006322038603778845,492.0,4.879793459751458,0.6246950475544242,-0.7808688094430304,26.0,0
0,road_background,30.285798684614615,79.25122536897412,,,0.08731140997738616,121.73914571019796,0.006880640703119498,802.0,21.134094585125364,-0.5346417126044627,0.8450788360522153,101.0,4
0,road_background,30.215616987384227,78.76444656024262,,,0.26620418055074446,67.72864107786833,0.006482910722623885,529.0,11.268529661509747,-0.9535826651341416,0.30113136793709744,60.0,2
0,road_background,30.070852615849404,78.5120943614428,,,0.1818867294030074,29.399020061382032,0.008517989890518036,653.0,28.718112731641558,-0.9977581562766362,0.06692280316489638,164.0,0
0,road_background,30.224932417319934,78.73288863523611,,,0.031855723396180376,64.15263355030658,0.017990359883003994,576.0,21.777380406008874,-0.7592566023652966,-0.6507913734559686,91.0,2
0,road_background,30.222132540078682,78.73680829686323,,,0.04301424161127581,64.64045709287372,0.009842636015213718,591.0,32.205139563761,-0.4022064895245426,-0.9155489827334985,173.0,2
0,road_background,30.22067829637918,78.68075672826744,,,0.14962351313969272,57.3155829707196,0.013048917183550722,554.0,11.052669609878356,0.8020431103403958,0.5972661459981671,49.0,1
0,road_background,30.299457097756644,79.11219235154822,,,0.24194851048083715,105.34900523879048,0.011331172776187337,794.0,6.091478002079769,0.24987801902176973,0.9682773237093576,35.0,3
0,road_background,30.29153197271631,79.2814754280932,,,0.00227997655537883,124.71635958085415,0.010088471142879986,850.0,7.221493673514509,-0.8155071447352173,0.578747005941122,31.0,4
0,road_background,30.301627517437048,79.00093516518817,,,0.4303555396709283,94.13349762921055,0.025961317098550776,715.0,24.57744098026169,0.6923801015595329,0.7215329479409869,126.0,3
0,road_background,30.080505431248525,78.57480297509967,,,0.3939137192334671,36.55686667753394,0.008541665814541678,925.0,36.25411999872587,0.004545407589007329,-0.9999896695815661,220.0,1
0,road_background,30.407592984562328,79.38007714790996,,,0.04676664796182764,144.08151685297943,0.01198895340571323,1028.0,18.066696914488166,0.3678643965693598,0.9298794468836596,105.0,5
0,road_background,30.066909313301995,78.46682677823931,,,0.3412781654458793,24.525167253588084,0.004166192465158646,498.0,6.091478002079768,-0.6246950475544242,-0.7808688094430304,31.0,0
0,road_background,30.29843118438672,79.10518168655618,,,0.06906163508882339,104.68716108687224,0.00847900116730308,786.0,17.63779112047119,0.49274802436934695,0.8701720430352295,110.0,3
0,road_background,30.27926766927719,79.2437809838787,,,0.1736427373042999,120.75602587874539,0.004141952537688359,803.0,16.16405677061638,-0.5060146113828585,0.8625249057662362,83.0,4
0,road_background,30.292719578416733,79.30001893627616,,,0.19595511775298186,126.49448671361058,0.02039589830340416,931.0,16.59468442725759,0.5928174284216942,0.8053368838936221,72.0,4
0,road_background,30.244972375073107,78.91437379080553,,,0.30287644123327356,83.65691160327836,0.009842636015373949,760.0,28.671128380422488,0.99970269064305,0.024382992454708534,164.0,2
0,road_background,30.265711816137664,79.22103766854364,,,0.15376154019358834,118.07119177628995,0.008824987525943127,832.0,35.02251023762291,-0.7705554205302804,0.6373730021670221,166.0,4
0,road_background,30.303084561232126,79.04901061643157,,,0.2237659037656283,99.19370272015684,0.01149131231717109,781.0,31.942545850900135,0.8126483330040125,0.5827543966936668,152.0,3
0,road_background,30.076593855430083,78.44389184816988,,,0.1904658398037273,22.096900016186748,0.012123074857497083,433.0,19.827028653408167,-0.554700196225229,-0.8320502943378437,90.0,0
0,road_background,30.239391852294492,78.68983344846413,,,0.02477227291073562,59.64094548258081,0.01150911289996438,570.0,18.08168200491717,-0.7657048647896111,-0.6431920864232733,123.0,1
0,road_background,30.301122312309666,78.99533251024862,,,0.3716963184074424,93.59469573537518,0.001604044673975756,684.0,27.08880558135949,-0.7103577951071147,0.7038407511153062,123.0,3
0,road_background,30.253465181019493,78.88822211706102,,,0.37438596175298156,80.97234600380673,0.01152201788990708,637.0,24.907300906228848,0.7106869995555598,0.7035083429943925,99.0,2
0,road_background,30.467330965097048,79.44077949377969,,,0.6164088411761605,154.65951666647433,0.013390732658567616,1308.0,28.914883684796624,-0.49483861870098866,0.8689848913773458,149.0,5
0,road_background,30.41186833390593,79.36880207127138,,,0.5294222571241709,143.0009793815562,0.003231840129028821,1003.0,19.915050939108344,0.43243193195282664,0.9016665815186597,124.0,5
0,road_background,30.407084875298256,79.38737367895774,,,0.0719969829673698,144.77145240574256,0.01898247028754816,1051.0,21.96857791941515,-0.016526668186661136,0.9998634252929987,128.0,5
0,road_background,30.288974060157614,79.15518688385963,,,0.18141708082669694,110.03876895455876,0.005540048497172703,816.0,1.1615629095286717,-0.9863939238321437,-0.1643989873053573,6.0,3
0,road_background,30.072406023082028,78.4501798910508,,,0.01643812100944083,22.849694785172417,0.027271002740287764,469.0,18.432370280762363,-0.8601290290322582,-0.5100765172168042,86.0,0
0,road_background,30.262417210641967,79.215663863054,,,0.09145711405340219,117.18966266795516,0.011549863534288645,793.0,26.4592859363578,0.924261426490025,0.381760154419793,145.0,4
0,road_background,30.28491652020942,78.97696840071704,,,0.012543264743628024,91.2417356279411,0.00661852004452741,691.0,21.174875668094682,-0.610957575917125,0.7916633378081055,92.0,3
0,road_background,30.26689014186179,79.19510884170003,,,0.08712247806926116,115.15091856079653,0.005833278795168589,777.0,39.29711075343495,0.06516730462135606,0.9978743520145146,245.0,4
0,road_background,30.299825573433452,79.0240719004221,,,0.020338997506378156,96.4113079869365,0.008757448902987722,709.0,12.720371647381587,-0.28056699181282446,0.9598344456754522,71.0,3
0,road_background,30.288304338987206,79.2672315636761,,,0.09598863358728037,123.30349417433266,0.008453041571190475,849.0,26.67114951338856,0.6834995288741617,0.7299509531665802,134.0,4
0,road_background,30.241822019051227,78.85318036801604,,,0.3920006751609851,77.28970791067155,0.040318455091428514,648.0,13.030052657357782,-0.2016529206704871,0.9794570432566516,68.0,2
0,road_background,30.299448423064003,79.09453145452413,,,0.09010735319969436,103.65643420469054,0.001313492715630851,705.0,16.173171448603526,-0.6091551634928819,0.7930510619058273,69.0,3
0,road_background,30.23599298117961,78.82331106318067,,,0.5005795209682145,74.20895524871602,0.009651344707398807,579.0,13.377253997959537,-0.9951750001597838,-0.09811584508617592,71.0,2
0,road_background,30.41420467407042,79.41874260781628,,,0.20223612074314137,147.87886831426965,0.009517647745466226,1179.0,10.52892978420199,-0.8429222095775883,0.5380354529218648,47.0,5
0,road_background,30.151323987530578,78.61363618928304,,,0.4812918592816818,46.527882345808884,0.0029018569006890806,588.0,32.205139563761,0.10055162238113581,-0.9949318425080793,188.0,1
0,road_background,30.485850681108392,79.48215259010956,,,0.2038452122493892,159.43238227124786,0.009991655825586582,1420.0,46.50418876660859,-0.21190439127425462,0.977290401548428,309.0,5
0,road_background,30.058374178922534,78.48357624933313,,,0.9530277375519982,26.328696169537682,0.005826457936884176,565.0,22.967498489192884,-0.047191458070459824,-0.998885862491398,127.0,0
0,road_background,30.301027791916333,79.00271050030187,,,0.36492881263913196,94.3046658477485,0.010079737574224229,661.0,32.47927885276409,0.4555723159649016,0.8901987783222216,170.0,3
0,road_background,30.26850651113899,78.95091554677013,,,0.03266655481164752,88.1423063198883,0.004363192407882732,639.0,29.373838993556916,-0.396776306234066,0.9179153353176156,156.0,3
0,road_background,30.24640543070668,78.91041878842002,,,0.11856645793415756,83.30476335936896,0.007316313115108936,718.0,41.202347683658076,-0.8338033444876964,0.5520615751174246,219.0,2
0,road_background,30.529531588967295,79.52809191744323,,,0.6692138643690674,166.4321530374829,0.015086146127073832,1648.0,22.975773606312657,-0.9984844492783109,0.05503457594447379,127.0,5
0,road_background,30.276892714585788,79.23836947412356,,,0.13698227768940954,120.1739996717447,0.006151081468648448,817.0,24.739510841428526,-0.47021272338499753,0.8825531115841493,130.0,4
0,road_background,30.22417013893639,78.81734321235034,,,0.2797266853117762,73.19030554705832,0.018644558753241107,565.0,5.294834123107803,-0.6114475010757654,0.7912850013921671,22.0,2
0,road_background,30.325564434638537,79.30536165754286,,,0.5897103763137278,130.14303231976962,0.0016040446732648044,910.0,32.475364029097754,-0.7175037031203687,0.696554689890577,146.0,4
0,road_background,30.298840468963494,79.05311756117634,,,0.4671365037861191,99.75687813773764,0.006245925661664477,710.0,24.765132183123914,0.5563665144885961,0.8309370021582929,126.0,3
0,road_background,30.291188074358942,79.11845449457955,,,0.39940677125365337,106.30200217919618,0.007982916994562063,791.0,36.55194760935875,0.9936624471259272,0.11240525419976553,221.0,3
0,road_background,30.12932486373234,78.35326262858113,,,0.03998509730730257,7.373823653044217,0.002845776797622828,426.0,23.08738122819177,-0.5708353548297359,-0.8210645514674285,111.0,0
0,road_background,30.41340154357998,79.41716229745883,,,0.23483856234938588,147.70581937494168,0.02039589830290341,1180.0,5.975322296133548,-0.7961621941231025,0.605083267533558,25.0,5
0,road_background,30.22231132086661,78.77659956635708,,,0.07378025021195954,69.08774560235618,0.004155118983922325,558.0,10.191975831050888,-0.18540785919782468,0.9826616537484708,53.0,2
0,road_background,30.12374397882347,78.38569651660211,,,0.026509595504277582,10.838270085208574,0.0341105007678137,538.0,46.22205564453168,0.022358626526023013,-0.9997500146636007,313.0,0
0,road_background,30.2978780746413,78.9920620083191,,,0.011339841186650209,93.28186698950056,0.011253414608739127,622.0,22.320855640555926,-0.6738842434959944,0.738836941664283,156.0,3
0,road_background,30.269293338781807,78.93986678894056,,,0.6504384331511738,87.27271912218703,0.015086146126955016,638.0,31.57526564931597,0.3308335440929601,0.9436891257733616,183.0,3
0,road_background,30.47805835597241,79.46241968433866,,,0.38797386704359915,157.418384124077,0.01164127682234495,1452.0,20.395757297162938,-0.09861604625030408,0.995125557616705,111.0,5
0,road_background,30.347111887021317,79.32129039121286,,,0.38731628963543946,132.75789159659956,0.014385018342720834,939.0,16.816519785765795,-0.9926135178975279,-0.12131942996525331,93.0,4
0,road_background,30.296768925606752,79.0891706442198,,,0.19821403321732164,103.13903711363797,0.012645543518660287,680.0,21.14054093566372,0.008620369344188777,0.999962843925898,116.0,3
0,road_background,30.08160189431792,78.5598796176624,,,0.22415297215906643,35.287073869818904,0.006151081467283012,976.0,26.455184637901645,-0.17416746420246673,-0.9847160476062541,147.0,0
0,road_background,30.081796415681254,78.53272364961224,,,0.49845854111181337,31.667754422471425,0.005088320901179846,930.0,36.2792214259171,0.10444838854310476,-0.9945303083017373,219.0,0
0,road_background,30.41206626794614,79.37181113867739,,,0.5486568161223951,143.29070630639393,0.007854186841660553,1018.0,2.234299777412273,-0.3417430630867042,-0.9397934234884371,100.0,5
0,road_background,30.277521377602227,78.97128976373045,,,0.31145948268023715,90.31541457660543,0.013561952449799223,705.0,18.630422492299257,-0.9689681151274986,0.2471857436549742,98.0,3
0,road_background,30.24751762051806,78.91705672545093,,,0.2615912308676591,83.7954590975036,0.0048437801995078675,761.0,32.036026910735245,-0.7777408419603032,-0.6285850640501083,146.0,2
0,road_background,30.296362542445863,79.11675258594379,,,0.025197168936239592,105.83923460499159,0.01834291788608068,793.0,18.435808233832855,0.7599620028497626,0.6499675024372968,76.0,3
0,road_background,30.299143397995014,79.09776046216115,,,0.08409972594394757,103.9689035201007,0.010399815446357541,760.0,6.887078228772746,-0.4691552259617493,0.8831157194574106,44.0,3
0,road_background,30.25544713839658,78.88640636955083,,,0.5186316478903367,80.73204094341875,0.011878488084971767,644.0,25.813634258486857,0.5306182274438559,0.8476109347479776,123.0,2
0,road_background,30.297943121340293,79.05351657837456,,,0.5387640474454295,99.83554757618252,0.008783015965050834,711.0,27.143960593281577,0.591645488722759,0.8061982483694737,124.0,3
0,road_background,30.31882313528066,79.30769490697543,,,0.1781126544913066,129.48225112370423,0.007897400953262922,957.0,20.061121712720187,-0.5568048683244144,-0.8306433281560934,92.0,4
0,road_background,30.283708637943644,79.13638299053841,,,0.08514775635825826,108.1891296782025,0.009938511272915855,754.0,18.465855186974235,0.059892290727946725,0.9982048454657787,100.0,3
0,road_background,30.28951140324767,79.27477730702664,,,0.0985739516643094,124.0417223456811,0.007267441739262371,806.0,14.367222403874573,-0.572588637392906,0.819842821721661,65.0,4
0,road_background,30.287892697608644,79.16044905551227,,,0.05810159790901585,110.49501550179585,0.012749365053579497,798.0,11.976725812374069,0.7071067811865476,0.7071067811865476,46.0,3
0,road_background,30.228618758018612,78.72681295689146,,,0.023401364320199916,63.441978015310404,0.01897726400956694,577.0,13.540792726885439,-0.7474093186836598,-0.6643638388299196,59.0,2
0,road_background,30.060419461386708,78.48497846000677,,,0.7028623439461891,26.410962614560088,0.023065901909037317,548.0,19.38775523983328,0.9945572319203384,0.10419171001070208,105.0,0
0,road_background,30.075217415771117,78.44626789799084,,,0.08488260291585176,22.35044981248591,0.010571241725337322,453.0,19.83718166821705,-0.8131086861592095,-0.5821119003185248,113.0,0
0,road_background,30.536632513136173,79.5246165228278,,,0.05827449979511905,166.87835292267832,0.007741681686166907,1685.0,37.311374908668554,-0.9972318352284208,-0.07435500525825949,228.0,5
0,road_background,30.234245770388345,78.84449509103676,,,0.035870549881945255,76.18646357828631,0.02729803958860255,589.0,18.8324783292214,-0.3713906763541038,0.9284766908852593,95.0,2
0,road_background,30.282489589212464,78.97374441778436,,,0.010559912629613191,90.83217080849883,0.0012507642627442638,706.0,28.424176310813827,-0.6528177847742662,0.7575149766720258,131.0,3
0,road_background,30.2219756,78.67783445865608,,,0.1504493629970314,57.24485418008572,0.010136161617992911,532.0,9.283987672581857,0.6321267274717938,0.7748650207718765,66.0,1
0,road_background,30.412443060314082,79.36789336330321,,,0.5937699310952462,142.9141271219089,0.025735508072355952,1029.0,15.179705807856672,0.44229248412044486,0.8968708705775688,118.0,5
0,road_background,30.286002689109594,78.97889097970689,,,0.05679281708101814,91.45781304366218,0.01272270022721756,633.0,18.370345512861498,-0.3011313679370974,0.9535826651341416,95.0,3
0,road_background,30.30164574980175,79.30076939084857,,,0.3726272976623422,127.4871101732295,0.018607278015909976,872.0,26.351800527803043,-0.8747913560854158,-0.4844998279857685,130.0,4
0,road_background,30.32485111540163,79.30374134927482,,,0.7195734981031225,130.02613702796097,0.0065497787351823005,917.0,32.547460785743844,-0.7834099903662489,0.6215052590238909,150.0,4
0,road_background,30.409117259477327,79.38945807384295,,,0.09060392574690256,145.02500758818303,0.013048917182939612,1065.0,16.761400580513136,-0.9960726406926865,0.0885397902837944,90.0,5
0,road_background,30.441112098064195,79.42993002005163,,,0.01000194264437376,151.4816428776332,0.0088963759653808,1303.0,17.316797840373336,-0.9942686368882866,-0.10691060611701998,93.0,5
0,road_background,30.291972748265405,79.28590093025552,,,0.028096305865220543,125.14390666357124,0.008132435557171348,837.0,27.953570562837537,0.05025089939609433,0.9987366254973749,159.0,4
0,road_background,30.263789092621916,78.93525493220214,,,0.35381794739719497,86.58035536663841,0.010068217735359042,709.0,39.10233716664201,-0.9063925854305436,0.4224363633454568,221.0,2
0,road_background,30.284972164587096,79.16594002993202,,,0.42107975337469616,110.99670332077477,0.010106769933217213,819.0,19.630414815023528,0.7943578329771962,0.6074501075707971,86.0,3
0,road_background,30.219308063640444,78.74055114454835,,,0.04101784014460225,65.11715397702739,0.020822264998273644,553.0,18.915011320626533,-0.7976593312819867,-0.6031082748717461,82.0,2
0,road_background,30.308389096953007,79.30502096455922,,,0.14346907268930675,128.30614784800693,0.011201339032043985,912.0,17.961354711432804,-0.07197776964677477,0.9974062365338788,97.0,4
0,road_background,30.11569312621352,78.42697283857011,,,0.5733305597003958,17.027839466741067,0.0029349747875514216,470.0,25.599992614128137,-0.5287476299210656,-0.8487790901364476,143.0,0
0,road_background,30.23964282092499,78.82864780029348,,,0.8191066106981101,74.77913910447195,0.010696259344473859,625.0,13.21652576617395,0.11354659116073192,0.9935326726564042,70.0,2
0,road_background,30.50683006430498,79.4886168,,,0.08506323830066512,161.80115454755878,0.01067750145921309,1329.0,32.490306531189724,-0.6804510993672779,0.7327934916262991,174.0,5
0,road_background,30.22274229933852,78.78320791281426,,,0.22114887328250163,69.70813462934936,0.005965309442284558,556.0,5.602387424064845,-0.16990691650764622,0.985460115744348,29.0,2
0,road_background,30.26096713530058,79.21870256751168,,,0.004661190145677639,117.52028409013471,0.004843780200261752,799.0,21.587269858480052,-0.8677242369053593,-0.49704592211083665,103.0,4
0,road_background,30.296541936828824,78.99144768029542,,,0.07438164589089559,93.1363821058495,0.050276132442269424,679.0,31.620313174029555,-0.8987164070773227,0.43853029501965757,191.0,3
0,road_background,30.433931068100584,79.4281751056211,,,0.20209519964697106,150.69290572643067,0.013212696400216077,1322.0,20.666338310480775,-0.9985933097131318,0.05302265361308657,113.0,5
0,road_background,30.09258942009687,78.53870586713462,,,0.01421556454322467,32.90108871466438,0.012372395800970914,1023.0,31.507840481757086,0.9081184751681616,-0.4187133089098711,167.0,0
0,road_background,30.267812262929326,78.93601374033416,,,0.6989910548730871,86.87032993888606,0.010934183140648783,689.0,29.618525422233592,-0.773957299203321,0.6332377902572627,132.0,3
0,road_background,30.373455200453677,79.31257011539044,,,0.6239861959846305,135.5823382865669,0.005833278794445528,963.0,19.460813303840002,-0.46224358164394697,0.8867529933577759,94.0,4
0,road_background,30.40489481341768,79.33136466960957,,,0.029566460365719416,139.40933041839565,0.009651344708819405,1000.0,18.507815420240913,-0.7866637535694461,0.6173816800165274,87.0,4
0,road_background,30.295019790022334,78.98976834676074,,,0.08090187829764742,92.90315114424767,0.008137954364493473,621.0,6.14724803268626,-0.3713906763541037,0.9284766908852593,101.0,3
0,road_background,30.291828355620623,79.28485757957,,,0.02538726019837032,125.04228775433425,0.01013616161829447,839.0,19.460813303840002,0.009433542482529532,0.9999555031481302,106.0,4
0,road_background,30.297005703451475,79.11590323977956,,,0.0036625572138066333,105.72873157420611,0.0011551411778865886,785.0,21.49657774630263,0.5586003794790644,0.8294369271052774,98.0,3
0,road_background,30.43631771672415,79.42849048866502,,,0.16401610281333703,150.95580266306882,0.0011991436990167284,1300.0,26.518128771999905,-0.9218866766728538,0.3874596177320689,138.0,5
0,road_background,30.46806705402177,79.44170027200404,,,0.6464182220555736,154.7621080546419,0.0027588300540266402,1325.0,39.51430693357535,-0.34757760679806193,0.9376512183389578,232.0,5
0,road_background,30.236974784743428,78.83447379261494,,,0.4402498465364104,75.28684147447426,0.015392930391415583,612.0,30.52298671118579,0.40141192394271824,0.9158976292777514,162.0,2
0,road_background,30.233955297352786,78.8422398684228,,,0.006114862763460795,75.97287463822313,0.006482910721706444,617.0,15.323143104973054,0.17031428521880662,0.985389793051667,81.0,2
0,road_background,30.255459143895276,78.87928017707034,,,0.28035425859492336,80.09956330637564,0.010343216883822535,686.0,25.624289242719836,-0.861755507634515,0.5073238069138678,153.0,2
0,road_background,30.21993647059599,78.76944187532689,,,0.017150202979199735,68.35882278903196,0.012165497485798302,536.0,1.7077242317193897,-0.8944271909999159,-0.4472135954999579,8.0,2
0,road_background,30.237087157251974,78.69530696784811,,,0.13810113841935798,60.20290646839767,0.006245925660715267,589.0,22.964314595992878,0.4090559040929091,-0.9125093245149514,116.0,1
0,road_background,30.073473139636036,78.50318534324012,,,0.39612581390584445,27.92379929281925,0.010079737573720665,455.0,18.751154028091243,-0.9426272251612074,-0.33384714224459416,96.0,0
0,road_background,30.285398721923954,79.16477193873159,,,0.33556141990238847,110.9098462293533,0.02729803958838707,818.0,11.163504082894692,0.6080768777884903,0.7938781460016401,47.0,3
0,road_background,30.092301666872938,78.5448699326324,,,0.22138260943805188,33.47502719723281,0.013781539526694028,1004.0,29.659519613336535,-0.4448706387423289,-0.8955948385207411,153.0,0
0,road_background,30.409671312967035,79.37624201118565,,,0.27994472121498265,143.71461157126197,0.015086146126928004,1038.0,39.40273352922841,0.22722961560641844,0.9738412097417932,260.0,5
0,road_background,30.248525213137036,78.9154747321095,,,0.07355612299810199,83.81054274657272,0.029882285906941336,704.0,8.735690934280582,-0.9761870601839527,0.2169304578186562,120.0,2
0,road_background,30.270451513214734,79.16697521993723,,,0.10681057190154987,112.50435499046428,0.035840993422774824,803.0,15.291768058100292,0.02438299245470854,0.99970269064305,115.0,3
0,road_background,30.299228911065097,79.02202225409,,,0.004362964623453799,96.20481643324773,0.0077395163289129204,693.0,10.44746989776266,-0.6507913734559684,0.7592566023652967,45.0,3
0,road_background,30.41079461372342,79.41453755288629,,,0.4215802999600994,147.37114595819543,0.0016683194020498116,1191.0,14.506372352544124,0.3736108433124819,0.9275855420171965,72.0,5
0,road_background,30.21764354174363,78.80463216149738,,,0.11265900608335509,71.78004592680425,0.007050363142104173,557.0,19.818432220135985,-0.046246761394888876,0.9989300461295997,108.0,2
0,road_background,30.217553899611808,78.67868023389006,,,0.27747821750120577,56.99475658535101,0.001313492715800275,581.0,31.026441293563,0.9698156353838245,-0.24383935975364726,175.0,1
0,road_background,30.218594283541158,78.67926373936724,,,0.22494126462230565,57.111488413846374,0.011893402582175463,553.0,20.28933199958598,0.8926166538284023,-0.4508164918325263,112.0,1
0,road_background,30.46692594543496,79.43660097433116,,,0.7669524517679578,154.2840181068532,0.011870905248760355,1219.0,40.50369672587116,-0.49949721934415764,0.8663154898000234,222.0,5
0,road_background,30.428293288002916,79.42727941052843,,,0.28276198400697333,150.05954988633442,0.01125341460791345,1280.0,32.45078614945803,-0.9960211039518373,0.08911767772200642,190.0,5
0,road_background,30.288587270929504,79.26010948307552,,,0.06102047709467857,122.63568824585055,0.020494032801177172,804.0,19.541477686748877,-0.253568637954641,0.9673173966417787,103.0,4
0,road_background,30.29859264122708,79.09250590993983,,,0.010913895724198033,103.46854767202683,0.0189986833359766,705.0,12.89478218207381,-0.6697687702776066,0.7425697235686509,52.0,3
0,road_background,30.412917269053793,79.3936156,,,0.38789716083004566,145.5232108259322,0.010973059460253226,1067.0,4.262693045214654,0.4472135954999579,0.8944271909999159,211.0,5
0,road_background,30.304510025133816,79.03324781953349,,,0.07030967507348886,97.43093670571717,0.007854186841290503,653.0,21.64281645634068,-0.5796477649438282,0.8148671478195845,156.0,3
0,road_background,30.41970783765442,79.42783069652616,,,0.0773814794485681,148.9068763237081,0.009991655825968553,1282.0,18.26375976452043,-0.010100494835363094,-0.999948988700964,99.0,5
0,road_background,30.075582671226194,78.50058916283686,,,0.5956236555596052,27.92379929281925,0.011491312317417035,426.0,29.52772362092193,-0.3825250499864641,-0.9239451207365366,157.0,0
0,road_background,30.213310232233027,78.67023988462422,,,0.11886543727047115,56.07030453757433,0.0060583790988458395,559.0,35.586479269065464,0.363345276491644,-0.9316545551067793,200.0,1
0,road_background,30.243015099839088,78.91827674464996,,,0.6615785351885901,83.65691160327836,0.008867360019895363,745.0,14.71220292434199,0.1396438430468253,0.9902017961502159,78.0,2
0,road_background,30.239346119529156,78.71784112295619,,,0.6267301243988544,62.10472185395242,0.0016040446733136782,597.0,17.316797840373336,-0.4810977275265904,-0.8766669701595644,82.0,1
0,road_background,30.534279814497317,79.52046548974293,,,0.233092430834346,166.43489782565865,0.02147910245339085,1364.0,20.731211103264556,-0.9423381776111374,0.3346621565347964,107.0,5
0,road_background,30.247077822683384,78.91114320049554,,,0.0491036716993355,83.37933823823558,0.012343067081148134,719.0,42.596431288149326,-0.7214597652291931,0.6924563575817884,217.0,2
0,road_background,30.253014208123076,78.88912348059354,,,0.35798708969981613,81.07103723692289,0.008541665814214545,655.0,29.66120791584455,0.5560501945291115,0.8311487118224615,142.0,2
0,road_background,30.3165353015847,79.30900067114719,,,0.009303494501798446,129.27092733456286,0.008487597403683224,934.0,19.86915737629387,-0.9684929325968497,-0.2490410398106185,105.0,4
0,road_background,30.26873186488789,79.18618275058128,,,0.10571629353872627,114.27283738678217,0.00937813027056843,785.0,22.304259775110115,0.032503142545581586,0.9994716332766336,133.0,4
0,road_background,30.28858018302985,79.15881579412125,,,0.06585639792785265,110.371139368434,0.006251417075060655,793.0,11.720958234645899,0.6908577715463127,0.7229906911531178,45.0,3
0,road_background,30.256932757985084,78.87935825246771,,,0.43961005736201636,80.09956330637564,0.010680765908480678,672.0,17.59316742871581,-0.9776483112944344,0.21024694866546967,94.0,2
0,road_background,30.128742486847933,78.35485242525233,,,0.07683905053563486,7.535655340179966,0.005695943576660756,429.0,30.083316130847173,-0.17837904817780406,-0.9839618464001441,171.0,0
0,road_background,30.26700886789675,79.1936634192871,,,0.06582427167354914,115.01285189994607,0.009645221604004514,788.0,28.360372759879684,0.1543768802736096,0.9880120337511015,160.0,4
0,road_background,30.407242679410107,79.38282412727322,,,0.0056136376135970945,144.34547116433015,0.008263369681076271,1047.0,8.697149365003282,0.19611613513818402,0.9805806756909201,55.0,5
0,road_background,30.272598956665558,78.96236701291751,,,0.2378839304660308,89.30152360558895,0.015392930390687738,625.0,35.28178645675859,-0.2214174794559364,0.9751791116463581,207.0,3
0,road_background,30.3407269143945,79.31829567692749,,,0.06121634989384401,132.09738813943753,0.00839506392191719,963.0,17.456590925928477,-0.0847998304005088,0.9963980072059784,94.0,4
0,road_background,30.301823719330844,79.02731275886735,,,0.046024897746863774,96.7876816385798,0.009755516842123732,649.0,12.480320527105054,-0.6024069059118722,0.7981891503332307,64.0,3
0,road_background,30.48693003020449,79.48599152620449,,,0.2655882421775835,159.7826496411119,0.013755159546283202,1397.0,18.095771161885324,0.31622776601683794,0.9486832980505138,127.0,5
0,road_background,30.284001726142876,78.97561971402835,,,0.0064566877700662564,91.07829769556264,0.006645964982547726,679.0,26.360054096082706,-0.7399400733959437,0.6726727939963124,110.0,3
0,road_background,30.41180825912391,79.37367084440807,,,0.5184906091953781,143.46938233263987,0.021372703281405486,1009.0,9.479030544199953,-0.43921013200494263,0.8983843609192008,68.0,5
0,road_background,30.076043877796884,78.44472198571775,,,0.15782016237354418,22.19183647450847,0.008655106129852881,453.0,18.161628216040814,-0.4267754980800643,-0.9043576030744216,89.0,0
0,road_background,30.419893119712526,79.42344788747454,,,0.23825833560838422,148.5165064927246,0.010886305604330758,1271.0,14.29118566219738,-0.7327934916262993,-0.6804510993672777,67.0,5
0,road_background,30.066726809913213,78.46787828841055,,,0.34587289569946117,24.62823621528019,0.027298039587952468,501.0,3.5068479668213075,-0.3807498052542947,-0.924678098474716,29.0,0
0,road_background,30.222480613306658,78.67943391928593,,,0.0462091189844945,57.433147002021904,0.011491312317646751,535.0,6.651732748715235,0.8574929257125443,-0.5144957554275263,34.0,1
0,road_background,30.418192940742916,79.42851540796038,,,0.10252351997307531,148.91270206608175,0.004700630519514481,1228.0,5.621637841894446,-0.8804710999221753,-0.47409982303501724,48.0,5
0,road_background,30.151972884338786,78.60084759356852,,,0.2582603429408657,45.60016354794049,0.006251417074770329,449.0,22.698431136921396,-0.08766123030951378,0.9961503444262931,164.0,1
0,road_background,30.290694679972898,79.29220545874495,,,0.27823322777820764,125.71435289108612,0.01025835317766707,880.0,23.90390462026533,0.27074557691828405,0.962650940153899,128.0,4
0,road_background,30.307315441011102,79.04441207501904,,,0.0028298780143693894,98.58885782080286,0.011893402582012049,780.0,13.415197239362266,0.4472135954999579,0.8944271909999159,64.0,3
0,road_background,30.530879125181155,79.5127683743279,,,0.15255537212889844,165.30318495649763,0.007329125312988714,1311.0,29.027534010088708,-0.48053465196494166,0.8769757398360187,148.0,5
0,road_background,30.492353338248517,79.48379997642662,,,0.15160578821136111,160.13598514194632,0.007707902017963302,1432.0,28.693518551014733,-0.9074239053797267,0.42021643940403464,149.0,5
0,road_background,30.42481855453477,79.42610569179837,,,0.39032831306453647,149.67379646936757,0.007938085385954525,1259.0,27.98349697176385,-0.8030011791882969,0.5959774376788141,128.0,5
0,road_background,30.29536540955888,79.07068634166286,,,0.27478482328601034,101.3553242515719,0.006245925661103775,679.0,16.336176074736947,0.29568372807113075,0.9552858906913456,85.0,3
0,road_background,30.25164096284499,78.93081313832543,,,0.7812974464023491,85.82293825307701,0.0052477206474469155,730.0,37.83938565194735,-0.6136434860425347,0.7895832267959886,199.0,2
0,road_background,30.269156470752996,79.18424445375392,,,0.11526988446661185,114.08074913019108,0.014082314080412597,733.0,19.57965917493864,0.17806067329020972,0.9840195102880009,128.0,4
0,road_background,30.297357410758817,79.10592298203663,,,0.042867618845708506,104.76875043551492,0.011893402581857287,798.0,26.900279318904865,0.8738471792745546,0.48620068621290996,171.0,3
0,road_background,30.238870617605535,78.84822418205972,,,0.2865616727415187,76.72154057743775,0.0328250953788918,589.0,18.606663931722995,-1.0,6.123233995736766e-17,101.0,2
0,road_background,30.266055631777,79.21076292665487,,,0.3661705700911933,116.63398675937829,0.011908183670302252,774.0,25.54803810960216,0.13946852184589265,0.9902265051058378,142.0,4
0,road_background,30.287953250916136,79.12155091651033,,,0.5209808673449211,106.75136916235917,0.008137954363830205,798.0,29.862146215660893,0.22061724728386525,0.9753604616760359,168.0,3
0,road_background,30.30542688545991,79.29898353039513,,,0.6348870482851884,127.85528431972672,0.007935920250810849,873.0,28.82988907208662,-0.9810437422032618,0.19378641821298995,162.0,4
0,road_background,30.306129275095007,79.03637500131234,,,0.1034793819919566,97.77950625221995,0.007854186841227477,729.0,22.01736458207472,-0.8737681706625942,0.48634266102917983,155.0,3
0,road_background,30.36172078398431,79.3167069694482,,,0.05689253142261563,134.39945358240197,0.012421244028147056,986.0,10.848102052501686,-0.7653620859054908,-0.6435999358750715,45.0,4
0,road_background,30.267446895246906,78.94464030993204,,,0.24031956712743524,87.56333987115087,0.01500992425178042,682.0,30.66817516091254,0.17987465838641115,0.9836895380506859,175.0,3
0,road_background,30.232703930562526,78.72438186971787,,,0.3001011882499053,63.015125381525415,0.004987388196815064,586.0,10.691447285602859,-0.6709133239691262,-0.7415357791237712,44.0,2
0,road_background,30.276701078849886,78.96998697376684,,,0.309743841149055,90.16069343077861,0.00785418684183837,698.0,18.409142483641386,-0.8713079436099463,0.4907366578952571,110.0,3
0,road_background,30.22471374784421,78.8184530975882,,,0.2966252773809727,73.31168428825332,0.010399815446124706,575.0,5.945162381165159,-0.6401843996644798,0.7682212795973759,30.0,2
0,road_background,30.36263299848937,79.31593283108441,,,0.018758482389728964,134.5004988870706,0.008840378777859164,972.0,15.848280508536563,-0.9628419719237997,-0.27006543114935855,82.0,4
0,road_background,30.39660976459899,79.32747714270111,,,0.05409692356714671,138.42009694193706,0.008517989890242612,980.0,23.89009272571159,-0.8202911753020488,0.5719461405775753,111.0,4
0,road_background,30.136995796739985,78.34038086413923,,,0.1891114449059265,5.985373291654826,0.01408231408056373,410.0,14.865494277066405,-0.5776688575142399,-0.8162712117049044,98.0,0
0,road_background,30.267339161965758,79.20802,,,0.4392101839154541,116.34335465628317,0.011150064798130188,808.0,18.59986856404698,0.2773364928491538,0.9607728502274256,154.0,4
0,road_background,30.29185489073858,79.2836876615168,,,0.0018432515430241536,124.9321597987325,0.005396321301725216,838.0,17.231864647073255,0.03224129401095805,0.9994801143396996,93.0,4
0,road_background,30.23842687193649,78.71998027752075,,,0.6402986615288702,62.33388371543422,0.007329125313523954,595.0,15.3144955947385,-0.5234181058748009,-0.852075986307815,70.0,1
0,road_background,30.466657705085325,79.45786552187778,,,0.0384974421749303,156.13034427490297,0.019854568111735006,1529.0,24.892067802108354,-0.9123243054707966,0.40946838906957,127.0,5
0,road_background,30.344989059169606,79.31995367683386,,,0.24306710546697655,132.53242849211017,0.013561952449753523,912.0,23.99548120959033,-0.9959543577452866,0.08986054355596575,133.0,4
0,road_background,30.28947436317393,79.15259140535936,,,0.2877057548037489,109.80610118126633,0.003908819009374906,814.0,3.6686658156074294,-0.4678877204190328,-0.8837879163470618,17.0,3
0,road_background,30.334094313682538,79.32084141233747,,,0.5462938653336903,131.49525129591697,0.006251417074744944,933.0,21.869859308909426,-0.8470638945081478,-0.5314910710639357,122.0,4
0,road_background,30.25268171337162,78.8901440717223,,,0.357872837299272,81.17589703536117,0.01799035988285247,593.0,19.188418756936425,0.5938522968371138,0.8045740795857672,84.0,2
0,road_background,30.23928234820023,78.82964796190885,,,0.7647223939386318,74.86798035863502,0.009813012479665642,622.0,13.346810182946873,0.4074416342905275,0.913231249271872,65.0,2
0,road_background,30.300267892734116,79.00790448893089,,,0.2834982250677244,94.80487144131786,0.01740171603420661,702.0,14.366056176200178,-0.6246950475544243,0.7808688094430303,73.0,3
0,road_background,30.40566943374564,79.34231974879974,,,0.002316275146604611,140.4413913928291,0.005974414117163567,1001.0,19.68651882536699,-0.8291725540450335,0.5589927330640676,101.0,4
0,road_background,30.083374566186876,78.53559602004778,,,0.5582888751388463,31.989095861984655,0.008003026395411528,956.0,36.52393892495334,0.8236477550690369,-0.5671017329983535,183.0,0
0,road_background,30.12064898294545,78.36640612527619,,,0.020721497477813725,8.950832696956672,0.011878488084767937,398.0,29.19898941019341,-0.6859226477428353,-0.7276744610837035,123.0,0
0,road_background,30.124107693963644,78.58781783928268,,,0.43190331184080133,41.85618859991441,0.014544515029547693,546.0,25.11127662816634,0.6045421344048129,-0.7965731653334006,116.0,1
0,road_background,30.12985614341404,78.35171139846263,,,0.0007037598235521427,7.218300827132679,0.009991655825577574,411.0,18.130932944052347,-0.3766500829338729,-0.9263556093779034,91.0,0
0,road_background,30.22300689865374,78.8153678595116,,,0.26686785036687427,72.96116283247908,0.02306590190827512,570.0,3.0765952471078046,-0.49613893835683376,0.8682431421244592,17.0,2
0,road_background,30.307584189749054,79.30174928829581,,,0.42985548025052256,128.1480090632891,0.00953038170487349,901.0,31.87623870820397,-0.21976728232932288,0.9755523264374821,182.0,4
0,road_background,30.27076839084332,79.2258675067888,,,0.13593819358241088,118.79802349976089,0.00950491258339207,885.0,36.26089278326507,-0.7861606252239777,0.6180222256096009,173.0,4
0,road_background,30.26828424470509,78.94889793626123,,,0.11068871169034804,87.96284495481324,0.02893688086315903,645.0,15.179705807856672,-0.7371541402007414,0.6757246285173463,93.0,3
0,road_background,30.266372881174306,79.20150367960322,,,0.18220846770529103,115.7615364758073,0.011663889392730052,769.0,5.788832299437198,0.6904757466825006,0.7233555441435721,83.0,4
0,road_background,30.29892587937775,79.06184661440787,,,0.08353659238941182,100.50415221618485,0.006322038604863536,709.0,21.49657774630263,-0.5586003794790644,0.8294369271052774,104.0,3
0,road_background,30.278066018027353,79.16653541580312,,,0.17949141012546524,111.72338314189868,0.020480330244216385,899.0,35.74835426995102,0.9909425349944865,-0.1342866052095332,214.0,3
0,road_background,30.531216659582018,79.51417128009372,,,0.115138374690886,165.40459174535005,0.010319236012897021,1356.0,31.37139732361224,-0.4537619797271696,0.8911229240425137,163.0,5
0,road_background,30.222190782361796,78.77875245290093,,,0.09329810696717193,69.29440951376557,0.009938511273207318,562.0,4.778790659346786,-0.07974522228289002,0.996815278536125,25.0,2
0,road_background,30.359074066753863,79.3174132798603,,,0.10484464170221283,134.10285910106717,0.0009004606657632224,932.0,24.16881343581011,-0.9284766908852593,-0.37139067635410367,133.0,4
0,road_background,30.272462398988953,78.96058575301015,,,0.14801149998639782,89.15480036144587,0.01025835317803808,672.0,26.799675819928744,-0.38274032777977623,0.9238559636063565,140.0,3
0,road_background,30.090695350960296,78.53684607135872,,,0.04622743789520902,32.62747860636337,0.05027613244329306,999.0,26.598121980533037,0.9453022148608267,-0.32619583470549646,142.0,0
0,road_background,30.301341633217966,79.0262562790926,,,0.04131162713183105,96.67299331066988,0.0026744740689515893,699.0,14.808229841174747,-0.3908736291420343,0.9204443524957582,73.0,3
0,road_background,30.261854118353593,78.93372926862176,,,0.2448453493777939,86.34486883587478,0.0026744740689360947,670.0,34.96697557365467,-0.7959784648911639,0.6053249403663343,168.0,2
0,road_background,30.234639729394598,78.67938442018207,,,0.5751006181979769,58.66924108855422,0.018761678435984704,554.0,23.07663528330174,0.9701425001453319,-0.242535625036333,124.0,1
0,road_background,30.132571111025715,78.34703119974132,,,0.017902494802640483,6.677392880238532,0.003908819009096272,456.0,31.815222106169536,-0.47281770481459673,-0.8811602680635667,164.0,0
0,road_background,30.433134968645952,79.43026501244232,,,0.0029782112592595046,150.59886973121618,0.01876167843555993,1337.0,12.931714267985916,-0.2322746820558164,-0.9726502311087318,67.0,5
0,road_background,30.238084081386326,78.84879102578292,,,0.1849583179523171,76.73622197858447,0.004195986348757031,633.0,27.08140466213085,-0.997425500255175,0.07171033008370548,153.0,2
0,road_background,30.33063880332965,79.31610220747011,,,0.2519303216905388,130.97824720398418,0.0014474163618860174,908.0,25.524712849427633,0.31413277700459175,0.9493790593916549,136.0,4
0,road_background,30.268950457740775,78.94105227965576,,,0.5595835079321088,87.35142669096145,0.017743376450215426,700.0,31.183852977963426,0.4516141612516682,0.8922133429606128,170.0,3
0,road_background,30.0608261671804,78.51025176068441,,,0.5882655001502756,28.87449168555354,0.00841818871028371,661.0,30.314960946665504,0.9976572381834037,-0.06841078204686192,175.0,0
0,road_background,30.40208641053346,79.33106206199993,,,0.05343826705137806,139.10867968331314,0.012433054271704543,1014.0,27.39376622526629,-0.9970165267285711,-0.0771883762628571,155.0,4
0,road_background,30.408020786328432,79.36152740767531,,,0.11041008464996341,142.29713044786763,0.014747653943455088,999.0,17.78071811341789,-0.353400568718577,-0.9354720936668215,130.0,5
0,road_background,30.237796713861854,78.6969686501152,,,0.03393142258293381,60.34736885133338,0.0035303767038782244,601.0,14.079306913753854,0.07974522228289012,-0.996815278536125,75.0,1
0,road_background,30.152937873003076,78.60164747871472,,,0.34726204537474603,45.69705529914299,0.004288933301610849,483.0,28.407793226985063,-0.2958176312331364,0.9552444341903364,155.0,1
0,road_background,30.20630651829617,78.65868285575867,,,0.35921714452615144,54.80215559636962,0.013244832586322891,609.0,37.893474347867546,-0.1456172893559361,-0.9893409953300376,231.0,1
0,road_background,30.308099899272825,79.04193267508832,,,0.07175851543331334,98.35609446429356,0.0061510814683565646,763.0,17.557548377203535,-0.3476574532100168,0.9376216162330756,89.0,3
0,road_background,30.248067753652077,78.8755996267052,,,0.2232084267545822,79.52973336584486,0.001144158589661096,678.0,9.713320968615797,0.1168412475673972,0.9931506043228762,52.0,2
0,road_background,30.124697886048676,78.59106590791608,,,0.25890569618553044,42.124534178926325,0.008655106129433758,550.0,23.24269544553521,-0.27164450205712165,-0.9623976644309453,124.0,1
0,road_background,30.266401810130514,79.19219730226574,,,0.033721048181604034,114.89079271606342,0.021628071056222827,862.0,28.968224279559458,0.03010682791295303,0.9995466867100405,166.0,4
0,road_background,30.31228805122367,79.30795673576107,,,0.03377913782504205,128.79014000509625,0.010399815447267723,936.0,28.01150371924516,-0.9712381911835565,0.23811000816112998,155.0,4
0,road_background,30.0825571,78.57692421802429,,,0.31402544668735544,36.851391586663375,0.014252222126742708,889.0,24.595273937892607,0.9029950811978714,0.4296508854086647,124.0,1
0,road_background,30.425824012457618,79.42679021437652,,,0.32601962347893987,149.78588207522748,0.006565982777803298,1268.0,23.407032879798102,-0.9163339737118747,0.40041484565560914,122.0,5
0,road_background,30.116337744197402,78.42611186795625,,,0.5907118623395012,16.919943073398578,0.006656263135527211,472.0,37.440839263463936,-0.5354662961092215,-0.844556597115357,208.0,0
0,road_background,30.266508716818006,79.19751096665493,,,0.10277788060854258,115.38535022619882,0.010258353177897127,845.0,31.067194934405954,0.13832224525180553,0.9903872760029278,179.0,4
0,road_background,30.12868139741839,78.3561675338805,,,0.14511863399444866,7.64240984030788,0.014077360743944967,426.0,32.24525310766328,-0.5812381937190965,-0.813733471206735,155.0,0
0,road_background,30.297241154299847,79.0543754463981,,,0.5712991538819104,99.94415665645077,0.013912015818462256,711.0,25.208987620154367,0.6443537672643938,0.7647275479621376,126.0,3
0,road_background,30.2332225,78.67910216728681,,,0.5389728234707486,58.51435398370651,0.01067750145921309,574.0,19.746339269341227,0.9843125823683101,-0.17643338740564057,106.0,1
0,road_background,30.488428886788103,79.48455229582657,,,0.05316607217555375,159.76687410864915,0.010322380812360792,1456.0,19.277077181080166,-0.1906145551111452,-0.9816649588223979,103.0,5
0,road_background,30.25954584827547,79.21936957173114,,,0.16270043712818896,117.5141282211068,0.028183318638050344,789.0,19.630414815023528,-0.794357832977196,-0.6074501075707972,104.0,4
0,road_background,30.29857939221863,79.06083117631256,,,0.16145584412673075,100.43384431467484,0.010076075973926926,690.0,26.77053081880238,-0.3634026260373531,0.9316321867503052,141.0,3
0,road_background,30.341999871220256,79.31950431203815,,,0.17750495220220056,132.20559681544424,0.015555032553524157,961.0,31.8407656016741,-0.9930032678347869,0.11808687509386662,185.0,4
0,road_background,30.41179891279348,79.39009931972863,,,0.3596564587887466,145.1640854600194,0.006680640564292273,1053.0,9.833563964207116,1.0,6.123233995736766e-17,80.0,5
0,road_background,30.30016660949866,79.00598157774027,,,0.2713389683241141,94.6199055611462,0.016653870219035867,662.0,21.84525219118344,-0.06651901052377393,0.9977851578566089,120.0,3
0,road_background,30.274644422765558,79.23290586209866,,,0.08570326411334751,119.5947283403342,0.007992289562026043,843.0,39.09172015827695,-0.11898343366512643,0.9928962395503653,242.0,4
0,road_background,30.250857109499737,78.89306666021074,,,0.2671610144969669,81.5099018585276,0.001014245710611537,593.0,24.354887785278137,0.596459568552559,0.8026431231139374,109.0,2
0,road_background,30.144118944593608,78.59578430487674,,,0.15178159390945598,44.6606933632323,0.006565982777487489,580.0,28.829889072086612,0.9568204399266381,-0.290679627319485,158.0,1
0,road_background,30.22788758246742,78.82273738294904,,,0.26725955515528155,73.85227948800484,0.0096278749861332,595.0,16.773991341000443,-0.7851657554580989,0.6192856662768104,71.0,2
0,road_background,30.292817997375717,79.11802771885245,,,0.275489902027462,106.16484251337631,0.009991655825829823,872.0,40.094998206553775,0.9897905064830298,0.14252983293355617,250.0,3
0,road_background,30.488100721970753,79.48567156304601,,,0.14856245422598896,159.7826496411119,0.010214127632066538,1410.0,26.152976132423955,-0.1764954339903355,-0.984301458792256,163.0,5
0,road_background,30.088928616479578,78.43475045648255,,,0.16435757520660368,20.474169421254754,0.009578376661753629,394.0,3.243292282776195,-1.0,6.123233995736766e-17,106.0,0
0,road_background,30.218659989306612,78.80753517671552,,,0.1925194677697942,72.0703594973432,0.011197252827477635,547.0,16.875260459543124,-0.20877860329062126,0.9779629312034365,90.0,2
0,road_background,30.267388806334946,78.94358184921266,,,0.2868135433700484,87.47249696116683,0.0018544063409983438,685.0,36.31300410899995,0.4490269257005802,0.8935182258890333,197.0,3
0,road_background,30.219721966980643,78.68095009257986,,,0.23284527161352225,57.3155829707196,0.050276132442955826,529.0,12.1575571498283,0.9902565788380346,-0.13925483139909858,64.0,1
0,road_background,30.24378125447267,78.87368541143643,,,0.44543685169703207,79.07235711847264,0.020395898303637312,681.0,11.384645964530772,0.33108771302908097,0.9435999821328808,57.0,2
0,road_background,30.439842432521427,79.42970842117778,,,0.035435888649837405,151.34193716908047,0.008771307393707102,1310.0,25.144097756858418,-0.9800305891237873,0.19884678619902932,138.0,5
0,road_background,30.424449535552743,79.42489279749968,,,0.5064548789269806,149.63136831321285,0.01125539979192802,1178.0,29.19030676119364,-0.6981001361295398,0.7160001396200408,122.0,5
0,road_background,30.252144094598624,78.91788962884725,,,0.06167620315352035,84.27311854687622,0.00843406147483507,704.0,24.891503337098364,-0.7974063856023161,0.6034426701855365,174.0,2
0,road_background,30.268599450131042,79.1832628817738,,,0.03638958519789593,114.00017578429211,0.008418188710404334,732.0,26.217612768234883,-0.4061384660534476,0.9138115486202572,155.0,3
0,road_background,30.081206060843265,78.57581494621306,,,0.381641088521172,36.68069272123969,0.007440882403894735,985.0,20.243055274274415,0.6507913734559684,-0.7592566023652967,120.0,1
0,road_background,30.26690743155213,79.20377085040718,,,0.2928919069940275,115.95859760875503,0.012887374423057506,749.0,20.48200450530084,-0.23202265969806282,0.9727103810418788,140.0,4
0,road_background,30.240505687882585,78.84945335867084,,,0.4040282011458419,76.90286244806647,0.0069703321462692295,646.0,19.827028653408167,-0.8320502943378436,0.5547001962252291,101.0,2
0,road_background,30.146108236412267,78.60131693631732,,,0.3860127947430261,45.51370648857861,0.014152201932651388,592.0,33.81257345134119,-0.3782452300784282,-0.9257054315077323,186.0,1
0,road_background,30.2680292304949,79.18225826663308,,,0.04435577626654518,113.91771356747661,0.010068217735438149,794.0,28.523943381089705,-0.7850397315432901,0.6194454131708774,129.0,3
0,road_background,30.53025150207546,79.51466561962384,,,0.008251063695966947,165.41708263157642,0.006618520044246468,1408.0,34.14962960332201,-0.6240955784112829,0.7813480076172755,159.0,5
0,road_background,30.408157176394134,79.36258646636085,,,0.124557654333927,142.3991690666343,0.009991655825729464,1021.0,8.735690934280582,-0.9111079228383558,-0.4121678698554468,90.0,5
0,road_background,30.52836762750334,79.50992251444276,,,0.06819670520352208,164.92240973395369,0.014082314080431129,1330.0,16.05827413390471,-0.8800989862281837,0.4747902425704674,104.0,5
0,road_background,30.230911918812684,78.67878338740402,,,0.4675448604103462,58.26714119304611,0.006245925660973302,557.0,25.17407923292491,0.9999748513083567,0.007092020222045123,141.0,1
0,road_background,30.266213933207933,79.22201902393016,,,0.11411759107419407,118.17330741706944,0.00762792107944814,829.0,39.567047955330516,-0.7462954344685109,0.6656148469584017,188.0,4
0,road_background,30.360226261889384,79.3168817368973,,,0.06245933461179824,134.2334381781303,0.013244832585844784,966.0,19.167191297924294,-0.9110221598614879,-0.41235739867414717,105.0,4
0,road_background,30.220601445626667,78.795369108019,,,0.17198910261777325,70.90100144658457,0.007742978634233142,577.0,12.999985665815318,0.303203657276947,0.9529257800132619,66.0,2
0,road_background,30.285266563232298,79.14210551177203,,,0.043554243116708004,108.72217385053007,0.008757448903244489,738.0,27.025543573281194,-0.418229195015801,0.9083415329249429,139.0,3
0,road_background,30.230792148309128,78.72555300684833,,,0.1722034875766711,63.217679610123,0.014252222125996122,569.0,6.331381438388546,-0.8411784753765535,-0.5407575913134987,28.0,2
0,road_background,30.06714780830223,78.46882105538913,,,0.2860962550074707,24.710837678263,0.007392049053654114,501.0,7.927122513819945,0.19151035941964878,-0.9814905920256989,41.0,0
0,road_background,30.21385585108846,78.67185910464376,,,0.1721188995254392,56.22866814499708,0.05027613244317427,627.0,38.081845094882226,0.025523597104572405,-0.9996742199290944,235.0,1
0,road_background,30.410603477976842,79.374460614487,,,0.3845829625768542,143.54415277768294,0.017401716033505276,1038.0,20.713546038944358,0.8374351868224612,0.5465366482420273,98.0,5
0,road_background,30.301612111351677,78.99667250107501,,,0.42652368976350324,93.72334964860333,0.030364718209839905,733.0,29.430001784323128,-0.34269169552919493,0.9394479239507241,159.0,3
0,road_background,30.42186667011412,79.42458951974366,,,0.40693853799870466,148.6932421558993,0.029151231085030024,1270.0,17.461195830556107,-0.9855212354681531,0.16955204051064998,93.0,5
0,road_background,30.41256719022628,79.40710284306013,,,0.0020393923166053727,146.76289633600874,0.005826457937201988,1116.0,23.508271063009992,-0.22989349457998312,0.9732157937219285,127.0,5
0,road_background,30.409228641844987,79.37714931428869,,,0.2301995540804326,143.80146234562326,0.010886305604367591,1026.0,30.669763577749546,0.10117310209735163,0.9948688372906244,177.0,5
0,road_background,30.266601728598634,79.19952505457182,,,0.16016444302632124,115.57074407759018,0.012504356679146789,822.0,27.443564678242907,0.48782135766494195,0.8729434821372646,158.0,4
0,road_background,30.23523123130352,78.83701241807535,,,0.21171156589102566,75.49804656346211,0.009651344708819332,640.0,28.82189836411544,0.7814594673318437,0.6239560087998441,129.0,2
0,road_background,30.29811137744677,79.0145170097048,,,0.04834856456656527,95.44237063398717,0.029702070113055267,713.0,26.43722935718126,0.3955368986608546,0.9184500867209676,137.0,3
0,road_background,30.21612910731274,78.67827141917323,,,0.3734426334887977,56.863765547439385,0.007938085386018172,600.0,27.990970091758022,0.9783497031189412,-0.20695859104439138,156.0,1
0,road_background,30.290163073725083,79.27613621187372,,,0.05184024492846933,124.18351651050729,0.007627921079599089,820.0,12.451492420125172,-0.48307734291133475,0.8755776840267943,70.0,4
0,road_background,30.138841426473487,78.40147823996563,,,0.3122483587972487,13.360857320454553,0.008771307394225237,429.0,33.32236342654518,-0.11154442784394651,-0.9937594480642519,196.0,0
0,road_background,30.25804744650243,78.88156804343282,,,0.625261460847072,80.19534565951882,0.009823942982287918,658.0,17.669578178964173,0.23020563598810437,0.9731420066769867,93.0,2
0,road_background,30.136065535731525,78.41246030446227,,,0.3889239720685311,14.458575175867617,0.005928715460842383,467.0,31.440517824654222,-0.4688894461628977,-0.8832568637022025,162.0,0
0,road_background,30.399755556639718,79.33002727287159,,,0.05183536827697085,138.83238776185817,0.00038923624725559675,1024.0,31.9498968819022,-0.7803470892970115,0.6253466400530845,146.0,4
0,road_background,30.411725486776845,79.3703032181107,,,0.5123052832780091,143.14527216258037,0.010909586194654571,1005.0,8.808225816990934,-0.32267392778813864,0.9465101881785399,91.0,5
0,road_background,30.258195133919518,78.9195501936454,,,0.15299074774392127,84.92666804352591,0.0029349747880449313,710.0,26.41668487267155,-0.020130148349674897,0.9997973680338532,149.0,2
0,road_background,30.229466647916677,78.67902212486952,,,0.3840487824481492,58.128955997249314,0.005431336626923324,569.0,25.487757897718687,0.9999022100525727,0.013984646294441577,143.0,1
0,road_background,30.22297372384555,78.81370864882136,,,0.1730414779962148,72.8319380445505,0.005556747297772212,567.0,3.517181985303277,-0.2169304578186562,0.9761870601839527,18.0,2
0,road_background,30.412593189339077,79.36592842359308,,,0.6121006447116973,142.72521647561015,0.01189340258193862,1005.0,9.397042147928053,-0.3222637978043043,0.946649906050144,78.0,5
0,road_background,30.5324615682504,79.51776590144503,,,0.3283205722670138,166.12052822435044,0.009098169754435184,1395.0,25.084525511011247,-0.45573827843301223,0.8901138250644769,125.0,5
0,road_background,30.51264458804595,79.49278905367608,,,0.12559766410139347,162.52656546630413,0.01339073265836426,1474.0,47.321935580042854,-0.9804622841097946,0.19670716671795266,319.0,5
0,road_background,30.21334793586241,78.6729495736908,,,0.2823964214452355,56.27342053826379,0.014252222126601061,612.0,35.01672153462222,-0.042817838392185704,-0.9990828958176697,210.0,1
0,road_background,30.070000243155594,78.49084360304607,,,0.32782433385267334,26.96151277177958,0.005554438995763026,459.0,31.670097621922785,0.9672143762553556,-0.25396131667040056,179.0,0
0,road_background,30.284123851482075,79.16638017826502,,,0.42398844660965795,111.09958153742384,0.008395063920894246,823.0,15.020256666513818,0.8944271909999159,0.44721359549995804,73.0,3
0,road_background,30.257439253007302,78.91858945208422,,,0.1879027288979726,84.80703154383868,0.00793592025180102,715.0,21.856193510902003,-0.9307514934403471,0.36565237242299353,112.0,2
0,road_background,30.277947670691095,79.23988365289223,,,0.10999205944959839,120.35867953616156,0.011509112899901674,807.0,22.53566892868034,-0.40166149508506543,0.9157882087939492,114.0,4
0,road_background,30.183267646377892,78.62449539675868,,,0.4083288246937302,50.109517188503354,0.00975551684214732,572.0,33.150068446156695,0.4695283315349897,-0.8829174060386219,173.0,1
0,road_background,30.237279654456877,78.71363851139971,,,0.2280210882991646,61.86646041573888,0.007938085385942605,584.0,30.253179762190936,0.6629437370823867,-0.7486692203257986,137.0,1
0,road_background,30.23491373358476,78.72391968359462,,,0.490398971297022,62.85553247404469,0.0076886629756238506,564.0,11.673783175695576,-0.9841270174450971,-0.1774655277360012,61.0,1
0,road_background,30.248986493750362,78.8734621779904,,,0.008858495883891666,79.44803622918472,0.0127564210181112,674.0,20.621947041167033,-0.5669046954290377,0.8237833855453204,95.0,2
0,road_background,30.212140256882662,78.66640075631577,,,0.01791041707595142,55.70357361898363,0.020971329020752664,594.0,32.9718021129364,0.5909180458193005,-0.8067315929880886,157.0,1
0,road_background,30.248101397401207,78.89737231955166,,,0.12651368467259116,82.00458417965532,0.010618752696959784,652.0,26.321329428286734,0.9366057975356006,0.3503849026751888,139.0,2
0,road_background,30.282339654819282,79.247313804562,,,0.052416471322962205,121.22104617752791,0.04802882951590781,792.0,9.121256996311939,-0.7474093186836597,0.6643638388299198,36.0,4
0,road_background,30.34819005774787,79.3210222908513,,,0.3696662913942083,132.87858467681684,0.003908819009145781,943.0,18.67528706712233,-0.6015767391116986,-0.7988150142302881,116.0,4
0,road_background,30.525853003288276,79.50843231034024,,,0.0873259418278001,164.6509571723898,0.012887374423160698,1311.0,26.665582493525097,-0.8164156395068651,0.5774647206268071,124.0,5
0,road_background,30.300177272181575,78.9948236409928,,,0.2669467782850502,93.54627418547398,0.020847210793274444,666.0,27.525427948531565,-0.6332377902572627,0.773957299203321,121.0,3
0,road_background,30.331514071301452,79.31970436856503,,,0.5431183815073551,131.1897015037039,0.015009924251381123,899.0,13.030052657357782,-0.9794570432566516,0.20165292067048715,68.0,4
0,road_background,30.41188394663377,79.3998039425188,,,0.11790270774297142,146.06609644114283,0.00841818871106709,1052.0,24.557859514643642,-0.3939192985791677,0.9191450300180579,173.0,5
0,road_background,30.24964750035527,78.9156692220775,,,0.0244417684050908,83.92603199610473,0.007627921080954756,698.0,9.684368064750903,0.2148617826751197,-0.97664446670509,88.0,2
0,road_background,30.40827899920034,79.37931097187092,,,0.12329382529817895,144.00849139926882,0.02216135308798735,1040.0,18.16162821604081,0.8840349603087042,0.4674207836114989,87.0,5
0,road_background,30.073461512000048,78.50167377064649,,,0.3568211244684434,27.92379929281925,0.009333108931589215,428.0,9.50865642656437,-0.8557319835805907,-0.5174193389091943,43.0,0
0,road_background,30.29810902497384,79.01578246057845,,,0.04872028896067888,95.56413464035808,0.007329125312767171,688.0,21.7966066527997,0.35842046000696093,0.9335602679251075,112.0,3
0,road_background,30.481951201079717,79.47049205532855,,,0.010448905707368781,158.2120274006588,0.005833278795696621,1435.0,39.64445852417302,-0.8448190755542285,0.5350520811843448,210.0,5
0,road_background,30.26252358047726,78.93448733617839,,,0.27123397689804973,86.44538755196507,0.0022017476894769044,681.0,39.352681043427786,-0.9024092010612188,0.4308800689751765,222.0,2
0,road_background,30.365258647858084,79.31325065924761,,,0.3397723415901657,134.7192411555815,0.0026613549849414135,964.0,20.307500221928045,-0.8737320572754274,-0.48640753703992845,97.0,4
0,road_background,30.074058349305393,78.5178848276828,,,0.023124656892327993,30.0267612152109,0.012177619246232814,833.0,24.217742165782138,0.9782341251024411,0.20750420835506336,166.0,0
0,road_background,30.25971895881226,78.93297728526804,,,0.07882093455098418,86.16208083771086,0.013390732658215195,708.0,23.270203576835915,-0.9998798365773119,-0.015502012970190781,129.0,2
0,road_background,30.215594403145158,78.74476238201797,,,0.006143615921708097,65.69212761022126,0.007935920251679005,539.0,14.506372352544124,-0.9662349396012463,-0.25766265056033233,75.0,2
0,road_background,30.39553133510634,79.32631745328759,,,0.11609146567614011,138.2690070186676,0.012832900095559017,981.0,27.476358888677378,-0.8076259374791472,0.5896951289530282,128.0,4
0,road_background,30.34357973508956,79.31919445619822,,,0.15960978985989085,132.38190887994486,0.004195986350970945,922.0,20.817035029723794,-0.903022510302053,0.4295932330563164,103.0,4
0,road_background,30.3280963748241,79.31891954917583,,,0.5962758286322078,130.7543559856865,0.009517647746085933,955.0,39.82854749038481,0.8752860577465694,0.48360553875495377,219.0,4
0,road_background,30.41244612969566,79.41691612377022,,,0.3263991420120053,147.64804056112152,0.009842636014288272,1191.0,9.283987672581858,-0.9583856835862682,0.28547658660016495,47.0,5
0,road_background,30.24800836210385,78.87281921124448,,,0.046077547554676294,79.32912430576746,0.0026662627595006112,658.0,23.447234978783023,-0.6993795241800348,0.714750502733442,108.0,2
0,road_background,30.244305963985862,78.91548449911465,,,0.40105347175345907,83.65691160327836,0.025191800634467524,721.0,21.64974574824496,0.8733638743282575,0.48706831452922045,104.0,2
0,road_background,30.300710791490584,79.02513673386724,,,0.024324827841194704,96.5457854830506,0.006701993205002281,712.0,14.092434633609203,-0.18589166810485064,0.9825702456970677,74.0,3
0,road_background,30.299774411991155,79.10052999636048,,,0.17725938717162712,104.22814613245211,0.011522017889706648,771.0,4.808942779570507,-0.8320502943378436,0.5547001962252291,21.0,3
0,road_background,30.319404786864105,79.30644302466816,,,0.3111971432930708,129.5128339019087,0.03584099342292008,957.0,18.046397706151904,-0.6649986109806832,-0.7468445938706136,78.0,4
0,road_background,30.2994624317237,79.10285667312,,,0.16277667573334445,104.45420251064594,0.04778164808535413,783.0,16.889666144309075,-0.04391364091329735,0.9990353307775146,96.0,3
0,road_background,30.24360023159344,78.87540111243,,,0.5723842195290029,79.17977763431006,0.011509112900025294,656.0,9.59145236180972,-0.2564346990245533,0.9665615578617778,49.0,2
0,road_background,30.28672609059675,79.25449061863422,,,0.016953224613981684,122.06207043646818,0.012504356678899573,793.0,21.106846658709145,-0.2849702680829619,0.9585363562790536,114.0,4
0,road_background,30.407066044720885,79.38450936665978,,,0.015401384359952194,144.5074427626008,0.015086146126758855,1045.0,12.638224684699054,-0.08919529754965996,0.9960141559712029,101.0,5
0,road_background,30.269533375181155,79.16919704816253,,,0.12713486347095443,112.65268424454506,0.010127753151431901,789.0,27.430525290815066,0.6293829612728695,0.7770952889185428,126.0,3
0,road_background,30.438671180661792,79.42911248815145,,,0.0965541423190867,151.2141659117807,0.002901856899944652,1279.0,23.490416068641593,-0.9970544855015816,0.07669649888473697,130.0,5
0,road_background,30.235774029778323,78.6795192502014,,,0.6120851061225224,58.789788486233235,0.007889505951640764,568.0,26.344059021206046,0.9289402034964515,-0.3702297912485856,138.0,1
0,road_background,30.267459100325528,79.20636867383132,,,0.4131946943221085,116.18604482126635,0.02082226499867923,781.0,11.206881465261892,-0.9757895770160064,-0.21871145691738075,140.0,4
0,road_background,30.4103374,79.36521117877544,,,0.36331131609924694,142.65392091007502,0.011009846481101704,1024.0,9.727762610554873,-0.8944271909999159,0.44721359549995804,84.0,5
0,road_background,30.257558470336505,78.88336511256958,,,0.6350557955288275,80.37625435767298,0.007262470621906549,618.0,20.15542211973523,0.5630549953912598,0.8264194287194296,91.0,2
0,road_background,30.446940107067313,79.42963446842514,,,0.01951471152840204,152.1266261911837,0.007329125312722028,1349.0,47.45187194009113,-0.9913078823329682,-0.13156246586517792,324.0,5
0,road_background,30.22230333175854,78.77765257984987,,,0.08889197058308676,69.18793938191523,0.008453041571272713,560.0,7.041134543506424,-0.05397525801500045,0.9985422732775083,37.0,2
0,road_background,30.285282979264526,78.97793274044103,,,0.04878818513631749,91.3362785786852,0.004717076254509202,663.0,24.286461463040197,-0.539263304261776,0.8421372148745543,115.0,3
0,road_background,30.30657511086479,79.29960900847632,,,0.6050937623442012,127.99259562713617,0.0011991436982039493,910.0,34.9483197319691,-0.9491591833598677,0.31479651307412704,199.0,4
0,road_background,30.44596166924846,79.42948176808056,,,0.037376836878628174,152.01891425061527,0.013281150203512188,1308.0,49.904311656119695,-0.9991135081853726,-0.042097479277473565,356.0,5
0,road_background,30.257473113732715,78.93418189329304,,,0.19387909761331243,86.13490346407544,0.048028829515672694,710.0,7.802759774609562,-0.31622776601683794,0.9486832980505138,64.0,2
0,road_background,30.248167050972246,78.91382408216143,,,0.04094143661306974,83.69355824277241,0.008824987527000921,789.0,9.908137793527999,0.6679097417772565,0.7442422836946572,127.0,2
0,road_background,30.237096071236955,78.72309903405862,,,0.6609844676957417,62.667472864807486,0.004155118984114629,573.0,15.894891902338813,-0.6204030726835833,-0.7842831296188695,72.0,1
0,road_background,30.327221410695294,79.31992182066821,,,0.7146577040126926,130.68618885617687,0.011619291364526486,948.0,28.755604220393423,0.789679191407649,0.613519987170558,130.0,4
0,road_background,30.289278229061807,79.26575926470504,,,0.035955644580180364,123.18409190203111,0.02047473940732542,795.0,24.423604957053673,0.05872202195147036,0.9982743731749959,136.0,4
0,road_background,30.21812775604803,78.76705316787631,,,0.1101548034535813,68.06868796542699,0.013212696400258276,535.0,2.1765271046149306,-0.9647638212377322,0.26311740579210874,11.0,2
0,road_background,30.288338820238558,79.27048755962583,,,0.14996324263011818,123.61213202775369,0.011509112900263999,790.0,17.74557391678375,-0.0104161015723181,0.9999457509425375,106.0,4
0,road_background,30.267130440450295,79.2222754828603,,,0.1576077826542621,118.26811107170906,0.012644563701426954,789.0,25.129642408365413,-0.7745901496986003,0.63246351672638,109.0,4
0,road_background,30.081033083044247,78.56923814111488,,,0.05447380203497429,36.138653997068744,0.005088320901000851,996.0,28.276598686563837,0.06816407064459439,-0.9976741248890635,161.0,1
0,road_background,30.125247606885612,78.3605893840032,,,0.08465276842262422,8.20945451962214,0.00665245800582164,429.0,32.49812814605542,-0.7378054120312966,-0.6750134620711861,165.0,0
0,road_background,30.074357897274293,78.5015357437767,,,0.45517350462261097,27.92379929281925,0.010076075974614832,420.0,13.186944047889988,-0.7682212795973757,-0.6401843996644799,54.0,0
0,road_background,30.40606101089923,79.35624148103791,,,0.07422211601091752,141.7794815811976,0.016414141509549392,999.0,14.552408780614362,-0.41089851879175676,0.9116810885692103,81.0,5
0,road_background,30.213387207267434,78.67419435656852,,,0.35565360729695333,56.36828059506517,0.0009004606661791047,637.0,35.897948776241705,-0.2164428248931666,-0.9762952952627939,212.0,1
0,road_background,30.19997458864683,78.63985992508243,,,0.14683677133682727,52.48994823260669,0.005556747297257114,651.0,25.426160869145203,0.9676172723968439,0.2524218971470028,138.0,1
0,road_background,30.232110156991755,78.70491465703348,,,0.5255399997916871,61.20659897738218,0.0038236733515328524,547.0,8.98094788215662,-0.46400699467055745,-0.8858315352801555,42.0,1
0,road_background,30.239818042836102,78.82608005300169,,,0.876788545805477,74.53811271709911,0.008551700094207977,589.0,19.94995967591968,-0.7071067811865476,0.7071067811865476,78.0,2
0,road_background,30.317523225513348,79.30835696089213,,,0.0790428400624744,129.36017124001532,0.010136161618215992,956.0,12.304815760798125,-0.7793756708062843,-0.6265569118246597,51.0,4
0,road_background,30.264898306906947,79.2199855099021,,,0.1773965465047145,117.9378402168796,0.013212696400639407,825.0,29.581246699550537,-0.7633862853691146,0.6459422414661737,131.0,4
0,road_background,30.223962124242924,78.73365858557912,,,0.0011910111419627344,64.27875908179736,0.011641276822001853,567.0,26.802687864626257,-0.7455863455656551,-0.6664090345321344,114.0,2
0,road_background,30.258817642558846,79.22019460907015,,,0.2711800616951671,117.5141282211068,0.01250435667858846,803.0,26.684806000960457,-0.9284766908852593,-0.37139067635410367,140.0,4
0,road_background,30.39441469007028,79.32509493456206,,,0.18223799729033927,138.11182070852985,0.003908819008203505,992.0,31.36644905715907,-0.7819346118317346,0.6233604597819422,143.0,4
0,road_background,30.3225365106672,79.30267383913154,,,0.7518008535075857,129.75224805649245,0.01408231408061853,935.0,36.142807974446015,-0.994946404055101,0.10040743527161565,218.0,4
0,road_background,30.1302528470466,78.38583256688362,,,0.5930759014793051,11.745843938308177,0.007742978633212419,444.0,19.61774223241903,0.42083651920484416,0.9071364969526641,106.0,0
0,road_background,30.22233702951388,78.77549979812268,,,0.05989361070071212,68.98280022786942,0.004141952538008258,550.0,7.161899615779768,-0.3713906763541037,0.9284766908852593,35.0,2
0,road_background,30.145824372810974,78.59654933911708,,,0.07288047263397081,44.847118757665086,0.009144720121037255,576.0,28.276598686563837,0.9976741248890635,0.06816407064459433,161.0,1
0,road_background,30.20661411923657,78.65699638668946,,,0.28632899115577665,54.65323438176085,0.008197774568679414,576.0,26.786114765843944,-0.5018169020321972,-0.8649738706081289,146.0,1
0,road_background,30.270986522981303,79.16459520343392,,,0.29460188534108234,112.37367358829279,0.0027148813925486092,861.0,28.536146086854693,0.6497811492039566,-0.7601213443517986,124.0,3
0,road_background,30.26595331098597,78.9360420130425,,,0.5208800395839688,86.76768789120281,0.002666262759332086,708.0,39.433242103656,-0.980891226426811,0.19455693747308644,242.0,2
0,road_background,30.528865057905413,79.52638184965654,,,0.5778032434546257,166.27674581081155,0.008434061474914552,1653.0,20.03263816918894,-0.24683538200308405,0.9690574256417375,106.0,5
0,road_background,30.221041440276323,78.79160447079407,,,0.16288718162202273,70.53562105294553,0.006970332145899992,581.0,4.763641690726177,-0.0,1.0,25.0,2
0,road_background,30.37884604635857,79.32100732143695,,,0.018266003167329466,136.35817668930036,0.04031845509252799,1007.0,29.061705087972094,-0.9777145490214457,0.2099387068450958,163.0,4
0,road_background,30.212883822552413,78.6688125713916,,,0.06728678422385793,55.934566714528984,0.009482208150080019,617.0,40.14888757771261,0.29241931680290084,-0.9562901981932705,242.0,1
0,road_background,30.505727061749546,79.48701312945845,,,0.20566369151601702,161.64577851000539,0.0074949730326477546,1367.0,34.00046817771969,-0.681966025158547,0.7313838530685867,174.0,5
0,road_background,30.242316267735497,78.86847190250568,,,0.22303520949408562,78.59440793598495,0.014077360744968497,702.0,20.305230395096086,-0.009008643435571279,0.9999594213484119,111.0,2
0,road_background,30.24023702212848,78.8275034636187,,,0.9011828950602897,74.68062665337044,0.009517647745169045,599.0,14.03025026363935,-0.6936416870658706,0.720320213491481,91.0,2
0,road_background,30.081131088709927,78.56802575587038,,,0.01119000728911539,36.043221530141786,0.011663889392600237,1006.0,21.33126583595921,0.6401843996644797,-0.768221279597376,90.0,1
0,road_background,30.31085571001598,79.30713223011057,,,0.00753377296747424,128.61788578922682,0.010136161618199361,919.0,22.775962039020527,-0.9606200464107107,0.27786530268078424,121.0,4
0,road_background,30.405146520867746,79.34142862318264,,,0.04761351024267515,140.3508231750022,0.010571241725437091,980.0,21.631029518774294,-0.4370982727273089,0.8994137534965779,113.0,4
0,road_background,30.236046513830974,78.84782307500478,,,0.01662120973893494,76.55987477737825,0.011893402581860963,618.0,33.61386336598721,-0.6970067834122603,0.7170645325752031,143.0,2
0,road_background,30.266856775438388,78.9361071430623,,,0.6035673495145585,86.8240973683549,0.007050363141997732,699.0,32.843870758354655,-0.9862540107583011,0.16523627405374683,191.0,2
0,road_background,30.29765274218546,79.1151571165013,,,0.06855114440455008,105.6508691139565,0.00951764774434272,785.0,16.208558038649098,0.6536198703460924,0.7568230077691596,73.0,3
0,road_background,30.32059880999919,79.30470812113478,,,0.5068464123640314,129.59662150106695,0.007982916994096033,957.0,25.504615436263425,-0.5449883505954142,-0.8384436163006371,138.0,4
0,road_background,30.24626531870577,78.91770409239264,,,0.3872251786992109,83.71019023858463,0.010677501459915004,731.0,25.672235933860836,-0.7974965639128027,-0.6033234874818592,119.0,2
0,road_background,30.412753692991927,79.41071295792813,,,0.09398263759866482,147.09721701146992,0.0044708113843913485,1144.0,23.129031689609164,0.046823586298586156,0.9989031743698379,128.0,5
0,road_background,30.267139209117094,79.20479089732557,,,0.3417549438022428,116.04749558519521,0.004155118984237089,750.0,7.636742387189925,-0.8203981667699868,0.5717926616881726,162.0,4
0,road_background,30.22589785504286,78.73122574742331,,,0.008476516400681495,63.961710664817694,0.010076075975144122,603.0,19.232408376404383,-0.6974876011850164,-0.7165968505325512,82.0,2
0,road_background,30.529775494494917,79.5104619611954,,,0.17068558842031165,165.05056809743922,0.009294309522159268,1332.0,13.069151942759,-0.2728241002747405,0.962063932547769,119.0,5
0,road_background,30.40710564841622,79.34940067352112,,,0.09962565582367586,141.13419489496897,0.03584099342247293,985.0,3.583619518071582,0.904818702200994,0.42579703632987964,90.0,4
0,road_background,30.268552193866633,79.18779416967375,,,0.11656908465550363,114.42878185671326,0.020822264998877977,788.0,25.74683739502846,0.1520571842539411,0.9883716976506172,143.0,4
0,road_background,30.29932873588846,79.06465299085124,,,0.07692886166009931,100.72585972243438,0.008453041571498537,719.0,15.826471649478735,-0.6585046078685182,0.7525766947068778,104.0,3
0,road_background,30.281618757414076,78.9727741993911,,,0.03237983641379523,90.69984040142471,0.011641276822275684,720.0,30.747804873668915,-0.6667948594698256,0.7452413135250994,165.0,3
0,road_background,30.33999599047495,79.31681423154718,,,0.044251488041744745,131.97197500289704,0.00798291699436215,936.0,15.41788298871054,-0.9911220224593662,0.13295539325674421,82.0,4
0,road_background,30.229710466270927,78.72644630540616,,,0.11082608289461918,63.351570070204666,0.005540048496997615,567.0,8.530765609948133,-0.8000000000000002,-0.5999999999999999,38.0,2
0,road_background,30.126431563946863,78.35828239640256,,,0.06161694049834693,7.952774651707733,0.003231840129325637,403.0,30.99688059612141,-0.43831431614928934,-0.8988217622301882,162.0,0
0,road_background,30.237498223518067,78.83324041863885,,,0.5159339727507766,75.17864592398784,0.010343216884370125,614.0,29.982210079325746,0.28310459628523793,0.9590890404765203,166.0,2
0,road_background,30.261159848354204,78.93304826943087,,,0.21231096602188373,86.24932471379094,0.016355313407194132,675.0,33.169529390014134,-0.8312648798007269,0.5558765147133695,163.0,2
0,road_background,30.292043343581113,78.98809572646482,,,0.20244215323669812,92.55753721059841,0.010217394853106706,619.0,9.9063692721155,-0.9161573349021891,0.40081883401970775,147.0,3
0,road_background,30.290285411706076,79.11852193362286,,,0.47737095498561494,106.36465945757831,0.010068217735602512,809.0,37.84449625941184,0.9696356435167257,0.2445541224798822,226.0,3
0,road_background,30.230159292179515,78.82484482448793,,,0.159600299932932,74.25409992419051,0.007627921080768998,595.0,11.95228744277498,-0.9920337292203004,-0.12597253704384767,67.0,2
0,road_background,30.528300112075314,79.52850041672906,,,0.7801466181200924,166.3439429373281,0.006030865088015606,1697.0,16.389075025823413,-0.816024481101655,0.5780173407803391,75.0,5
0,road_background,30.080469726554163,78.52157596925274,,,0.15306942454256608,30.799862052261297,0.004431035183098287,865.0,8.563903318373729,0.9960726406926865,-0.08853979028379427,66.0,0
0,road_background,30.287212897100726,79.25563343062653,,,0.00780490743909313,122.18415974402257,0.012186375399882446,805.0,13.540792726885439,-0.6643638388299198,0.7474093186836597,61.0,4
0,road_background,30.233567704924702,78.72370631086199,,,0.35091351589356556,62.91136636880935,0.007392049053100148,566.0,12.275522824100426,-0.9957666790179707,-0.0919169242170434,65.0,2
0,road_background,30.26351169269604,79.21470238677213,,,0.18616601283075654,117.07035031366271,0.010322380812235426,768.0,19.113987352812888,0.7213873210309516,0.6925318281897135,83.0,4
0,road_background,30.221273052239745,78.67887275342288,,,0.02683678422530108,57.27198425506357,0.007435448591689019,524.0,12.930397332020355,0.9001592514155135,0.4355609281042807,63.0,1
0,road_background,30.468527704309224,79.46020651931742,,,0.0308112622577216,156.4281556032326,0.01407736074390192,1541.0,29.09274822721207,-0.9764681465723348,0.21566167654358326,163.0,5
0,road_background,30.265543743527182,79.21171591876563,,,0.3337239357110405,116.73674682832932,0.011619291364605967,770.0,14.381208493270357,0.8970121097452228,-0.44200596712083456,87.0,4
0,road_background,30.216520519892406,78.76474197919303,,,0.18563581726973188,67.79420185488115,0.012343067080784404,523.0,5.267518906840194,-0.9761870601839527,0.2169304578186562,29.0,2
0,road_background,30.28583121214054,79.14408533842175,,,0.06480111385819642,108.92151816772268,0.0060308650882393905,741.0,20.82800310374709,-0.4118214770780241,0.9112645450237129,115.0,3
0,road_background,30.530426069957525,79.51118412879711,,,0.1933230411023417,165.14799029610143,0.01150911290053939,1318.0,22.977046316203026,-0.28301746856943505,0.9591147545964189,122.0,5
0,road_background,30.220279322461923,78.7963969471866,,,0.15241856673118911,71.00428279773598,0.024661394071609496,568.0,16.524853559289777,0.4606450807636061,0.887584423910363,91.0,2
0,road_background,30.068174163113,78.46538205711245,,,0.22413047246459036,24.366541894130137,0.007420170877980906,483.0,15.678039026670836,-0.2731522098761525,-0.9619708260855806,90.0,0
0,road_background,30.406435374203117,79.34509436646607,,,0.06282169931896454,140.71486906407367,0.010677501459348432,1016.0,12.772578169490426,-0.2940858488375231,0.9557790087219501,72.0,4
0,road_background,30.293971078540185,78.98908438793458,,,0.11733519277570609,92.77489126273393,0.0038236733517857035,620.0,17.748280443764315,-0.9997830567281121,0.02082881368183563,132.0,3
0,road_background,30.28622736843944,79.16410779713323,,,0.31192777885314926,110.8006639375297,0.02249474942011481,803.0,11.906133641124091,0.6323764899122607,0.7746612001425194,49.0,3
0,road_background,30.23651747070097,78.83537113914164,,,0.3768319468569104,75.36424027718682,0.011870905248541386,637.0,30.62523012283922,0.6813145145063269,0.7319908007092768,130.0,2
0,road_background,30.239147674989162,78.68217452475739,,,0.5223617407907231,59.23294180018367,0.012042259849017176,573.0,33.679817187747894,0.43516866054027303,-0.9003489528419437,180.0,1
0,road_background,30.25202769327427,78.89139453627067,,,0.33218213899209104,81.31390890868288,0.01089251371425933,606.0,28.365851311317556,0.5618033242939312,0.8272708291800744,149.0,2
0,road_background,30.21381948061052,78.76365507858075,,,0.41874756743030794,67.5801988149771,0.0014474163619237917,529.0,19.11070692399189,-0.7119005592731211,0.702280281445106,75.0,2
0,road_background,30.088003654415772,78.43520633521992,,,0.18468821643195918,20.583583268524162,0.020822264999781,389.0,26.026614805608492,-0.996639273541688,0.0819155567294537,176.0,0
0,road_background,30.41956581189075,79.42932817531457,,,0.014215279261800485,149.0373321800202,0.0026744740686954088,1274.0,21.260377126997213,0.11137176358831098,-0.9937788135572369,116.0,5
0,road_background,30.54112308695474,79.52943327615382,,,0.03178727137843109,167.55159386327563,0.007938085385674115,1751.0,40.69170077193288,-0.9885057561644475,0.15118323329573902,255.0,5
0,road_background,30.294516178725093,79.08295764341494,,,0.4206909762345053,102.53080156476553,0.00353037670413957,686.0,31.948426937823527,-0.2726025724560254,0.9621267263153838,221.0,3
0,road_background,30.30995958416197,79.30651164104731,,,0.04319659635940826,128.50782924321138,0.0032237365028160367,911.0,21.384923148337176,-0.9789095432779938,0.2042941655536682,115.0,4
0,road_background,30.29070855102378,79.27883867552981,,,0.0404662490682609,124.45021419539435,0.011253414608629145,840.0,10.282438980015993,-0.34910902317294773,0.9370821148326491,55.0,4
0,road_background,30.304148507065587,79.29941554811533,,,0.5623153213322589,127.72705510372747,0.012042259848933484,907.0,31.1884714255983,-0.95812886174381,-0.2863373609809087,174.0,4
0,road_background,30.21881655237262,78.79858971930418,,,0.025984323810290737,71.23814960890462,0.010827183473668085,567.0,18.849189570918607,0.5858469964187661,0.810421678379293,83.0,2
0,road_background,30.30066571908136,79.0037928935726,,,0.3254339520489448,94.40902230965787,0.02466139407159078,721.0,25.46107637178698,0.7000714109260574,0.7140728391445786,123.0,3
0,road_background,30.15179061476059,78.6122512021533,,,0.3390110930833834,46.51452832795214,0.029882285907201243,648.0,32.78284882572115,-0.04658150483349504,-0.9989144925405012,193.0,1
0,road_background,30.08316204905669,78.57581514121993,,,0.19994603059331872,36.79801521640887,0.011255399792808995,954.0,22.25703111799812,0.9366634740287857,0.3502306902890242,115.0,1
0,road_background,30.400588530384393,79.33144387309038,,,0.14657451488194156,138.966878631313,0.050276132441922396,1036.0,36.42510275425925,-0.8988986437186615,0.4381566253302018,199.0,4
