{
  "type": "FeatureCollection",
  "features": [
    {
      "type": "Feature",
      "geometry": {
        "type": "LineString",
        "coordinates": [
          [
            78.2853,
            30.11576,
            0.0
          ],
          [
            78.285243,
            30.115837,
            0.0
          ],
          [
            78.285547,
            30.116178,
            0.0
          ],
          [
            78.285859,
            30.116538,
            0.0
          ],
          [
            78.286174,
            30.116896,
            0.0
          ],
          [
            78.286488,
            30.117254,
            0.0
          ],
          [
            78.286786,
            30.117622,
            0.0
          ],
          [
            78.287103,
            30.117978,
            0.0
          ],
          [
            78.287411,
            30.118341,
            0.0
          ],
          [
            78.287714,
            30.118706,
            0.0
          ],
          [
            78.288013,
            30.119073,
            0.0
          ],
          [
            78.288324,
            30.119434,
            0.0
          ],
          [
            78.288635,
            30.119794,
            0.0
          ],
          [
            78.288946,
            30.120154,
            0.0
          ],
          [
            78.289257,
            30.120515,
            0.0
          ],
          [
            78.289568,
            30.120875,
            0.0
          ],
          [
            78.289899,
            30.121221,
            0.0
          ],
          [
            78.290199,
            30.121588,
            0.0
          ],
          [
            78.290502,
            30.121953,
            0.0
          ],
          [
            78.290827,
            30.122304,
            0.0
          ],
          [
            78.291176,
            30.122603,
            0.0
          ],
          [
            78.291634,
            30.122416,
            0.0
          ],
          [
            78.292028,
            30.122125,
            0.0
          ],
          [
            78.292416,
            30.121826,
            0.0
          ],
          [
            78.292805,
            30.121527,
            0.0
          ],
          [
            78.293207,
            30.121242,
            0.0
          ],
          [
            78.293603,
            30.120953,
            0.0
          ],
          [
            78.294018,
            30.120992,
            0.0
          ],
          [
            78.294079,
            30.121414,
            0.0
          ],
          [
            78.294492,
            30.121255,
            0.0
          ],
          [
            78.294649,
            30.120828,
            0.0
          ],
          [
            78.294969,
            30.12051,
            0.0
          ],
          [
            78.295415,
            30.120283,
            0.0
          ],
          [
            78.295636,
            30.120534,
            0.0
          ],
          [
            78.295336,
            30.1209,
            0.0
          ],
          [
            78.294945,
            30.121191,
            0.0
          ],
          [
            78.294759,
            30.121594,
            0.0
          ],
          [
            78.294682,
            30.122036,
            0.0
          ],
          [
            78.294451,
            30.122438,
            0.0
          ],
          [
            78.294255,
            30.122854,
            0.0
          ],
          [
            78.29413,
            30.123289,
            0.0
          ],
          [
            78.294114,
            30.123736,
            0.0
          ],
          [
            78.294238,
            30.124172,
            0.0
          ],
          [
            78.294365,
            30.124608,
            0.0
          ],
          [
            78.29448,
            30.125046,
            0.0
          ],
          [
            78.29445,
            30.125493,
            0.0
          ],
          [
            78.294359,
            30.125935,
            0.0
          ],
          [
            78.294316,
            30.12638,
            0.0
          ],
          [
            78.29448,
            30.126804,
            0.0
          ],
          [
            78.294446,
            30.127252,
            0.0
          ],
          [
            78.294438,
            30.127701,
            0.0
          ],
          [
            78.294529,
            30.128139,
            0.0
          ],
          [
            78.294883,
            30.127982,
            0.0
          ],
          [
            78.295216,
            30.127637,
            0.0
          ],
          [
            78.295544,
            30.127288,
            0.0
          ],
          [
            78.295873,
            30.12694,
            0.0
          ],
          [
            78.296202,
            30.126591,
            0.0
          ],
          [
            78.296538,
            30.126249,
            0.0
          ],
          [
            78.29671,
            30.125849,
            0.0
          ],
          [
            78.296789,
            30.125427,
            0.0
          ],
          [
            78.297292,
            30.125345,
            0.0
          ],
          [
            78.297648,
            30.125026,
            0.0
          ],
          [
            78.297983,
            30.124684,
            0.0
          ],
          [
            78.298351,
            30.124367,
            0.0
          ],
          [
            78.29874,
            30.124069,
            0.0
          ],
          [
            78.299129,
            30.123771,
            0.0
          ],
          [
            78.299531,
            30.123486,
            0.0
          ],
          [
            78.299944,
            30.123213,
            0.0
          ],
          [
            78.300357,
            30.12294,
            0.0
          ],
          [
            78.300766,
            30.122664,
            0.0
          ],
          [
            78.30106,
            30.122295,
            0.0
          ],
          [
            78.301327,
            30.121909,
            0.0
          ],
          [
            78.301707,
            30.121615,
            0.0
          ],
          [
            78.302213,
            30.121597,
            0.0
          ],
          [
            78.3027,
            30.121751,
            0.0
          ],
          [
            78.303174,
            30.121934,
            0.0
          ],
          [
            78.303635,
            30.122008,
            0.0
          ],
          [
            78.304134,
            30.121885,
            0.0
          ],
          [
            78.304601,
            30.12169,
            0.0
          ],
          [
            78.305023,
            30.121427,
            0.0
          ],
          [
            78.305484,
            30.121238,
            0.0
          ],
          [
            78.306001,
            30.121203,
            0.0
          ],
          [
            78.306484,
            30.121063,
            0.0
          ],
          [
            78.306886,
            30.120778,
            0.0
          ],
          [
            78.307277,
            30.120482,
            0.0
          ],
          [
            78.307614,
            30.120808,
            0.0
          ],
          [
            78.308077,
            30.121006,
            0.0
          ],
          [
            78.308474,
            30.12129,
            0.0
          ],
          [
            78.308852,
            30.121593,
            0.0
          ],
          [
            78.30927,
            30.121859,
            0.0
          ],
          [
            78.309658,
            30.122158,
            0.0
          ],
          [
            78.310038,
            30.122465,
            0.0
          ],
          [
            78.310418,
            30.122772,
            0.0
          ],
          [
            78.3108,
            30.123074,
            0.0
          ],
          [
            78.311176,
            30.123384,
            0.0
          ],
          [
            78.311607,
            30.123628,
            0.0
          ],
          [
            78.312062,
            30.123843,
            0.0
          ],
          [
            78.312517,
            30.12406,
            0.0
          ],
          [
            78.312971,
            30.124278,
            0.0
          ],
          [
            78.313424,
            30.124497,
            0.0
          ],
          [
            78.313878,
            30.124717,
            0.0
          ],
          [
            78.314332,
            30.124936,
            0.0
          ],
          [
            78.314718,
            30.125232,
            0.0
          ],
          [
            78.315059,
            30.125564,
            0.0
          ],
          [
            78.315355,
            30.125932,
            0.0
          ],
          [
            78.315767,
            30.126202,
            0.0
          ],
          [
            78.316276,
            30.126277,
            0.0
          ],
          [
            78.316783,
            30.126369,
            0.0
          ],
          [
            78.317297,
            30.126425,
            0.0
          ],
          [
            78.317808,
            30.126508,
            0.0
          ],
          [
            78.318304,
            30.126643,
            0.0
          ],
          [
            78.318749,
            30.12687,
            0.0
          ],
          [
            78.319132,
            30.127171,
            0.0
          ],
          [
            78.319548,
            30.127436,
            0.0
          ],
          [
            78.319899,
            30.127765,
            0.0
          ],
          [
            78.320258,
            30.12805,
            0.0
          ],
          [
            78.320493,
            30.127658,
            0.0
          ],
          [
            78.320943,
            30.12767,
            0.0
          ],
          [
            78.3214,
            30.127884,
            0.0
          ],
          [
            78.321895,
            30.127918,
            0.0
          ],
          [
            78.32239,
            30.128015,
            0.0
          ],
          [
            78.322841,
            30.128238,
            0.0
          ],
          [
            78.323331,
            30.128385,
            0.0
          ],
          [
            78.323812,
            30.128541,
            0.0
          ],
          [
            78.324088,
            30.128917,
            0.0
          ],
          [
            78.324265,
            30.129339,
            0.0
          ],
          [
            78.32438,
            30.129774,
            0.0
          ],
          [
            78.324204,
            30.130184,
            0.0
          ],
          [
            78.32403,
            30.1306,
            0.0
          ],
          [
            78.323908,
            30.131037,
            0.0
          ],
          [
            78.324145,
            30.131397,
            0.0
          ],
          [
            78.324618,
            30.131547,
            0.0
          ],
          [
            78.32476,
            30.131917,
            0.0
          ],
          [
            78.324692,
            30.132356,
            0.0
          ],
          [
            78.324901,
            30.132755,
            0.0
          ],
          [
            78.325298,
            30.133042,
            0.0
          ],
          [
            78.325775,
            30.133215,
            0.0
          ],
          [
            78.326255,
            30.133239,
            0.0
          ],
          [
            78.326661,
            30.132957,
            0.0
          ],
          [
            78.327094,
            30.132712,
            0.0
          ],
          [
            78.327594,
            30.132769,
            0.0
          ],
          [
            78.328077,
            30.13293,
            0.0
          ],
          [
            78.328486,
            30.133165,
            0.0
          ],
          [
            78.328498,
            30.133605,
            0.0
          ],
          [
            78.328882,
            30.133867,
            0.0
          ],
          [
            78.329314,
            30.13411,
            0.0
          ],
          [
            78.329772,
            30.134244,
            0.0
          ],
          [
            78.330274,
            30.134315,
            0.0
          ],
          [
            78.330694,
            30.13457,
            0.0
          ],
          [
            78.331024,
            30.134917,
            0.0
          ],
          [
            78.331044,
            30.13535,
            0.0
          ],
          [
            78.330943,
            30.135791,
            0.0
          ],
          [
            78.331104,
            30.136211,
            0.0
          ],
          [
            78.331484,
            30.136395,
            0.0
          ],
          [
            78.331791,
            30.136046,
            0.0
          ],
          [
            78.332115,
            30.135703,
            0.0
          ],
          [
            78.332617,
            30.135716,
            0.0
          ],
          [
            78.333118,
            30.135833,
            0.0
          ],
          [
            78.33363,
            30.135914,
            0.0
          ],
          [
            78.334126,
            30.136041,
            0.0
          ],
          [
            78.334608,
            30.136184,
            0.0
          ],
          [
            78.334985,
            30.13649,
            0.0
          ],
          [
            78.335476,
            30.136395,
            0.0
          ],
          [
            78.33599,
            30.13636,
            0.0
          ],
          [
            78.336334,
            30.136641,
            0.0
          ],
          [
            78.336731,
            30.136855,
            0.0
          ],
          [
            78.337213,
            30.136798,
            0.0
          ],
          [
            78.337674,
            30.136998,
            0.0
          ],
          [
            78.338126,
            30.137164,
            0.0
          ],
          [
            78.33835,
            30.137568,
            0.0
          ],
          [
            78.338452,
            30.138004,
            0.0
          ],
          [
            78.338829,
            30.138118,
            0.0
          ],
          [
            78.339278,
            30.137907,
            0.0
          ],
          [
            78.339745,
            30.13805,
            0.0
          ],
          [
            78.340042,
            30.137697,
            0.0
          ],
          [
            78.34028,
            30.1373,
            0.0
          ],
          [
            78.340644,
            30.136986,
            0.0
          ],
          [
            78.34103,
            30.136686,
            0.0
          ],
          [
            78.341437,
            30.136409,
            0.0
          ],
          [
            78.34171,
            30.136033,
            0.0
          ],
          [
            78.342149,
            30.135818,
            0.0
          ],
          [
            78.342655,
            30.135738,
            0.0
          ],
          [
            78.343062,
            30.135521,
            0.0
          ],
          [
            78.343396,
            30.135177,
            0.0
          ],
          [
            78.343786,
            30.134884,
            0.0
          ],
          [
            78.344226,
            30.134647,
            0.0
          ],
          [
            78.344649,
            30.13439,
            0.0
          ],
          [
            78.345045,
            30.134103,
            0.0
          ],
          [
            78.345332,
            30.133728,
            0.0
          ],
          [
            78.345742,
            30.133462,
            0.0
          ],
          [
            78.346168,
            30.133219,
            0.0
          ],
          [
            78.346543,
            30.132909,
            0.0
          ],
          [
            78.346933,
            30.132611,
            0.0
          ],
          [
            78.347323,
            30.132313,
            0.0
          ],
          [
            78.347755,
            30.132078,
            0.0
          ],
          [
            78.348264,
            30.131997,
            0.0
          ],
          [
            78.348779,
            30.131938,
            0.0
          ],
          [
            78.349273,
            30.131814,
            0.0
          ],
          [
            78.349706,
            30.131574,
            0.0
          ],
          [
            78.349987,
            30.131199,
            0.0
          ],
          [
            78.350257,
            30.130815,
            0.0
          ],
          [
            78.350588,
            30.130471,
            0.0
          ],
          [
            78.351004,
            30.130204,
            0.0
          ],
          [
            78.351486,
            30.13004,
            0.0
          ],
          [
            78.351964,
            30.129863,
            0.0
          ],
          [
            78.352438,
            30.12968,
            0.0
          ],
          [
            78.352898,
            30.129471,
            0.0
          ],
          [
            78.353376,
            30.129295,
            0.0
          ],
          [
            78.353827,
            30.129071,
            0.0
          ],
          [
            78.354278,
            30.128848,
            0.0
          ],
          [
            78.354784,
            30.128773,
            0.0
          ],
          [
            78.355303,
            30.128779,
            0.0
          ],
          [
            78.35581,
            30.1287,
            0.0
          ],
          [
            78.35619,
            30.128431,
            0.0
          ],
          [
            78.356091,
            30.127994,
            0.0
          ],
          [
            78.356414,
            30.127658,
            0.0
          ],
          [
            78.356813,
            30.12737,
            0.0
          ],
          [
            78.357207,
            30.12708,
            0.0
          ],
          [
            78.357596,
            30.126781,
            0.0
          ],
          [
            78.357996,
            30.126497,
            0.0
          ],
          [
            78.35849,
            30.126367,
            0.0
          ],
          [
            78.358944,
            30.12615,
            0.0
          ],
          [
            78.3594,
            30.125936,
            0.0
          ],
          [
            78.359791,
            30.125647,
            0.0
          ],
          [
            78.36008,
            30.125294,
            0.0
          ],
          [
            78.360584,
            30.125207,
            0.0
          ],
          [
            78.360938,
            30.12489,
            0.0
          ],
          [
            78.361226,
            30.124517,
            0.0
          ],
          [
            78.361546,
            30.124165,
            0.0
          ],
          [
            78.361913,
            30.123846,
            0.0
          ],
          [
            78.362274,
            30.123525,
            0.0
          ],
          [
            78.362644,
            30.123209,
            0.0
          ],
          [
            78.362983,
            30.122869,
            0.0
          ],
          [
            78.363367,
            30.122569,
            0.0
          ],
          [
            78.363809,
            30.122337,
            0.0
          ],
          [
            78.364253,
            30.122104,
            0.0
          ],
          [
            78.364736,
            30.121993,
            0.0
          ],
          [
            78.365058,
            30.121674,
            0.0
          ],
          [
            78.365367,
            30.121326,
            0.0
          ],
          [
            78.365786,
            30.121061,
            0.0
          ],
          [
            78.366206,
            30.120798,
            0.0
          ],
          [
            78.366608,
            30.120512,
            0.0
          ],
          [
            78.367014,
            30.120232,
            0.0
          ],
          [
            78.367463,
            30.12001,
            0.0
          ],
          [
            78.367944,
            30.11984,
            0.0
          ],
          [
            78.368427,
            30.119676,
            0.0
          ],
          [
            78.368906,
            30.119502,
            0.0
          ],
          [
            78.369371,
            30.119307,
            0.0
          ],
          [
            78.369852,
            30.119139,
            0.0
          ],
          [
            78.370313,
            30.118939,
            0.0
          ],
          [
            78.370702,
            30.118646,
            0.0
          ],
          [
            78.371153,
            30.118433,
            0.0
          ],
          [
            78.371664,
            30.118363,
            0.0
          ],
          [
            78.372181,
            30.11836,
            0.0
          ],
          [
            78.3727,
            30.118328,
            0.0
          ],
          [
            78.373214,
            30.11827,
            0.0
          ],
          [
            78.373646,
            30.118455,
            0.0
          ],
          [
            78.373829,
            30.118875,
            0.0
          ],
          [
            78.374202,
            30.119181,
            0.0
          ],
          [
            78.374699,
            30.119209,
            0.0
          ],
          [
            78.37514,
            30.118973,
            0.0
          ],
          [
            78.375625,
            30.118818,
            0.0
          ],
          [
            78.376125,
            30.11886,
            0.0
          ],
          [
            78.376418,
            30.119226,
            0.0
          ],
          [
            78.376653,
            30.119627,
            0.0
          ],
          [
            78.37669,
            30.120065,
            0.0
          ],
          [
            78.376765,
            30.120493,
            0.0
          ],
          [
            78.377228,
            30.120688,
            0.0
          ],
          [
            78.377712,
            30.120849,
            0.0
          ],
          [
            78.378192,
            30.121013,
            0.0
          ],
          [
            78.378615,
            30.121272,
            0.0
          ],
          [
            78.379045,
            30.121525,
            0.0
          ],
          [
            78.37944,
            30.121816,
            0.0
          ],
          [
            78.379747,
            30.122176,
            0.0
          ],
          [
            78.38002,
            30.122555,
            0.0
          ],
          [
            78.38011,
            30.122995,
            0.0
          ],
          [
            78.380224,
            30.123422,
            0.0
          ],
          [
            78.380681,
            30.123428,
            0.0
          ],
          [
            78.381098,
            30.12316,
            0.0
          ],
          [
            78.381523,
            30.122901,
            0.0
          ],
          [
            78.38202,
            30.122807,
            0.0
          ],
          [
            78.382539,
            30.122832,
            0.0
          ],
          [
            78.383053,
            30.122895,
            0.0
          ],
          [
            78.383564,
            30.122976,
            0.0
          ],
          [
            78.384052,
            30.123107,
            0.0
          ],
          [
            78.384514,
            30.123308,
            0.0
          ],
          [
            78.385029,
            30.123369,
            0.0
          ],
          [
            78.38554,
            30.123447,
            0.0
          ],
          [
            78.386059,
            30.123438,
            0.0
          ],
          [
            78.386578,
            30.123449,
            0.0
          ],
          [
            78.387073,
            30.123585,
            0.0
          ],
          [
            78.387557,
            30.123512,
            0.0
          ],
          [
            78.387888,
            30.123168,
            0.0
          ],
          [
            78.388384,
            30.123056,
            0.0
          ],
          [
            78.388849,
            30.122858,
            0.0
          ],
          [
            78.389344,
            30.122771,
            0.0
          ],
          [
            78.389723,
            30.123059,
            0.0
          ],
          [
            78.389916,
            30.123471,
            0.0
          ],
          [
            78.390027,
            30.123908,
            0.0
          ],
          [
            78.390146,
            30.124343,
            0.0
          ],
          [
            78.390309,
            30.124768,
            0.0
          ],
          [
            78.390454,
            30.125199,
            0.0
          ],
          [
            78.390465,
            30.125637,
            0.0
          ],
          [
            78.390141,
            30.125979,
            0.0
          ],
          [
            78.389976,
            30.126386,
            0.0
          ],
          [
            78.390232,
            30.12677,
            0.0
          ],
          [
            78.390328,
            30.127201,
            0.0
          ],
          [
            78.390569,
            30.127585,
            0.0
          ],
          [
            78.39073,
            30.128007,
            0.0
          ],
          [
            78.390531,
            30.128387,
            0.0
          ],
          [
            78.390039,
            30.128297,
            0.0
          ],
          [
            78.389543,
            30.128204,
            0.0
          ],
          [
            78.389057,
            30.128343,
            0.0
          ],
          [
            78.38861,
            30.128571,
            0.0
          ],
          [
            78.388206,
            30.128853,
            0.0
          ],
          [
            78.387848,
            30.129179,
            0.0
          ],
          [
            78.387455,
            30.129468,
            0.0
          ],
          [
            78.386999,
            30.129681,
            0.0
          ],
          [
            78.386547,
            30.129902,
            0.0
          ],
          [
            78.386129,
            30.130166,
            0.0
          ],
          [
            78.385811,
            30.130519,
            0.0
          ],
          [
            78.385628,
            30.130936,
            0.0
          ],
          [
            78.385551,
            30.131381,
            0.0
          ],
          [
            78.385588,
            30.131828,
            0.0
          ],
          [
            78.385674,
            30.132271,
            0.0
          ],
          [
            78.385806,
            30.132705,
            0.0
          ],
          [
            78.385998,
            30.133122,
            0.0
          ],
          [
            78.386244,
            30.133517,
            0.0
          ],
          [
            78.386582,
            30.133857,
            0.0
          ],
          [
            78.38698,
            30.134146,
            0.0
          ],
          [
            78.387408,
            30.134401,
            0.0
          ],
          [
            78.387836,
            30.134656,
            0.0
          ],
          [
            78.387881,
            30.135004,
            0.0
          ],
          [
            78.387516,
            30.134787,
            0.0
          ],
          [
            78.38712,
            30.13459,
            0.0
          ],
          [
            78.387095,
            30.135005,
            0.0
          ],
          [
            78.387405,
            30.135366,
            0.0
          ],
          [
            78.387709,
            30.135728,
            0.0
          ],
          [
            78.387744,
            30.136169,
            0.0
          ],
          [
            78.387701,
            30.136616,
            0.0
          ],
          [
            78.388052,
            30.136937,
            0.0
          ],
          [
            78.388423,
            30.137246,
            0.0
          ],
          [
            78.3888,
            30.137551,
            0.0
          ],
          [
            78.389164,
            30.137868,
            0.0
          ],
          [
            78.389631,
            30.137983,
            0.0
          ],
          [
            78.389996,
            30.137695,
            0.0
          ],
          [
            78.389982,
            30.137257,
            0.0
          ],
          [
            78.389743,
            30.136859,
            0.0
          ],
          [
            78.38956,
            30.136445,
            0.0
          ],
          [
            78.389849,
            30.136119,
            0.0
          ],
          [
            78.390336,
            30.136228,
            0.0
          ],
          [
            78.390739,
            30.136512,
            0.0
          ],
          [
            78.391185,
            30.13674,
            0.0
          ],
          [
            78.391665,
            30.136911,
            0.0
          ],
          [
            78.392174,
            30.137001,
            0.0
          ],
          [
            78.392689,
            30.137063,
            0.0
          ],
          [
            78.393188,
            30.137176,
            0.0
          ],
          [
            78.393649,
            30.137384,
            0.0
          ],
          [
            78.394132,
            30.13755,
            0.0
          ],
          [
            78.394623,
            30.137695,
            0.0
          ],
          [
            78.395085,
            30.137897,
            0.0
          ],
          [
            78.395539,
            30.138116,
            0.0
          ],
          [
            78.395876,
            30.138454,
            0.0
          ],
          [
            78.396265,
            30.138738,
            0.0
          ],
          [
            78.396767,
            30.138844,
            0.0
          ],
          [
            78.397284,
            30.138893,
            0.0
          ],
          [
            78.397802,
            30.13891,
            0.0
          ],
          [
            78.398321,
            30.138886,
            0.0
          ],
          [
            78.398841,
            30.138863,
            0.0
          ],
          [
            78.39936,
            30.138869,
            0.0
          ],
          [
            78.399863,
            30.13898,
            0.0
          ],
          [
            78.400375,
            30.139,
            0.0
          ],
          [
            78.400892,
            30.138957,
            0.0
          ],
          [
            78.401402,
            30.138876,
            0.0
          ],
          [
            78.4019,
            30.138749,
            0.0
          ],
          [
            78.402399,
            30.138622,
            0.0
          ],
          [
            78.402913,
            30.13857,
            0.0
          ],
          [
            78.403433,
            30.138544,
            0.0
          ],
          [
            78.403952,
            30.138519,
            0.0
          ],
          [
            78.404471,
            30.138494,
            0.0
          ],
          [
            78.404979,
            30.138407,
            0.0
          ],
          [
            78.405482,
            30.138295,
            0.0
          ],
          [
            78.405986,
            30.138182,
            0.0
          ],
          [
            78.40649,
            30.138073,
            0.0
          ],
          [
            78.406998,
            30.137977,
            0.0
          ],
          [
            78.407504,
            30.137876,
            0.0
          ],
          [
            78.407991,
            30.137719,
            0.0
          ],
          [
            78.408503,
            30.137728,
            0.0
          ],
          [
            78.409008,
            30.137817,
            0.0
          ],
          [
            78.409367,
            30.137501,
            0.0
          ],
          [
            78.40972,
            30.137172,
            0.0
          ],
          [
            78.410154,
            30.136928,
            0.0
          ],
          [
            78.410615,
            30.136721,
            0.0
          ],
          [
            78.411085,
            30.136529,
            0.0
          ],
          [
            78.411548,
            30.136324,
            0.0
          ],
          [
            78.412011,
            30.13612,
            0.0
          ],
          [
            78.412448,
            30.135877,
            0.0
          ],
          [
            78.412886,
            30.135634,
            0.0
          ],
          [
            78.413343,
            30.135421,
            0.0
          ],
          [
            78.413714,
            30.135116,
            0.0
          ],
          [
            78.414055,
            30.134779,
            0.0
          ],
          [
            78.414461,
            30.1345,
            0.0
          ],
          [
            78.414891,
            30.134248,
            0.0
          ],
          [
            78.415311,
            30.133983,
            0.0
          ],
          [
            78.415679,
            30.133672,
            0.0
          ],
          [
            78.416019,
            30.133334,
            0.0
          ],
          [
            78.416466,
            30.133135,
            0.0
          ],
          [
            78.416844,
            30.132869,
            0.0
          ],
          [
            78.417156,
            30.132512,
            0.0
          ],
          [
            78.417559,
            30.132231,
            0.0
          ],
          [
            78.418036,
            30.132057,
            0.0
          ],
          [
            78.418418,
            30.131756,
            0.0
          ],
          [
            78.418725,
            30.131395,
            0.0
          ],
          [
            78.419082,
            30.131068,
            0.0
          ],
          [
            78.419455,
            30.130754,
            0.0
          ],
          [
            78.419895,
            30.130516,
            0.0
          ],
          [
            78.420349,
            30.130303,
            0.0
          ],
          [
            78.420847,
            30.130175,
            0.0
          ],
          [
            78.421336,
            30.130025,
            0.0
          ],
          [
            78.421697,
            30.129754,
            0.0
          ],
          [
            78.421391,
            30.129416,
            0.0
          ],
          [
            78.42094,
            30.129194,
            0.0
          ],
          [
            78.420929,
            30.128801,
            0.0
          ],
          [
            78.42123,
            30.128439,
            0.0
          ],
          [
            78.421331,
            30.127998,
            0.0
          ],
          [
            78.421379,
            30.12755,
            0.0
          ],
          [
            78.421447,
            30.127107,
            0.0
          ],
          [
            78.421602,
            30.126678,
            0.0
          ],
          [
            78.421758,
            30.126249,
            0.0
          ],
          [
            78.421826,
            30.125805,
            0.0
          ],
          [
            78.421751,
            30.125364,
            0.0
          ],
          [
            78.421866,
            30.124946,
            0.0
          ],
          [
            78.422148,
            30.124585,
            0.0
          ],
          [
            78.42221,
            30.124138,
            0.0
          ],
          [
            78.422295,
            30.123696,
            0.0
          ],
          [
            78.42264,
            30.123381,
            0.0
          ],
          [
            78.423084,
            30.123149,
            0.0
          ],
          [
            78.423509,
            30.122891,
            0.0
          ],
          [
            78.42377,
            30.122515,
            0.0
          ],
          [
            78.42388,
            30.122078,
            0.0
          ],
          [
            78.42381,
            30.121635,
            0.0
          ],
          [
            78.423732,
            30.12119,
            0.0
          ],
          [
            78.42368,
            30.120743,
            0.0
          ],
          [
            78.42375,
            30.120306,
            0.0
          ],
          [
            78.423719,
            30.11986,
            0.0
          ],
          [
            78.423573,
            30.11943,
            0.0
          ],
          [
            78.423427,
            30.119001,
            0.0
          ],
          [
            78.423484,
            30.118559,
            0.0
          ],
          [
            78.423685,
            30.118146,
            0.0
          ],
          [
            78.424021,
            30.117806,
            0.0
          ],
          [
            78.424436,
            30.117537,
            0.0
          ],
          [
            78.42481,
            30.117226,
            0.0
          ],
          [
            78.425188,
            30.116919,
            0.0
          ],
          [
            78.425673,
            30.116767,
            0.0
          ],
          [
            78.426114,
            30.11653,
            0.0
          ],
          [
            78.426536,
            30.116269,
            0.0
          ],
          [
            78.426888,
            30.11594,
            0.0
          ],
          [
            78.427175,
            30.115566,
            0.0
          ],
          [
            78.427449,
            30.115187,
            0.0
          ],
          [
            78.427836,
            30.114893,
            0.0
          ],
          [
            78.428321,
            30.11474,
            0.0
          ],
          [
            78.428838,
            30.114726,
            0.0
          ],
          [
            78.429342,
            30.114837,
            0.0
          ],
          [
            78.429851,
            30.11492,
            0.0
          ],
          [
            78.430363,
            30.114859,
            0.0
          ],
          [
            78.430862,
            30.114736,
            0.0
          ],
          [
            78.431377,
            30.114711,
            0.0
          ],
          [
            78.431878,
            30.114829,
            0.0
          ],
          [
            78.432386,
            30.114909,
            0.0
          ],
          [
            78.432887,
            30.115019,
            0.0
          ],
          [
            78.433313,
            30.115259,
            0.0
          ],
          [
            78.433495,
            30.115673,
            0.0
          ],
          [
            78.433682,
            30.116062,
            0.0
          ],
          [
            78.434194,
            30.116008,
            0.0
          ],
          [
            78.434705,
            30.115924,
            0.0
          ],
          [
            78.435021,
            30.115607,
            0.0
          ],
          [
            78.434992,
            30.115159,
            0.0
          ],
          [
            78.434974,
            30.114713,
            0.0
          ],
          [
            78.435361,
            30.114444,
            0.0
          ],
          [
            78.435836,
            30.114263,
            0.0
          ],
          [
            78.436326,
            30.114116,
            0.0
          ],
          [
            78.436799,
            30.113932,
            0.0
          ],
          [
            78.437266,
            30.113737,
            0.0
          ],
          [
            78.437749,
            30.113573,
            0.0
          ],
          [
            78.438235,
            30.113424,
            0.0
          ],
          [
            78.438705,
            30.113245,
            0.0
          ],
          [
            78.438925,
            30.11284,
            0.0
          ],
          [
            78.439159,
            30.112441,
            0.0
          ],
          [
            78.439561,
            30.112159,
            0.0
          ],
          [
            78.439871,
            30.1118,
            0.0
          ],
          [
            78.440107,
            30.1114,
            0.0
          ],
          [
            78.44025,
            30.110968,
            0.0
          ],
          [
            78.44027,
            30.110519,
            0.0
          ],
          [
            78.440366,
            30.110079,
            0.0
          ],
          [
            78.440463,
            30.109639,
            0.0
          ],
          [
            78.440542,
            30.109195,
            0.0
          ],
          [
            78.44067,
            30.108761,
            0.0
          ],
          [
            78.440422,
            30.1084,
            0.0
          ],
          [
            78.43996,
            30.108194,
            0.0
          ],
          [
            78.439511,
            30.107969,
            0.0
          ],
          [
            78.439206,
            30.10761,
            0.0
          ],
          [
            78.438872,
            30.107269,
            0.0
          ],
          [
            78.438501,
            30.106955,
            0.0
          ],
          [
            78.438091,
            30.10668,
            0.0
          ],
          [
            78.437731,
            30.106357,
            0.0
          ],
          [
            78.437394,
            30.106015,
            0.0
          ],
          [
            78.437193,
            30.105604,
            0.0
          ],
          [
            78.43706,
            30.105172,
            0.0
          ],
          [
            78.436764,
            30.104804,
            0.0
          ],
          [
            78.436445,
            30.104453,
            0.0
          ],
          [
            78.436247,
            30.104038,
            0.0
          ],
          [
            78.436072,
            30.103614,
            0.0
          ],
          [
            78.435887,
            30.103194,
            0.0
          ],
          [
            78.435781,
            30.102769,
            0.0
          ],
          [
            78.436163,
            30.102482,
            0.0
          ],
          [
            78.436332,
            30.102089,
            0.0
          ],
          [
            78.436048,
            30.101713,
            0.0
          ],
          [
            78.435785,
            30.101329,
            0.0
          ],
          [
            78.435608,
            30.100906,
            0.0
          ],
          [
            78.43543,
            30.100484,
            0.0
          ],
          [
            78.435243,
            30.100065,
            0.0
          ],
          [
            78.435018,
            30.09966,
            0.0
          ],
          [
            78.434714,
            30.099298,
            0.0
          ],
          [
            78.434463,
            30.098908,
            0.0
          ],
          [
            78.434402,
            30.098463,
            0.0
          ],
          [
            78.434451,
            30.098016,
            0.0
          ],
          [
            78.4345,
            30.097569,
            0.0
          ],
          [
            78.434531,
            30.09712,
            0.0
          ],
          [
            78.434584,
            30.096673,
            0.0
          ],
          [
            78.434741,
            30.096247,
            0.0
          ],
          [
            78.43498,
            30.095849,
            0.0
          ],
          [
            78.435127,
            30.09542,
            0.0
          ],
          [
            78.43521,
            30.094976,
            0.0
          ],
          [
            78.435301,
            30.094534,
            0.0
          ],
          [
            78.435333,
            30.094085,
            0.0
          ],
          [
            78.435311,
            30.093636,
            0.0
          ],
          [
            78.435201,
            30.093198,
            0.0
          ],
          [
            78.435035,
            30.092774,
            0.0
          ],
          [
            78.434946,
            30.092334,
            0.0
          ],
          [
            78.434922,
            30.091886,
            0.0
          ],
          [
            78.434878,
            30.091438,
            0.0
          ],
          [
            78.43487,
            30.090988,
            0.0
          ],
          [
            78.434878,
            30.090539,
            0.0
          ],
          [
            78.434884,
            30.09009,
            0.0
          ],
          [
            78.434909,
            30.089641,
            0.0
          ],
          [
            78.434899,
            30.089192,
            0.0
          ],
          [
            78.434911,
            30.088744,
            0.0
          ],
          [
            78.435013,
            30.088303,
            0.0
          ],
          [
            78.435095,
            30.08786,
            0.0
          ],
          [
            78.435104,
            30.087411,
            0.0
          ],
          [
            78.435103,
            30.086963,
            0.0
          ],
          [
            78.435125,
            30.086514,
            0.0
          ],
          [
            78.435122,
            30.086064,
            0.0
          ],
          [
            78.435154,
            30.085616,
            0.0
          ],
          [
            78.435321,
            30.085191,
            0.0
          ],
          [
            78.435553,
            30.08479,
            0.0
          ],
          [
            78.435813,
            30.084402,
            0.0
          ],
          [
            78.43604,
            30.083999,
            0.0
          ],
          [
            78.435959,
            30.08356,
            0.0
          ],
          [
            78.435802,
            30.083132,
            0.0
          ],
          [
            78.435786,
            30.082688,
            0.0
          ],
          [
            78.43591,
            30.082252,
            0.0
          ],
          [
            78.436116,
            30.081841,
            0.0
          ],
          [
            78.436355,
            30.081442,
            0.0
          ],
          [
            78.436561,
            30.08103,
            0.0
          ],
          [
            78.436769,
            30.080619,
            0.0
          ],
          [
            78.436988,
            30.080213,
            0.0
          ],
          [
            78.437326,
            30.079877,
            0.0
          ],
          [
            78.43776,
            30.079635,
            0.0
          ],
          [
            78.438255,
            30.07952,
            0.0
          ],
          [
            78.438773,
            30.07952,
            0.0
          ],
          [
            78.439291,
            30.079502,
            0.0
          ],
          [
            78.439807,
            30.079445,
            0.0
          ],
          [
            78.440309,
            30.079353,
            0.0
          ],
          [
            78.440515,
            30.078953,
            0.0
          ],
          [
            78.440627,
            30.078516,
            0.0
          ],
          [
            78.440967,
            30.078192,
            0.0
          ],
          [
            78.441444,
            30.07817,
            0.0
          ],
          [
            78.441839,
            30.078461,
            0.0
          ],
          [
            78.442316,
            30.078607,
            0.0
          ],
          [
            78.442762,
            30.078439,
            0.0
          ],
          [
            78.442802,
            30.078001,
            0.0
          ],
          [
            78.442766,
            30.077555,
            0.0
          ],
          [
            78.443013,
            30.077169,
            0.0
          ],
          [
            78.443379,
            30.076851,
            0.0
          ],
          [
            78.443776,
            30.076562,
            0.0
          ],
          [
            78.444209,
            30.076314,
            0.0
          ],
          [
            78.444639,
            30.076062,
            0.0
          ],
          [
            78.44512,
            30.0759,
            0.0
          ],
          [
            78.445574,
            30.075704,
            0.0
          ],
          [
            78.445883,
            30.075344,
            0.0
          ],
          [
            78.446356,
            30.075166,
            0.0
          ],
          [
            78.44673,
            30.074866,
            0.0
          ],
          [
            78.447009,
            30.074491,
            0.0
          ],
          [
            78.447373,
            30.07417,
            0.0
          ],
          [
            78.447699,
            30.073821,
            0.0
          ],
          [
            78.448041,
            30.07349,
            0.0
          ],
          [
            78.448524,
            30.07333,
            0.0
          ],
          [
            78.448815,
            30.072964,
            0.0
          ],
          [
            78.449093,
            30.072584,
            0.0
          ],
          [
            78.44951,
            30.072346,
            0.0
          ],
          [
            78.450004,
            30.072219,
            0.0
          ],
          [
            78.450423,
            30.07196,
            0.0
          ],
          [
            78.450784,
            30.071636,
            0.0
          ],
          [
            78.451144,
            30.071312,
            0.0
          ],
          [
            78.451398,
            30.070923,
            0.0
          ],
          [
            78.451715,
            30.070569,
            0.0
          ],
          [
            78.452178,
            30.070416,
            0.0
          ],
          [
            78.452585,
            30.070675,
            0.0
          ],
          [
            78.452895,
            30.071035,
            0.0
          ],
          [
            78.453339,
            30.07122,
            0.0
          ],
          [
            78.453754,
            30.071006,
            0.0
          ],
          [
            78.45386,
            30.070581,
            0.0
          ],
          [
            78.453703,
            30.070157,
            0.0
          ],
          [
            78.453852,
            30.069733,
            0.0
          ],
          [
            78.454207,
            30.069413,
            0.0
          ],
          [
            78.454688,
            30.069258,
            0.0
          ],
          [
            78.45516,
            30.069413,
            0.0
          ],
          [
            78.45557,
            30.069688,
            0.0
          ],
          [
            78.456022,
            30.069802,
            0.0
          ],
          [
            78.456278,
            30.069425,
            0.0
          ],
          [
            78.45671,
            30.069225,
            0.0
          ],
          [
            78.457227,
            30.069195,
            0.0
          ],
          [
            78.457657,
            30.068949,
            0.0
          ],
          [
            78.458089,
            30.068701,
            0.0
          ],
          [
            78.458601,
            30.06866,
            0.0
          ],
          [
            78.459117,
            30.068679,
            0.0
          ],
          [
            78.459586,
            30.06887,
            0.0
          ],
          [
            78.460101,
            30.06886,
            0.0
          ],
          [
            78.460593,
            30.068731,
            0.0
          ],
          [
            78.461015,
            30.068476,
            0.0
          ],
          [
            78.461515,
            30.068532,
            0.0
          ],
          [
            78.462018,
            30.068634,
            0.0
          ],
          [
            78.462537,
            30.068638,
            0.0
          ],
          [
            78.463056,
            30.068622,
            0.0
          ],
          [
            78.463547,
            30.068486,
            0.0
          ],
          [
            78.464041,
            30.06836,
            0.0
          ],
          [
            78.46456,
            30.068358,
            0.0
          ],
          [
            78.465077,
            30.068398,
            0.0
          ],
          [
            78.465544,
            30.068239,
            0.0
          ],
          [
            78.465727,
            30.06783,
            0.0
          ],
          [
            78.465792,
            30.067385,
            0.0
          ],
          [
            78.466102,
            30.067042,
            0.0
          ],
          [
            78.466607,
            30.06696,
            0.0
          ],
          [
            78.467126,
            30.066962,
            0.0
          ],
          [
            78.467642,
            30.067013,
            0.0
          ],
          [
            78.468146,
            30.067115,
            0.0
          ],
          [
            78.468643,
            30.067247,
            0.0
          ],
          [
            78.469136,
            30.06739,
            0.0
          ],
          [
            78.469624,
            30.067543,
            0.0
          ],
          [
            78.470092,
            30.067729,
            0.0
          ],
          [
            78.47032,
            30.068104,
            0.0
          ],
          [
            78.470378,
            30.068545,
            0.0
          ],
          [
            78.470685,
            30.068899,
            0.0
          ],
          [
            78.471162,
            30.069058,
            0.0
          ],
          [
            78.471671,
            30.068996,
            0.0
          ],
          [
            78.472171,
            30.068876,
            0.0
          ],
          [
            78.472679,
            30.068779,
            0.0
          ],
          [
            78.47319,
            30.068701,
            0.0
          ],
          [
            78.473699,
            30.068704,
            0.0
          ],
          [
            78.473966,
            30.069076,
            0.0
          ],
          [
            78.474174,
            30.069487,
            0.0
          ],
          [
            78.474622,
            30.069661,
            0.0
          ],
          [
            78.474994,
            30.069382,
            0.0
          ],
          [
            78.475263,
            30.069003,
            0.0
          ],
          [
            78.47572,
            30.06897,
            0.0
          ],
          [
            78.476136,
            30.069234,
            0.0
          ],
          [
            78.476575,
            30.069104,
            0.0
          ],
          [
            78.47679,
            30.0687,
            0.0
          ],
          [
            78.477232,
            30.068471,
            0.0
          ],
          [
            78.477715,
            30.068308,
            0.0
          ],
          [
            78.478119,
            30.068028,
            0.0
          ],
          [
            78.478527,
            30.067751,
            0.0
          ],
          [
            78.478937,
            30.067475,
            0.0
          ],
          [
            78.479416,
            30.067309,
            0.0
          ],
          [
            78.479927,
            30.067233,
            0.0
          ],
          [
            78.480281,
            30.066931,
            0.0
          ],
          [
            78.480255,
            30.066484,
            0.0
          ],
          [
            78.480369,
            30.066053,
            0.0
          ],
          [
            78.48069,
            30.0657,
            0.0
          ],
          [
            78.481023,
            30.065355,
            0.0
          ],
          [
            78.48133,
            30.064995,
            0.0
          ],
          [
            78.481418,
            30.064555,
            0.0
          ],
          [
            78.481466,
            30.064108,
            0.0
          ],
          [
            78.48156,
            30.063668,
            0.0
          ],
          [
            78.481445,
            30.063231,
            0.0
          ],
          [
            78.481279,
            30.062804,
            0.0
          ],
          [
            78.481181,
            30.062367,
            0.0
          ],
          [
            78.481344,
            30.061946,
            0.0
          ],
          [
            78.481691,
            30.061618,
            0.0
          ],
          [
            78.482102,
            30.061348,
            0.0
          ],
          [
            78.48233,
            30.060954,
            0.0
          ],
          [
            78.482113,
            30.060562,
            0.0
          ],
          [
            78.481893,
            30.060163,
            0.0
          ],
          [
            78.48212,
            30.059786,
            0.0
          ],
          [
            78.482523,
            30.059512,
            0.0
          ],
          [
            78.482703,
            30.059091,
            0.0
          ],
          [
            78.482907,
            30.058678,
            0.0
          ],
          [
            78.483274,
            30.058387,
            0.0
          ],
          [
            78.483789,
            30.058344,
            0.0
          ],
          [
            78.484254,
            30.058536,
            0.0
          ],
          [
            78.484644,
            30.058829,
            0.0
          ],
          [
            78.484964,
            30.059183,
            0.0
          ],
          [
            78.485088,
            30.059617,
            0.0
          ],
          [
            78.485204,
            30.060055,
            0.0
          ],
          [
            78.485333,
            30.060491,
            0.0
          ],
          [
            78.48558,
            30.06088,
            0.0
          ],
          [
            78.485936,
            30.061206,
            0.0
          ],
          [
            78.486184,
            30.061592,
            0.0
          ],
          [
            78.48624,
            30.062038,
            0.0
          ],
          [
            78.486546,
            30.062389,
            0.0
          ],
          [
            78.486815,
            30.062773,
            0.0
          ],
          [
            78.487071,
            30.063164,
            0.0
          ],
          [
            78.487271,
            30.063579,
            0.0
          ],
          [
            78.487433,
            30.064003,
            0.0
          ],
          [
            78.487805,
            30.064311,
            0.0
          ],
          [
            78.488183,
            30.06462,
            0.0
          ],
          [
            78.488528,
            30.064952,
            0.0
          ],
          [
            78.488843,
            30.06531,
            0.0
          ],
          [
            78.488959,
            30.065727,
            0.0
          ],
          [
            78.488824,
            30.06616,
            0.0
          ],
          [
            78.488865,
            30.066595,
            0.0
          ],
          [
            78.489,
            30.067029,
            0.0
          ],
          [
            78.488995,
            30.067478,
            0.0
          ],
          [
            78.489347,
            30.067735,
            0.0
          ],
          [
            78.489838,
            30.0676,
            0.0
          ],
          [
            78.490169,
            30.067891,
            0.0
          ],
          [
            78.490405,
            30.068288,
            0.0
          ],
          [
            78.490535,
            30.068714,
            0.0
          ],
          [
            78.49047,
            30.069158,
            0.0
          ],
          [
            78.49067,
            30.069562,
            0.0
          ],
          [
            78.490676,
            30.070003,
            0.0
          ],
          [
            78.49091,
            30.070401,
            0.0
          ],
          [
            78.491072,
            30.070827,
            0.0
          ],
          [
            78.491009,
            30.071265,
            0.0
          ],
          [
            78.490934,
            30.071688,
            0.0
          ],
          [
            78.491349,
            30.071953,
            0.0
          ],
          [
            78.4915,
            30.072357,
            0.0
          ],
          [
            78.491683,
            30.072753,
            0.0
          ],
          [
            78.491979,
            30.073115,
            0.0
          ],
          [
            78.492269,
            30.073474,
            0.0
          ],
          [
            78.492406,
            30.073892,
            0.0
          ],
          [
            78.492465,
            30.074332,
            0.0
          ],
          [
            78.492842,
            30.074628,
            0.0
          ],
          [
            78.493184,
            30.074956,
            0.0
          ],
          [
            78.493566,
            30.075245,
            0.0
          ],
          [
            78.49402,
            30.07544,
            0.0
          ],
          [
            78.494229,
            30.075851,
            0.0
          ],
          [
            78.494427,
            30.076266,
            0.0
          ],
          [
            78.494812,
            30.076503,
            0.0
          ],
          [
            78.495313,
            30.076388,
            0.0
          ],
          [
            78.495801,
            30.076497,
            0.0
          ],
          [
            78.496246,
            30.076725,
            0.0
          ],
          [
            78.496753,
            30.076737,
            0.0
          ],
          [
            78.497272,
            30.076718,
            0.0
          ],
          [
            78.497789,
            30.0767,
            0.0
          ],
          [
            78.498302,
            30.076635,
            0.0
          ],
          [
            78.498799,
            30.076512,
            0.0
          ],
          [
            78.499268,
            30.076318,
            0.0
          ],
          [
            78.499749,
            30.07615,
            0.0
          ],
          [
            78.50023,
            30.075983,
            0.0
          ],
          [
            78.50063,
            30.075699,
            0.0
          ],
          [
            78.50102,
            30.075402,
            0.0
          ],
          [
            78.501376,
            30.075075,
            0.0
          ],
          [
            78.501641,
            30.074696,
            0.0
          ],
          [
            78.501731,
            30.074254,
            0.0
          ],
          [
            78.501801,
            30.073809,
            0.0
          ],
          [
            78.50188,
            30.073365,
            0.0
          ],
          [
            78.502273,
            30.073237,
            0.0
          ],
          [
            78.502754,
            30.073403,
            0.0
          ],
          [
            78.503265,
            30.073373,
            0.0
          ],
          [
            78.50351,
            30.073001,
            0.0
          ],
          [
            78.503731,
            30.072595,
            0.0
          ],
          [
            78.503557,
            30.072247,
            0.0
          ],
          [
            78.503044,
            30.072256,
            0.0
          ],
          [
            78.502533,
            30.072194,
            0.0
          ],
          [
            78.502103,
            30.071968,
            0.0
          ],
          [
            78.501947,
            30.071548,
            0.0
          ],
          [
            78.50177,
            30.071127,
            0.0
          ],
          [
            78.501596,
            30.070704,
            0.0
          ],
          [
            78.501424,
            30.07028,
            0.0
          ],
          [
            78.50111,
            30.069927,
            0.0
          ],
          [
            78.500809,
            30.069565,
            0.0
          ],
          [
            78.500672,
            30.069136,
            0.0
          ],
          [
            78.500463,
            30.068724,
            0.0
          ],
          [
            78.500297,
            30.068299,
            0.0
          ],
          [
            78.500159,
            30.067872,
            0.0
          ],
          [
            78.499938,
            30.067466,
            0.0
          ],
          [
            78.499869,
            30.067021,
            0.0
          ],
          [
            78.499807,
            30.066575,
            0.0
          ],
          [
            78.499943,
            30.066177,
            0.0
          ],
          [
            78.500394,
            30.065968,
            0.0
          ],
          [
            78.500699,
            30.065663,
            0.0
          ],
          [
            78.500479,
            30.065261,
            0.0
          ],
          [
            78.500287,
            30.064845,
            0.0
          ],
          [
            78.500285,
            30.064402,
            0.0
          ],
          [
            78.500552,
            30.064029,
            0.0
          ],
          [
            78.501002,
            30.063813,
            0.0
          ],
          [
            78.501468,
            30.063615,
            0.0
          ],
          [
            78.501909,
            30.063381,
            0.0
          ],
          [
            78.502089,
            30.062981,
            0.0
          ],
          [
            78.502102,
            30.062536,
            0.0
          ],
          [
            78.502496,
            30.062269,
            0.0
          ],
          [
            78.502996,
            30.062164,
            0.0
          ],
          [
            78.503294,
            30.06182,
            0.0
          ],
          [
            78.50353,
            30.061423,
            0.0
          ],
          [
            78.503769,
            30.061025,
            0.0
          ],
          [
            78.504076,
            30.060667,
            0.0
          ],
          [
            78.504468,
            30.060377,
            0.0
          ],
          [
            78.504921,
            30.060172,
            0.0
          ],
          [
            78.50537,
            30.060026,
            0.0
          ],
          [
            78.505603,
            30.059632,
            0.0
          ],
          [
            78.505987,
            30.059332,
            0.0
          ],
          [
            78.506475,
            30.059194,
            0.0
          ],
          [
            78.506989,
            30.059141,
            0.0
          ],
          [
            78.507502,
            30.05917,
            0.0
          ],
          [
            78.508008,
            30.059218,
            0.0
          ],
          [
            78.508512,
            30.059112,
            0.0
          ],
          [
            78.509007,
            30.058981,
            0.0
          ],
          [
            78.509436,
            30.058728,
            0.0
          ],
          [
            78.509842,
            30.058448,
            0.0
          ],
          [
            78.510331,
            30.058356,
            0.0
          ],
          [
            78.510658,
            30.058677,
            0.0
          ],
          [
            78.510956,
            30.059037,
            0.0
          ],
          [
            78.51084,
            30.059469,
            0.0
          ],
          [
            78.510633,
            30.05988,
            0.0
          ],
          [
            78.510672,
            30.060314,
            0.0
          ],
          [
            78.510755,
            30.06075,
            0.0
          ],
          [
            78.510578,
            30.06117,
            0.0
          ],
          [
            78.51061,
            30.061615,
            0.0
          ],
          [
            78.510542,
            30.06206,
            0.0
          ],
          [
            78.510581,
            30.062505,
            0.0
          ],
          [
            78.5108,
            30.06291,
            0.0
          ],
          [
            78.510713,
            30.063314,
            0.0
          ],
          [
            78.51046,
            30.063679,
            0.0
          ],
          [
            78.510495,
            30.064127,
            0.0
          ],
          [
            78.510304,
            30.064504,
            0.0
          ],
          [
            78.51005,
            30.064865,
            0.0
          ],
          [
            78.510213,
            30.065282,
            0.0
          ],
          [
            78.510371,
            30.065696,
            0.0
          ],
          [
            78.510118,
            30.066086,
            0.0
          ],
          [
            78.50997,
            30.066513,
            0.0
          ],
          [
            78.510061,
            30.066948,
            0.0
          ],
          [
            78.510415,
            30.067275,
            0.0
          ],
          [
            78.510676,
            30.067661,
            0.0
          ],
          [
            78.51103,
            30.067986,
            0.0
          ],
          [
            78.511413,
            30.068278,
            0.0
          ],
          [
            78.511334,
            30.068717,
            0.0
          ],
          [
            78.511362,
            30.069161,
            0.0
          ],
          [
            78.511531,
            30.069583,
            0.0
          ],
          [
            78.511614,
            30.070027,
            0.0
          ],
          [
            78.511877,
            30.070392,
            0.0
          ],
          [
            78.512351,
            30.070569,
            0.0
          ],
          [
            78.512846,
            30.070699,
            0.0
          ],
          [
            78.513359,
            30.070771,
            0.0
          ],
          [
            78.513874,
            30.07083,
            0.0
          ],
          [
            78.514382,
            30.070769,
            0.0
          ],
          [
            78.514846,
            30.070569,
            0.0
          ],
          [
            78.515294,
            30.070341,
            0.0
          ],
          [
            78.515719,
            30.070084,
            0.0
          ],
          [
            78.516116,
            30.069795,
            0.0
          ],
          [
            78.516484,
            30.069489,
            0.0
          ],
          [
            78.516771,
            30.069781,
            0.0
          ],
          [
            78.517046,
            30.070154,
            0.0
          ],
          [
            78.517385,
            30.070492,
            0.0
          ],
          [
            78.517852,
            30.070681,
            0.0
          ],
          [
            78.518357,
            30.070623,
            0.0
          ],
          [
            78.51872,
            30.070808,
            0.0
          ],
          [
            78.518569,
            30.071238,
            0.0
          ],
          [
            78.518425,
            30.07167,
            0.0
          ],
          [
            78.518105,
            30.072018,
            0.0
          ],
          [
            78.517774,
            30.072358,
            0.0
          ],
          [
            78.517966,
            30.072746,
            0.0
          ],
          [
            78.518144,
            30.073111,
            0.0
          ],
          [
            78.518397,
            30.073452,
            0.0
          ],
          [
            78.518517,
            30.073875,
            0.0
          ],
          [
            78.51842,
            30.074313,
            0.0
          ],
          [
            78.518406,
            30.074761,
            0.0
          ],
          [
            78.518444,
            30.075206,
            0.0
          ],
          [
            78.51866,
            30.075615,
            0.0
          ],
          [
            78.518902,
            30.075991,
            0.0
          ],
          [
            78.519403,
            30.076017,
            0.0
          ],
          [
            78.51991,
            30.075923,
            0.0
          ],
          [
            78.520413,
            30.075812,
            0.0
          ],
          [
            78.520871,
            30.075859,
            0.0
          ],
          [
            78.520974,
            30.07629,
            0.0
          ],
          [
            78.521168,
            30.076707,
            0.0
          ],
          [
            78.52142,
            30.0771,
            0.0
          ],
          [
            78.521788,
            30.077412,
            0.0
          ],
          [
            78.52185,
            30.077852,
            0.0
          ],
          [
            78.521899,
            30.078299,
            0.0
          ],
          [
            78.521793,
            30.078737,
            0.0
          ],
          [
            78.521781,
            30.079173,
            0.0
          ],
          [
            78.521805,
            30.079621,
            0.0
          ],
          [
            78.521809,
            30.080071,
            0.0
          ],
          [
            78.521873,
            30.080509,
            0.0
          ],
          [
            78.522193,
            30.080851,
            0.0
          ],
          [
            78.522689,
            30.080791,
            0.0
          ],
          [
            78.5232,
            30.080755,
            0.0
          ],
          [
            78.523714,
            30.08081,
            0.0
          ],
          [
            78.524149,
            30.081024,
            0.0
          ],
          [
            78.524522,
            30.081336,
            0.0
          ],
          [
            78.524858,
            30.081676,
            0.0
          ],
          [
            78.525152,
            30.082044,
            0.0
          ],
          [
            78.525641,
            30.082004,
            0.0
          ],
          [
            78.525984,
            30.081672,
            0.0
          ],
          [
            78.526296,
            30.081312,
            0.0
          ],
          [
            78.526622,
            30.080969,
            0.0
          ],
          [
            78.527077,
            30.081028,
            0.0
          ],
          [
            78.527376,
            30.081394,
            0.0
          ],
          [
            78.527651,
            30.081774,
            0.0
          ],
          [
            78.528094,
            30.081908,
            0.0
          ],
          [
            78.528514,
            30.081652,
            0.0
          ],
          [
            78.52883,
            30.081301,
            0.0
          ],
          [
            78.529269,
            30.081379,
            0.0
          ],
          [
            78.529622,
            30.081697,
            0.0
          ],
          [
            78.530093,
            30.081877,
            0.0
          ],
          [
            78.530556,
            30.082076,
            0.0
          ],
          [
            78.531074,
            30.082086,
            0.0
          ],
          [
            78.531594,
            30.082081,
            0.0
          ],
          [
            78.532103,
            30.082013,
            0.0
          ],
          [
            78.532579,
            30.081835,
            0.0
          ],
          [
            78.533083,
            30.081738,
            0.0
          ],
          [
            78.533601,
            30.081717,
            0.0
          ],
          [
            78.534066,
            30.081523,
            0.0
          ],
          [
            78.534383,
            30.081704,
            0.0
          ],
          [
            78.534176,
            30.082114,
            0.0
          ],
          [
            78.533941,
            30.082514,
            0.0
          ],
          [
            78.533879,
            30.082937,
            0.0
          ],
          [
            78.534306,
            30.083163,
            0.0
          ],
          [
            78.53482,
            30.083218,
            0.0
          ],
          [
            78.53532,
            30.083334,
            0.0
          ],
          [
            78.535626,
            30.083667,
            0.0
          ],
          [
            78.535611,
            30.08411,
            0.0
          ],
          [
            78.535701,
            30.084548,
            0.0
          ],
          [
            78.535697,
            30.084994,
            0.0
          ],
          [
            78.535631,
            30.085439,
            0.0
          ],
          [
            78.535866,
            30.08583,
            0.0
          ],
          [
            78.536117,
            30.08622,
            0.0
          ],
          [
            78.535972,
            30.086644,
            0.0
          ],
          [
            78.536327,
            30.086957,
            0.0
          ],
          [
            78.536582,
            30.087347,
            0.0
          ],
          [
            78.536972,
            30.087599,
            0.0
          ],
          [
            78.537457,
            30.087454,
            0.0
          ],
          [
            78.537893,
            30.087211,
            0.0
          ],
          [
            78.538384,
            30.087254,
            0.0
          ],
          [
            78.538369,
            30.087674,
            0.0
          ],
          [
            78.538322,
            30.088119,
            0.0
          ],
          [
            78.538347,
            30.088562,
            0.0
          ],
          [
            78.538115,
            30.08896,
            0.0
          ],
          [
            78.538031,
            30.0894,
            0.0
          ],
          [
            78.537816,
            30.089804,
            0.0
          ],
          [
            78.537521,
            30.090173,
            0.0
          ],
          [
            78.53741,
            30.090581,
            0.0
          ],
          [
            78.537887,
            30.090664,
            0.0
          ],
          [
            78.53839,
            30.090691,
            0.0
          ],
          [
            78.53855,
            30.091099,
            0.0
          ],
          [
            78.538561,
            30.091548,
            0.0
          ],
          [
            78.538583,
            30.091997,
            0.0
          ],
          [
            78.538698,
            30.092431,
            0.0
          ],
          [
            78.538883,
            30.092851,
            0.0
          ],
          [
            78.539068,
            30.093272,
            0.0
          ],
          [
            78.539425,
            30.093591,
            0.0
          ],
          [
            78.539857,
            30.093841,
            0.0
          ],
          [
            78.54027,
            30.094113,
            0.0
          ],
          [
            78.540668,
            30.094401,
            0.0
          ],
          [
            78.541026,
            30.094726,
            0.0
          ],
          [
            78.541438,
            30.09499,
            0.0
          ],
          [
            78.541757,
            30.094695,
            0.0
          ],
          [
            78.541971,
            30.094285,
            0.0
          ],
          [
            78.542167,
            30.093869,
            0.0
          ],
          [
            78.542162,
            30.093427,
            0.0
          ],
          [
            78.542124,
            30.092982,
            0.0
          ],
          [
            78.542463,
            30.092731,
            0.0
          ],
          [
            78.54293,
            30.092921,
            0.0
          ],
          [
            78.543415,
            30.092959,
            0.0
          ],
          [
            78.543886,
            30.092783,
            0.0
          ],
          [
            78.544309,
            30.092524,
            0.0
          ],
          [
            78.544808,
            30.092407,
            0.0
          ],
          [
            78.545276,
            30.092215,
            0.0
          ],
          [
            78.545746,
            30.092027,
            0.0
          ],
          [
            78.54599,
            30.091663,
            0.0
          ],
          [
            78.545744,
            30.091278,
            0.0
          ],
          [
            78.545388,
            30.09095,
            0.0
          ],
          [
            78.545014,
            30.09064,
            0.0
          ],
          [
            78.544789,
            30.090255,
            0.0
          ],
          [
            78.544787,
            30.089805,
            0.0
          ],
          [
            78.545014,
            30.08942,
            0.0
          ],
          [
            78.545486,
            30.089237,
            0.0
          ],
          [
            78.545965,
            30.089062,
            0.0
          ],
          [
            78.546432,
            30.088866,
            0.0
          ],
          [
            78.546788,
            30.088551,
            0.0
          ],
          [
            78.547003,
            30.088142,
            0.0
          ],
          [
            78.547235,
            30.08774,
            0.0
          ],
          [
            78.547378,
            30.087309,
            0.0
          ],
          [
            78.547477,
            30.086869,
            0.0
          ],
          [
            78.547594,
            30.08643,
            0.0
          ],
          [
            78.547723,
            30.085997,
            0.0
          ],
          [
            78.548114,
            30.08599,
            0.0
          ],
          [
            78.548491,
            30.086292,
            0.0
          ],
          [
            78.548973,
            30.086432,
            0.0
          ],
          [
            78.549306,
            30.086728,
            0.0
          ],
          [
            78.549331,
            30.087177,
            0.0
          ],
          [
            78.549496,
            30.087588,
            0.0
          ],
          [
            78.549357,
            30.088012,
            0.0
          ],
          [
            78.549191,
            30.088436,
            0.0
          ],
          [
            78.549201,
            30.088884,
            0.0
          ],
          [
            78.549443,
            30.089243,
            0.0
          ],
          [
            78.549747,
            30.088994,
            0.0
          ],
          [
            78.549982,
            30.088596,
            0.0
          ],
          [
            78.550344,
            30.088277,
            0.0
          ],
          [
            78.550676,
            30.087934,
            0.0
          ],
          [
            78.550915,
            30.087535,
            0.0
          ],
          [
            78.551304,
            30.087239,
            0.0
          ],
          [
            78.551728,
            30.08698,
            0.0
          ],
          [
            78.552132,
            30.086712,
            0.0
          ],
          [
            78.552347,
            30.086311,
            0.0
          ],
          [
            78.552802,
            30.086279,
            0.0
          ],
          [
            78.553286,
            30.08644,
            0.0
          ],
          [
            78.55368,
            30.086241,
            0.0
          ],
          [
            78.553622,
            30.0858,
            0.0
          ],
          [
            78.553333,
            30.085436,
            0.0
          ],
          [
            78.552967,
            30.085124,
            0.0
          ],
          [
            78.553122,
            30.084784,
            0.0
          ],
          [
            78.553471,
            30.084463,
            0.0
          ],
          [
            78.553506,
            30.084031,
            0.0
          ],
          [
            78.553242,
            30.083648,
            0.0
          ],
          [
            78.553509,
            30.083336,
            0.0
          ],
          [
            78.553975,
            30.083141,
            0.0
          ],
          [
            78.55418,
            30.082773,
            0.0
          ],
          [
            78.554311,
            30.082349,
            0.0
          ],
          [
            78.554622,
            30.081993,
            0.0
          ],
          [
            78.554662,
            30.081554,
            0.0
          ],
          [
            78.554756,
            30.081119,
            0.0
          ],
          [
            78.555097,
            30.080809,
            0.0
          ],
          [
            78.555587,
            30.080929,
            0.0
          ],
          [
            78.556086,
            30.081041,
            0.0
          ],
          [
            78.556566,
            30.08121,
            0.0
          ],
          [
            78.557063,
            30.08133,
            0.0
          ],
          [
            78.55758,
            30.081302,
            0.0
          ],
          [
            78.558063,
            30.081396,
            0.0
          ],
          [
            78.558481,
            30.081662,
            0.0
          ],
          [
            78.558971,
            30.081797,
            0.0
          ],
          [
            78.559469,
            30.08192,
            0.0
          ],
          [
            78.559795,
            30.081646,
            0.0
          ],
          [
            78.559656,
            30.081214,
            0.0
          ],
          [
            78.559433,
            30.080812,
            0.0
          ],
          [
            78.559404,
            30.080372,
            0.0
          ],
          [
            78.55981,
            30.080136,
            0.0
          ],
          [
            78.560302,
            30.080196,
            0.0
          ],
          [
            78.56078,
            30.080371,
            0.0
          ],
          [
            78.561276,
            30.08049,
            0.0
          ],
          [
            78.56177,
            30.08036,
            0.0
          ],
          [
            78.562229,
            30.080532,
            0.0
          ],
          [
            78.562655,
            30.08078,
            0.0
          ],
          [
            78.563125,
            30.080713,
            0.0
          ],
          [
            78.56342,
            30.080344,
            0.0
          ],
          [
            78.563771,
            30.080016,
            0.0
          ],
          [
            78.564123,
            30.079695,
            0.0
          ],
          [
            78.563999,
            30.079295,
            0.0
          ],
          [
            78.563796,
            30.078898,
            0.0
          ],
          [
            78.564217,
            30.078771,
            0.0
          ],
          [
            78.564622,
            30.078592,
            0.0
          ],
          [
            78.564967,
            30.078293,
            0.0
          ],
          [
            78.565437,
            30.078108,
            0.0
          ],
          [
            78.565944,
            30.078025,
            0.0
          ],
          [
            78.566349,
            30.077785,
            0.0
          ],
          [
            78.566728,
            30.07754,
            0.0
          ],
          [
            78.567242,
            30.077531,
            0.0
          ],
          [
            78.567726,
            30.077374,
            0.0
          ],
          [
            78.568222,
            30.077303,
            0.0
          ],
          [
            78.568342,
            30.077685,
            0.0
          ],
          [
            78.568225,
            30.078123,
            0.0
          ],
          [
            78.56811,
            30.07856,
            0.0
          ],
          [
            78.56827,
            30.078973,
            0.0
          ],
          [
            78.568084,
            30.07938,
            0.0
          ],
          [
            78.56788,
            30.079791,
            0.0
          ],
          [
            78.567871,
            30.08024,
            0.0
          ],
          [
            78.567754,
            30.080678,
            0.0
          ],
          [
            78.567744,
            30.081101,
            0.0
          ],
          [
            78.56824,
            30.081142,
            0.0
          ],
          [
            78.568757,
            30.081103,
            0.0
          ],
          [
            78.569259,
            30.081152,
            0.0
          ],
          [
            78.56975,
            30.08129,
            0.0
          ],
          [
            78.570165,
            30.081044,
            0.0
          ],
          [
            78.570485,
            30.080692,
            0.0
          ],
          [
            78.570967,
            30.080545,
            0.0
          ],
          [
            78.571419,
            30.08033,
            0.0
          ],
          [
            78.571787,
            30.080592,
            0.0
          ],
          [
            78.57201,
            30.080998,
            0.0
          ],
          [
            78.572343,
            30.081337,
            0.0
          ],
          [
            78.572807,
            30.081507,
            0.0
          ],
          [
            78.573297,
            30.081367,
            0.0
          ],
          [
            78.573789,
            30.081225,
            0.0
          ],
          [
            78.574244,
            30.081039,
            0.0
          ],
          [
            78.574573,
            30.080693,
            0.0
          ],
          [
            78.575012,
            30.080688,
            0.0
          ],
          [
            78.575411,
            30.080969,
            0.0
          ],
          [
            78.575852,
            30.081197,
            0.0
          ],
          [
            78.576189,
            30.081538,
            0.0
          ],
          [
            78.576506,
            30.081882,
            0.0
          ],
          [
            78.576622,
            30.08232,
            0.0
          ],
          [
            78.576477,
            30.082714,
            0.0
          ],
          [
            78.57604,
            30.082953,
            0.0
          ],
          [
            78.575754,
            30.083327,
            0.0
          ],
          [
            78.575428,
            30.083677,
            0.0
          ],
          [
            78.575171,
            30.084056,
            0.0
          ],
          [
            78.575378,
            30.084435,
            0.0
          ],
          [
            78.575576,
            30.08477,
            0.0
          ],
          [
            78.57543,
            30.0852,
            0.0
          ],
          [
            78.575185,
            30.085596,
            0.0
          ],
          [
            78.57481,
            30.0859,
            0.0
          ],
          [
            78.57434,
            30.086092,
            0.0
          ],
          [
            78.57393,
            30.08631,
            0.0
          ],
          [
            78.574286,
            30.086593,
            0.0
          ],
          [
            78.574603,
            30.086938,
            0.0
          ],
          [
            78.575059,
            30.087147,
            0.0
          ],
          [
            78.575548,
            30.087171,
            0.0
          ],
          [
            78.576045,
            30.087088,
            0.0
          ],
          [
            78.576514,
            30.087267,
            0.0
          ],
          [
            78.576994,
            30.087251,
            0.0
          ],
          [
            78.577342,
            30.086922,
            0.0
          ],
          [
            78.577635,
            30.086557,
            0.0
          ],
          [
            78.578125,
            30.086445,
            0.0
          ],
          [
            78.578642,
            30.08643,
            0.0
          ],
          [
            78.579147,
            30.086324,
            0.0
          ],
          [
            78.579598,
            30.086107,
            0.0
          ],
          [
            78.580102,
            30.0861,
            0.0
          ],
          [
            78.580593,
            30.086236,
            0.0
          ],
          [
            78.581052,
            30.086379,
            0.0
          ],
          [
            78.581562,
            30.086297,
            0.0
          ],
          [
            78.582081,
            30.086285,
            0.0
          ],
          [
            78.582599,
            30.086312,
            0.0
          ],
          [
            78.583104,
            30.086417,
            0.0
          ],
          [
            78.583527,
            30.086671,
            0.0
          ],
          [
            78.583611,
            30.087107,
            0.0
          ],
          [
            78.583452,
            30.087529,
            0.0
          ],
          [
            78.583139,
            30.087885,
            0.0
          ],
          [
            78.582653,
            30.08803,
            0.0
          ],
          [
            78.582205,
            30.088246,
            0.0
          ],
          [
            78.58196,
            30.088642,
            0.0
          ],
          [
            78.581642,
            30.088996,
            0.0
          ],
          [
            78.581266,
            30.089305,
            0.0
          ],
          [
            78.580839,
            30.089562,
            0.0
          ],
          [
            78.580426,
            30.089834,
            0.0
          ],
          [
            78.580035,
            30.090128,
            0.0
          ],
          [
            78.57972,
            30.090486,
            0.0
          ],
          [
            78.579653,
            30.090913,
            0.0
          ],
          [
            78.579904,
            30.091304,
            0.0
          ],
          [
            78.579926,
            30.091727,
            0.0
          ],
          [
            78.579732,
            30.092142,
            0.0
          ],
          [
            78.579593,
            30.092574,
            0.0
          ],
          [
            78.579342,
            30.092967,
            0.0
          ],
          [
            78.579182,
            30.093392,
            0.0
          ],
          [
            78.578945,
            30.093792,
            0.0
          ],
          [
            78.578697,
            30.094186,
            0.0
          ],
          [
            78.578362,
            30.094527,
            0.0
          ],
          [
            78.577994,
            30.094844,
            0.0
          ],
          [
            78.577535,
            30.095052,
            0.0
          ],
          [
            78.577038,
            30.095185,
            0.0
          ],
          [
            78.57653,
            30.095269,
            0.0
          ],
          [
            78.576015,
            30.095289,
            0.0
          ],
          [
            78.575523,
            30.09516,
            0.0
          ],
          [
            78.575091,
            30.094911,
            0.0
          ],
          [
            78.574641,
            30.094971,
            0.0
          ],
          [
            78.574476,
            30.095396,
            0.0
          ],
          [
            78.574326,
            30.095826,
            0.0
          ],
          [
            78.574258,
            30.096265,
            0.0
          ],
          [
            78.574605,
            30.09658,
            0.0
          ],
          [
            78.574992,
            30.096876,
            0.0
          ],
          [
            78.57528,
            30.09725,
            0.0
          ],
          [
            78.575621,
            30.097584,
            0.0
          ],
          [
            78.576066,
            30.097814,
            0.0
          ],
          [
            78.576485,
            30.09808,
            0.0
          ],
          [
            78.576389,
            30.098367,
            0.0
          ],
          [
            78.575891,
            30.098493,
            0.0
          ],
          [
            78.575386,
            30.098586,
            0.0
          ],
          [
            78.574917,
            30.098774,
            0.0
          ],
          [
            78.574444,
            30.098949,
            0.0
          ],
          [
            78.573955,
            30.0991,
            0.0
          ],
          [
            78.573465,
            30.09925,
            0.0
          ],
          [
            78.573002,
            30.099448,
            0.0
          ],
          [
            78.572983,
            30.099856,
            0.0
          ],
          [
            78.573299,
            30.100213,
            0.0
          ],
          [
            78.573715,
            30.100474,
            0.0
          ],
          [
            78.574177,
            30.10068,
            0.0
          ],
          [
            78.574639,
            30.100886,
            0.0
          ],
          [
            78.575101,
            30.101092,
            0.0
          ],
          [
            78.575236,
            30.101479,
            0.0
          ],
          [
            78.575105,
            30.101912,
            0.0
          ],
          [
            78.57499,
            30.10235,
            0.0
          ],
          [
            78.574736,
            30.10273,
            0.0
          ],
          [
            78.574362,
            30.103033,
            0.0
          ],
          [
            78.574242,
            30.103464,
            0.0
          ],
          [
            78.574009,
            30.103864,
            0.0
          ],
          [
            78.574125,
            30.104281,
            0.0
          ],
          [
            78.574537,
            30.104548,
            0.0
          ],
          [
            78.575027,
            30.104687,
            0.0
          ],
          [
            78.575187,
            30.1051,
            0.0
          ],
          [
            78.575487,
            30.105409,
            0.0
          ],
          [
            78.575818,
            30.105734,
            0.0
          ],
          [
            78.576073,
            30.106124,
            0.0
          ],
          [
            78.576381,
            30.106485,
            0.0
          ],
          [
            78.576649,
            30.106867,
            0.0
          ],
          [
            78.577049,
            30.107142,
            0.0
          ],
          [
            78.577506,
            30.107348,
            0.0
          ],
          [
            78.577941,
            30.107589,
            0.0
          ],
          [
            78.578435,
            30.107652,
            0.0
          ],
          [
            78.578902,
            30.1075,
            0.0
          ],
          [
            78.579383,
            30.107657,
            0.0
          ],
          [
            78.579856,
            30.107783,
            0.0
          ],
          [
            78.580368,
            30.107764,
            0.0
          ],
          [
            78.580873,
            30.107762,
            0.0
          ],
          [
            78.581365,
            30.107617,
            0.0
          ],
          [
            78.581868,
            30.107522,
            0.0
          ],
          [
            78.582334,
            30.107699,
            0.0
          ],
          [
            78.582658,
            30.108048,
            0.0
          ],
          [
            78.583139,
            30.108199,
            0.0
          ],
          [
            78.583642,
            30.108313,
            0.0
          ],
          [
            78.584111,
            30.108488,
            0.0
          ],
          [
            78.584471,
            30.108812,
            0.0
          ],
          [
            78.584854,
            30.109112,
            0.0
          ],
          [
            78.585277,
            30.108916,
            0.0
          ],
          [
            78.585669,
            30.108622,
            0.0
          ],
          [
            78.586078,
            30.108677,
            0.0
          ],
          [
            78.585954,
            30.109104,
            0.0
          ],
          [
            78.585839,
            30.109534,
            0.0
          ],
          [
            78.586064,
            30.109925,
            0.0
          ],
          [
            78.586156,
            30.110367,
            0.0
          ],
          [
            78.586321,
            30.11079,
            0.0
          ],
          [
            78.586582,
            30.111178,
            0.0
          ],
          [
            78.586709,
            30.111592,
            0.0
          ],
          [
            78.586381,
            30.111927,
            0.0
          ],
          [
            78.58587,
            30.111951,
            0.0
          ],
          [
            78.585351,
            30.111947,
            0.0
          ],
          [
            78.584856,
            30.112062,
            0.0
          ],
          [
            78.584385,
            30.112235,
            0.0
          ],
          [
            78.583872,
            30.112188,
            0.0
          ],
          [
            78.583353,
            30.112189,
            0.0
          ],
          [
            78.582834,
            30.112219,
            0.0
          ],
          [
            78.582322,
            30.112296,
            0.0
          ],
          [
            78.581807,
            30.112281,
            0.0
          ],
          [
            78.581364,
            30.112059,
            0.0
          ],
          [
            78.580909,
            30.11186,
            0.0
          ],
          [
            78.580389,
            30.111852,
            0.0
          ],
          [
            78.579879,
            30.111777,
            0.0
          ],
          [
            78.579379,
            30.111733,
            0.0
          ],
          [
            78.578924,
            30.111942,
            0.0
          ],
          [
            78.578492,
            30.111902,
            0.0
          ],
          [
            78.578088,
            30.111656,
            0.0
          ],
          [
            78.5778,
            30.112003,
            0.0
          ],
          [
            78.578069,
            30.112377,
            0.0
          ],
          [
            78.578414,
            30.112712,
            0.0
          ],
          [
            78.578852,
            30.112917,
            0.0
          ],
          [
            78.579317,
            30.112755,
            0.0
          ],
          [
            78.579835,
            30.112781,
            0.0
          ],
          [
            78.580343,
            30.112853,
            0.0
          ],
          [
            78.580722,
            30.113152,
            0.0
          ],
          [
            78.581109,
            30.113439,
            0.0
          ],
          [
            78.581586,
            30.113612,
            0.0
          ],
          [
            78.582076,
            30.113762,
            0.0
          ],
          [
            78.582575,
            30.113885,
            0.0
          ],
          [
            78.583088,
            30.113947,
            0.0
          ],
          [
            78.583603,
            30.114,
            0.0
          ],
          [
            78.584122,
            30.114014,
            0.0
          ],
          [
            78.584641,
            30.114026,
            0.0
          ],
          [
            78.585091,
            30.114205,
            0.0
          ],
          [
            78.585098,
            30.114649,
            0.0
          ],
          [
            78.584905,
            30.115062,
            0.0
          ],
          [
            78.584691,
            30.115467,
            0.0
          ],
          [
            78.58464,
            30.115914,
            0.0
          ],
          [
            78.58462,
            30.116363,
            0.0
          ],
          [
            78.584567,
            30.116806,
            0.0
          ],
          [
            78.584375,
            30.117223,
            0.0
          ],
          [
            78.584463,
            30.117661,
            0.0
          ],
          [
            78.584553,
            30.118104,
            0.0
          ],
          [
            78.584634,
            30.118548,
            0.0
          ],
          [
            78.584716,
            30.118992,
            0.0
          ],
          [
            78.584826,
            30.119431,
            0.0
          ],
          [
            78.584968,
            30.119863,
            0.0
          ],
          [
            78.5849,
            30.120295,
            0.0
          ],
          [
            78.584578,
            30.120647,
            0.0
          ],
          [
            78.584259,
            30.120996,
            0.0
          ],
          [
            78.584277,
            30.121442,
            0.0
          ],
          [
            78.584756,
            30.121429,
            0.0
          ],
          [
            78.585245,
            30.121453,
            0.0
          ],
          [
            78.585545,
            30.121811,
            0.0
          ],
          [
            78.585734,
            30.122229,
            0.0
          ],
          [
            78.58599,
            30.122616,
            0.0
          ],
          [
            78.586335,
            30.122952,
            0.0
          ],
          [
            78.586752,
            30.123212,
            0.0
          ],
          [
            78.587065,
            30.123566,
            0.0
          ],
          [
            78.58745,
            30.123862,
            0.0
          ],
          [
            78.587757,
            30.124224,
            0.0
          ],
          [
            78.588206,
            30.124381,
            0.0
          ],
          [
            78.58861,
            30.124103,
            0.0
          ],
          [
            78.589118,
            30.124078,
            0.0
          ],
          [
            78.589325,
            30.124465,
            0.0
          ],
          [
            78.589537,
            30.124871,
            0.0
          ],
          [
            78.589907,
            30.125181,
            0.0
          ],
          [
            78.590387,
            30.125106,
            0.0
          ],
          [
            78.590876,
            30.124958,
            0.0
          ],
          [
            78.591316,
            30.124729,
            0.0
          ],
          [
            78.591835,
            30.124729,
            0.0
          ],
          [
            78.592339,
            30.124632,
            0.0
          ],
          [
            78.592852,
            30.124563,
            0.0
          ],
          [
            78.593359,
            30.124481,
            0.0
          ],
          [
            78.593754,
            30.124758,
            0.0
          ],
          [
            78.594236,
            30.124881,
            0.0
          ],
          [
            78.594746,
            30.124895,
            0.0
          ],
          [
            78.595222,
            30.125064,
            0.0
          ],
          [
            78.595693,
            30.125246,
            0.0
          ],
          [
            78.596184,
            30.125219,
            0.0
          ],
          [
            78.596661,
            30.125148,
            0.0
          ],
          [
            78.597113,
            30.125363,
            0.0
          ],
          [
            78.597534,
            30.125623,
            0.0
          ],
          [
            78.597963,
            30.125875,
            0.0
          ],
          [
            78.598394,
            30.126127,
            0.0
          ],
          [
            78.598592,
            30.126507,
            0.0
          ],
          [
            78.598362,
            30.126906,
            0.0
          ],
          [
            78.59801,
            30.127233,
            0.0
          ],
          [
            78.597526,
            30.127388,
            0.0
          ],
          [
            78.597036,
            30.127533,
            0.0
          ],
          [
            78.596594,
            30.12777,
            0.0
          ],
          [
            78.596161,
            30.128019,
            0.0
          ],
          [
            78.595739,
            30.128281,
            0.0
          ],
          [
            78.595287,
            30.128502,
            0.0
          ],
          [
            78.594795,
            30.128642,
            0.0
          ],
          [
            78.594345,
            30.128859,
            0.0
          ],
          [
            78.59413,
            30.129244,
            0.0
          ],
          [
            78.594135,
            30.129687,
            0.0
          ],
          [
            78.593953,
            30.130105,
            0.0
          ],
          [
            78.593929,
            30.130554,
            0.0
          ],
          [
            78.593787,
            30.130986,
            0.0
          ],
          [
            78.593636,
            30.131416,
            0.0
          ],
          [
            78.593419,
            30.131818,
            0.0
          ],
          [
            78.593063,
            30.132141,
            0.0
          ],
          [
            78.592801,
            30.132522,
            0.0
          ],
          [
            78.592837,
            30.132963,
            0.0
          ],
          [
            78.592885,
            30.133406,
            0.0
          ],
          [
            78.592665,
            30.133803,
            0.0
          ],
          [
            78.592223,
            30.134011,
            0.0
          ],
          [
            78.591904,
            30.134285,
            0.0
          ],
          [
            78.592293,
            30.134538,
            0.0
          ],
          [
            78.592806,
            30.134574,
            0.0
          ],
          [
            78.593322,
            30.13462,
            0.0
          ],
          [
            78.593685,
            30.134901,
            0.0
          ],
          [
            78.593804,
            30.135338,
            0.0
          ],
          [
            78.59399,
            30.135757,
            0.0
          ],
          [
            78.594153,
            30.136184,
            0.0
          ],
          [
            78.594293,
            30.136616,
            0.0
          ],
          [
            78.594441,
            30.137045,
            0.0
          ],
          [
            78.594496,
            30.137492,
            0.0
          ],
          [
            78.594624,
            30.137922,
            0.0
          ],
          [
            78.594446,
            30.138326,
            0.0
          ],
          [
            78.594165,
            30.138702,
            0.0
          ],
          [
            78.594302,
            30.139116,
            0.0
          ],
          [
            78.594433,
            30.139551,
            0.0
          ],
          [
            78.594607,
            30.139974,
            0.0
          ],
          [
            78.594809,
            30.140388,
            0.0
          ],
          [
            78.594775,
            30.140833,
            0.0
          ],
          [
            78.595009,
            30.141226,
            0.0
          ],
          [
            78.595122,
            30.141665,
            0.0
          ],
          [
            78.595423,
            30.142019,
            0.0
          ],
          [
            78.595306,
            30.142434,
            0.0
          ],
          [
            78.59539,
            30.142854,
            0.0
          ],
          [
            78.595519,
            30.143283,
            0.0
          ],
          [
            78.59566,
            30.143714,
            0.0
          ],
          [
            78.595716,
            30.144157,
            0.0
          ],
          [
            78.595845,
            30.144589,
            0.0
          ],
          [
            78.596108,
            30.144976,
            0.0
          ],
          [
            78.596341,
            30.145373,
            0.0
          ],
          [
            78.5966,
            30.145757,
            0.0
          ],
          [
            78.596666,
            30.146198,
            0.0
          ],
          [
            78.596778,
            30.146628,
            0.0
          ],
          [
            78.596799,
            30.147068,
            0.0
          ],
          [
            78.59664,
            30.147481,
            0.0
          ],
          [
            78.59627,
            30.147759,
            0.0
          ],
          [
            78.596618,
            30.148051,
            0.0
          ],
          [
            78.596883,
            30.148433,
            0.0
          ],
          [
            78.597175,
            30.148803,
            0.0
          ],
          [
            78.597264,
            30.149245,
            0.0
          ],
          [
            78.597399,
            30.149677,
            0.0
          ],
          [
            78.597578,
            30.150098,
            0.0
          ],
          [
            78.59781,
            30.150498,
            0.0
          ],
          [
            78.598037,
            30.150897,
            0.0
          ],
          [
            78.598537,
            30.151017,
            0.0
          ],
          [
            78.599032,
            30.151152,
            0.0
          ],
          [
            78.599515,
            30.151319,
            0.0
          ],
          [
            78.599995,
            30.151491,
            0.0
          ],
          [
            78.60043,
            30.151732,
            0.0
          ],
          [
            78.600825,
            30.152024,
            0.0
          ],
          [
            78.601153,
            30.152372,
            0.0
          ],
          [
            78.601437,
            30.152748,
            0.0
          ],
          [
            78.601716,
            30.153126,
            0.0
          ],
          [
            78.601847,
            30.152898,
            0.0
          ],
          [
            78.601555,
            30.152525,
            0.0
          ],
          [
            78.601247,
            30.152163,
            0.0
          ],
          [
            78.600891,
            30.151837,
            0.0
          ],
          [
            78.600494,
            30.151546,
            0.0
          ],
          [
            78.600082,
            30.151273,
            0.0
          ],
          [
            78.599667,
            30.151003,
            0.0
          ],
          [
            78.599311,
            30.150678,
            0.0
          ],
          [
            78.599042,
            30.150293,
            0.0
          ],
          [
            78.599027,
            30.149903,
            0.0
          ],
          [
            78.599061,
            30.149524,
            0.0
          ],
          [
            78.598855,
            30.149115,
            0.0
          ],
          [
            78.598838,
            30.148667,
            0.0
          ],
          [
            78.598786,
            30.148221,
            0.0
          ],
          [
            78.598861,
            30.147777,
            0.0
          ],
          [
            78.598949,
            30.147336,
            0.0
          ],
          [
            78.599115,
            30.146911,
            0.0
          ],
          [
            78.599212,
            30.146469,
            0.0
          ],
          [
            78.599308,
            30.146032,
            0.0
          ],
          [
            78.599746,
            30.145893,
            0.0
          ],
          [
            78.600212,
            30.146078,
            0.0
          ],
          [
            78.600666,
            30.146286,
            0.0
          ],
          [
            78.601165,
            30.146395,
            0.0
          ],
          [
            78.601607,
            30.146295,
            0.0
          ],
          [
            78.601971,
            30.145976,
            0.0
          ],
          [
            78.60211,
            30.145547,
            0.0
          ],
          [
            78.602547,
            30.145548,
            0.0
          ],
          [
            78.603031,
            30.14548,
            0.0
          ],
          [
            78.603504,
            30.145447,
            0.0
          ],
          [
            78.603947,
            30.145515,
            0.0
          ],
          [
            78.604391,
            30.145311,
            0.0
          ],
          [
            78.60488,
            30.14537,
            0.0
          ],
          [
            78.60506,
            30.145791,
            0.0
          ],
          [
            78.605251,
            30.146209,
            0.0
          ],
          [
            78.605401,
            30.146639,
            0.0
          ],
          [
            78.605452,
            30.147083,
            0.0
          ],
          [
            78.605522,
            30.147529,
            0.0
          ],
          [
            78.605619,
            30.147971,
            0.0
          ],
          [
            78.605557,
            30.148413,
            0.0
          ],
          [
            78.605577,
            30.148861,
            0.0
          ],
          [
            78.605773,
            30.149264,
            0.0
          ],
          [
            78.60625,
            30.149427,
            0.0
          ],
          [
            78.606663,
            30.149694,
            0.0
          ],
          [
            78.606937,
            30.150073,
            0.0
          ],
          [
            78.607206,
            30.150456,
            0.0
          ],
          [
            78.607609,
            30.150738,
            0.0
          ],
          [
            78.608041,
            30.150989,
            0.0
          ],
          [
            78.608486,
            30.151219,
            0.0
          ],
          [
            78.608986,
            30.151256,
            0.0
          ],
          [
            78.609502,
            30.151197,
            0.0
          ],
          [
            78.609977,
            30.151318,
            0.0
          ],
          [
            78.610362,
            30.151621,
            0.0
          ],
          [
            78.61083,
            30.151691,
            0.0
          ],
          [
            78.611334,
            30.151588,
            0.0
          ],
          [
            78.611849,
            30.151617,
            0.0
          ],
          [
            78.612369,
            30.15162,
            0.0
          ],
          [
            78.612884,
            30.151573,
            0.0
          ],
          [
            78.613398,
            30.151507,
            0.0
          ],
          [
            78.613914,
            30.1515,
            0.0
          ],
          [
            78.614396,
            30.151668,
            0.0
          ],
          [
            78.614813,
            30.15192,
            0.0
          ],
          [
            78.615101,
            30.152294,
            0.0
          ],
          [
            78.615472,
            30.152608,
            0.0
          ],
          [
            78.615781,
            30.152962,
            0.0
          ],
          [
            78.615997,
            30.15337,
            0.0
          ],
          [
            78.616224,
            30.153774,
            0.0
          ],
          [
            78.616505,
            30.154151,
            0.0
          ],
          [
            78.616886,
            30.154456,
            0.0
          ],
          [
            78.617226,
            30.154796,
            0.0
          ],
          [
            78.617558,
            30.155141,
            0.0
          ],
          [
            78.617826,
            30.155525,
            0.0
          ],
          [
            78.617962,
            30.155953,
            0.0
          ],
          [
            78.617914,
            30.1564,
            0.0
          ],
          [
            78.618046,
            30.156829,
            0.0
          ],
          [
            78.618284,
            30.157229,
            0.0
          ],
          [
            78.618437,
            30.157657,
            0.0
          ],
          [
            78.618405,
            30.158103,
            0.0
          ],
          [
            78.61832,
            30.158543,
            0.0
          ],
          [
            78.61829,
            30.158992,
            0.0
          ],
          [
            78.618185,
            30.159424,
            0.0
          ],
          [
            78.617916,
            30.159802,
            0.0
          ],
          [
            78.617785,
            30.160236,
            0.0
          ],
          [
            78.617578,
            30.160645,
            0.0
          ],
          [
            78.617414,
            30.161063,
            0.0
          ],
          [
            78.617206,
            30.161469,
            0.0
          ],
          [
            78.617051,
            30.161898,
            0.0
          ],
          [
            78.617111,
            30.162343,
            0.0
          ],
          [
            78.617105,
            30.162785,
            0.0
          ],
          [
            78.61704,
            30.16323,
            0.0
          ],
          [
            78.61706,
            30.163679,
            0.0
          ],
          [
            78.616992,
            30.164123,
            0.0
          ],
          [
            78.617106,
            30.164556,
            0.0
          ],
          [
            78.617345,
            30.164954,
            0.0
          ],
          [
            78.617596,
            30.165347,
            0.0
          ],
          [
            78.617673,
            30.165787,
            0.0
          ],
          [
            78.617563,
            30.166226,
            0.0
          ],
          [
            78.617763,
            30.166601,
            0.0
          ],
          [
            78.618271,
            30.166669,
            0.0
          ],
          [
            78.618752,
            30.166818,
            0.0
          ],
          [
            78.619098,
            30.167151,
            0.0
          ],
          [
            78.619252,
            30.167576,
            0.0
          ],
          [
            78.619187,
            30.168016,
            0.0
          ],
          [
            78.618984,
            30.16843,
            0.0
          ],
          [
            78.618886,
            30.168869,
            0.0
          ],
          [
            78.618646,
            30.169267,
            0.0
          ],
          [
            78.618633,
            30.169695,
            0.0
          ],
          [
            78.618773,
            30.170128,
            0.0
          ],
          [
            78.618709,
            30.17057,
            0.0
          ],
          [
            78.61865,
            30.171012,
            0.0
          ],
          [
            78.618693,
            30.17146,
            0.0
          ],
          [
            78.618592,
            30.171895,
            0.0
          ],
          [
            78.618427,
            30.172306,
            0.0
          ],
          [
            78.618847,
            30.172529,
            0.0
          ],
          [
            78.619347,
            30.172652,
            0.0
          ],
          [
            78.619721,
            30.172935,
            0.0
          ],
          [
            78.619772,
            30.173381,
            0.0
          ],
          [
            78.619776,
            30.173831,
            0.0
          ],
          [
            78.619693,
            30.174273,
            0.0
          ],
          [
            78.619793,
            30.174713,
            0.0
          ],
          [
            78.619664,
            30.175137,
            0.0
          ],
          [
            78.619399,
            30.175523,
            0.0
          ],
          [
            78.61914,
            30.175913,
            0.0
          ],
          [
            78.618797,
            30.176247,
            0.0
          ],
          [
            78.618389,
            30.176527,
            0.0
          ],
          [
            78.61819,
            30.176921,
            0.0
          ],
          [
            78.61813,
            30.177359,
            0.0
          ],
          [
            78.617669,
            30.177538,
            0.0
          ],
          [
            78.617269,
            30.177772,
            0.0
          ],
          [
            78.617517,
            30.178136,
            0.0
          ],
          [
            78.617962,
            30.178365,
            0.0
          ],
          [
            78.618305,
            30.178693,
            0.0
          ],
          [
            78.618395,
            30.179126,
            0.0
          ],
          [
            78.618418,
            30.179551,
            0.0
          ],
          [
            78.618868,
            30.179655,
            0.0
          ],
          [
            78.619375,
            30.179672,
            0.0
          ],
          [
            78.619829,
            30.179892,
            0.0
          ],
          [
            78.620177,
            30.180219,
            0.0
          ],
          [
            78.620465,
            30.18059,
            0.0
          ],
          [
            78.620925,
            30.180792,
            0.0
          ],
          [
            78.621413,
            30.180947,
            0.0
          ],
          [
            78.621893,
            30.181118,
            0.0
          ],
          [
            78.622187,
            30.181478,
            0.0
          ],
          [
            78.622474,
            30.181844,
            0.0
          ],
          [
            78.622976,
            30.181947,
            0.0
          ],
          [
            78.623409,
            30.182193,
            0.0
          ],
          [
            78.623817,
            30.182468,
            0.0
          ],
          [
            78.624068,
            30.182856,
            0.0
          ],
          [
            78.624334,
            30.183228,
            0.0
          ],
          [
            78.624776,
            30.183013,
            0.0
          ],
          [
            78.625271,
            30.182957,
            0.0
          ],
          [
            78.625731,
            30.18316,
            0.0
          ],
          [
            78.626238,
            30.18324,
            0.0
          ],
          [
            78.626702,
            30.183441,
            0.0
          ],
          [
            78.627136,
            30.183688,
            0.0
          ],
          [
            78.627643,
            30.183777,
            0.0
          ],
          [
            78.628135,
            30.183924,
            0.0
          ],
          [
            78.628646,
            30.183955,
            0.0
          ],
          [
            78.629119,
            30.184139,
            0.0
          ],
          [
            78.629622,
            30.18422,
            0.0
          ],
          [
            78.630091,
            30.184367,
            0.0
          ],
          [
            78.630509,
            30.184633,
            0.0
          ],
          [
            78.63096,
            30.184853,
            0.0
          ],
          [
            78.631359,
            30.185138,
            0.0
          ],
          [
            78.631687,
            30.18548,
            0.0
          ],
          [
            78.631948,
            30.185869,
            0.0
          ],
          [
            78.632165,
            30.186276,
            0.0
          ],
          [
            78.632582,
            30.186506,
            0.0
          ],
          [
            78.633101,
            30.18652,
            0.0
          ],
          [
            78.633561,
            30.186669,
            0.0
          ],
          [
            78.633846,
            30.187042,
            0.0
          ],
          [
            78.63406,
            30.187452,
            0.0
          ],
          [
            78.634326,
            30.187832,
            0.0
          ],
          [
            78.634784,
            30.188034,
            0.0
          ],
          [
            78.635264,
            30.18814,
            0.0
          ],
          [
            78.63547,
            30.188551,
            0.0
          ],
          [
            78.635808,
            30.188889,
            0.0
          ],
          [
            78.636134,
            30.18924,
            0.0
          ],
          [
            78.636421,
            30.189615,
            0.0
          ],
          [
            78.636676,
            30.190005,
            0.0
          ],
          [
            78.636983,
            30.190368,
            0.0
          ],
          [
            78.637359,
            30.190673,
            0.0
          ],
          [
            78.637668,
            30.191021,
            0.0
          ],
          [
            78.637983,
            30.191373,
            0.0
          ],
          [
            78.638381,
            30.19166,
            0.0
          ],
          [
            78.63884,
            30.19187,
            0.0
          ],
          [
            78.63927,
            30.19212,
            0.0
          ],
          [
            78.639669,
            30.192409,
            0.0
          ],
          [
            78.640054,
            30.192709,
            0.0
          ],
          [
            78.64031,
            30.193097,
            0.0
          ],
          [
            78.64059,
            30.193467,
            0.0
          ],
          [
            78.640939,
            30.1938,
            0.0
          ],
          [
            78.641242,
            30.194166,
            0.0
          ],
          [
            78.641542,
            30.194533,
            0.0
          ],
          [
            78.641635,
            30.194962,
            0.0
          ],
          [
            78.641287,
            30.195272,
            0.0
          ],
          [
            78.640781,
            30.195367,
            0.0
          ],
          [
            78.640289,
            30.195505,
            0.0
          ],
          [
            78.639832,
            30.195717,
            0.0
          ],
          [
            78.639402,
            30.195969,
            0.0
          ],
          [
            78.638903,
            30.196087,
            0.0
          ],
          [
            78.638427,
            30.196245,
            0.0
          ],
          [
            78.638208,
            30.196638,
            0.0
          ],
          [
            78.638267,
            30.197078,
            0.0
          ],
          [
            78.638423,
            30.197507,
            0.0
          ],
          [
            78.638598,
            30.19793,
            0.0
          ],
          [
            78.639047,
            30.197965,
            0.0
          ],
          [
            78.639551,
            30.197919,
            0.0
          ],
          [
            78.639993,
            30.198141,
            0.0
          ],
          [
            78.640312,
            30.198496,
            0.0
          ],
          [
            78.640364,
            30.198928,
            0.0
          ],
          [
            78.640237,
            30.19936,
            0.0
          ],
          [
            78.640012,
            30.199764,
            0.0
          ],
          [
            78.639837,
            30.200187,
            0.0
          ],
          [
            78.639555,
            30.200564,
            0.0
          ],
          [
            78.639389,
            30.200986,
            0.0
          ],
          [
            78.639351,
            30.201435,
            0.0
          ],
          [
            78.639341,
            30.201884,
            0.0
          ],
          [
            78.639574,
            30.202266,
            0.0
          ],
          [
            78.639949,
            30.202577,
            0.0
          ],
          [
            78.640166,
            30.202973,
            0.0
          ],
          [
            78.64021,
            30.203421,
            0.0
          ],
          [
            78.640147,
            30.203867,
            0.0
          ],
          [
            78.640216,
            30.204303,
            0.0
          ],
          [
            78.640546,
            30.204647,
            0.0
          ],
          [
            78.640539,
            30.205089,
            0.0
          ],
          [
            78.640573,
            30.205525,
            0.0
          ],
          [
            78.640926,
            30.205849,
            0.0
          ],
          [
            78.641284,
            30.206151,
            0.0
          ],
          [
            78.641522,
            30.206541,
            0.0
          ],
          [
            78.642005,
            30.206697,
            0.0
          ],
          [
            78.64227,
            30.207062,
            0.0
          ],
          [
            78.642499,
            30.207421,
            0.0
          ],
          [
            78.643018,
            30.20743,
            0.0
          ],
          [
            78.643515,
            30.207562,
            0.0
          ],
          [
            78.644,
            30.207726,
            0.0
          ],
          [
            78.644424,
            30.207986,
            0.0
          ],
          [
            78.644799,
            30.208296,
            0.0
          ],
          [
            78.645289,
            30.208405,
            0.0
          ],
          [
            78.64581,
            30.208416,
            0.0
          ],
          [
            78.646325,
            30.20847,
            0.0
          ],
          [
            78.646832,
            30.208566,
            0.0
          ],
          [
            78.647229,
            30.208838,
            0.0
          ],
          [
            78.647672,
            30.20904,
            0.0
          ],
          [
            78.648127,
            30.208838,
            0.0
          ],
          [
            78.648632,
            30.208853,
            0.0
          ],
          [
            78.649145,
            30.208929,
            0.0
          ],
          [
            78.649664,
            30.208963,
            0.0
          ],
          [
            78.650137,
            30.208818,
            0.0
          ],
          [
            78.650559,
            30.208555,
            0.0
          ],
          [
            78.651036,
            30.208383,
            0.0
          ],
          [
            78.651538,
            30.208296,
            0.0
          ],
          [
            78.651966,
            30.208043,
            0.0
          ],
          [
            78.65245,
            30.207887,
            0.0
          ],
          [
            78.652961,
            30.207937,
            0.0
          ],
          [
            78.653358,
            30.20821,
            0.0
          ],
          [
            78.653799,
            30.20841,
            0.0
          ],
          [
            78.654272,
            30.208267,
            0.0
          ],
          [
            78.654667,
            30.207976,
            0.0
          ],
          [
            78.655033,
            30.207661,
            0.0
          ],
          [
            78.655397,
            30.207347,
            0.0
          ],
          [
            78.655777,
            30.207041,
            0.0
          ],
          [
            78.656195,
            30.20678,
            0.0
          ],
          [
            78.656699,
            30.206684,
            0.0
          ],
          [
            78.657161,
            30.206484,
            0.0
          ],
          [
            78.657631,
            30.206293,
            0.0
          ],
          [
            78.658138,
            30.20621,
            0.0
          ],
          [
            78.658652,
            30.206279,
            0.0
          ],
          [
            78.659167,
            30.206297,
            0.0
          ],
          [
            78.659646,
            30.206434,
            0.0
          ],
          [
            78.660131,
            30.206353,
            0.0
          ],
          [
            78.66061,
            30.206273,
            0.0
          ],
          [
            78.661118,
            30.206363,
            0.0
          ],
          [
            78.66163,
            30.206443,
            0.0
          ],
          [
            78.662119,
            30.206583,
            0.0
          ],
          [
            78.662533,
            30.206853,
            0.0
          ],
          [
            78.662942,
            30.207131,
            0.0
          ],
          [
            78.663393,
            30.207345,
            0.0
          ],
          [
            78.66367,
            30.20772,
            0.0
          ],
          [
            78.66384,
            30.208141,
            0.0
          ],
          [
            78.664067,
            30.208544,
            0.0
          ],
          [
            78.6643,
            30.208946,
            0.0
          ],
          [
            78.66445,
            30.209368,
            0.0
          ],
          [
            78.664381,
            30.209813,
            0.0
          ],
          [
            78.664545,
            30.210235,
            0.0
          ],
          [
            78.664783,
            30.210634,
            0.0
          ],
          [
            78.665112,
            30.210976,
            0.0
          ],
          [
            78.665453,
            30.211314,
            0.0
          ],
          [
            78.665684,
            30.211716,
            0.0
          ],
          [
            78.665901,
            30.212125,
            0.0
          ],
          [
            78.666233,
            30.212463,
            0.0
          ],
          [
            78.666695,
            30.212389,
            0.0
          ],
          [
            78.667157,
            30.212554,
            0.0
          ],
          [
            78.667625,
            30.212744,
            0.0
          ],
          [
            78.668137,
            30.212812,
            0.0
          ],
          [
            78.668638,
            30.212923,
            0.0
          ],
          [
            78.669131,
            30.213067,
            0.0
          ],
          [
            78.669638,
            30.213155,
            0.0
          ],
          [
            78.670083,
            30.213378,
            0.0
          ],
          [
            78.670552,
            30.21354,
            0.0
          ],
          [
            78.671073,
            30.213535,
            0.0
          ],
          [
            78.671593,
            30.213531,
            0.0
          ],
          [
            78.672113,
            30.213552,
            0.0
          ],
          [
            78.672633,
            30.213573,
            0.0
          ],
          [
            78.673147,
            30.213598,
            0.0
          ],
          [
            78.673665,
            30.213559,
            0.0
          ],
          [
            78.674178,
            30.213486,
            0.0
          ],
          [
            78.674656,
            30.213316,
            0.0
          ],
          [
            78.675095,
            30.213075,
            0.0
          ],
          [
            78.67551,
            30.212804,
            0.0
          ],
          [
            78.675925,
            30.212533,
            0.0
          ],
          [
            78.676278,
            30.212204,
            0.0
          ],
          [
            78.67671,
            30.211957,
            0.0
          ],
          [
            78.677117,
            30.211678,
            0.0
          ],
          [
            78.677546,
            30.211427,
            0.0
          ],
          [
            78.677997,
            30.211205,
            0.0
          ],
          [
            78.678408,
            30.21093,
            0.0
          ],
          [
            78.678824,
            30.21066,
            0.0
          ],
          [
            78.679289,
            30.210632,
            0.0
          ],
          [
            78.679415,
            30.211057,
            0.0
          ],
          [
            78.6793,
            30.211493,
            0.0
          ],
          [
            78.679115,
            30.211913,
            0.0
          ],
          [
            78.678922,
            30.21233,
            0.0
          ],
          [
            78.678718,
            30.212744,
            0.0
          ],
          [
            78.678514,
            30.213157,
            0.0
          ],
          [
            78.678322,
            30.213575,
            0.0
          ],
          [
            78.678119,
            30.213986,
            0.0
          ],
          [
            78.677933,
            30.2144,
            0.0
          ],
          [
            78.677885,
            30.214847,
            0.0
          ],
          [
            78.677916,
            30.215292,
            0.0
          ],
          [
            78.6781,
            30.215711,
            0.0
          ],
          [
            78.678202,
            30.216152,
            0.0
          ],
          [
            78.678288,
            30.216594,
            0.0
          ],
          [
            78.678534,
            30.216988,
            0.0
          ],
          [
            78.678685,
            30.217416,
            0.0
          ],
          [
            78.67882,
            30.21785,
            0.0
          ],
          [
            78.678986,
            30.218275,
            0.0
          ],
          [
            78.679194,
            30.218685,
            0.0
          ],
          [
            78.679487,
            30.219056,
            0.0
          ],
          [
            78.679815,
            30.219405,
            0.0
          ],
          [
            78.680099,
            30.219782,
            0.0
          ],
          [
            78.680471,
            30.220089,
            0.0
          ],
          [
            78.68089,
            30.220345,
            0.0
          ],
          [
            78.680935,
            30.220771,
            0.0
          ],
          [
            78.680609,
            30.221119,
            0.0
          ],
          [
            78.68015,
            30.221299,
            0.0
          ],
          [
            78.679632,
            30.22131,
            0.0
          ],
          [
            78.679115,
            30.22135,
            0.0
          ],
          [
            78.678596,
            30.221345,
            0.0
          ],
          [
            78.678152,
            30.221529,
            0.0
          ],
          [
            78.67796,
            30.221935,
            0.0
          ],
          [
            78.678281,
            30.222212,
            0.0
          ],
          [
            78.678798,
            30.222263,
            0.0
          ],
          [
            78.679312,
            30.222325,
            0.0
          ],
          [
            78.679686,
            30.222609,
            0.0
          ],
          [
            78.679724,
            30.223051,
            0.0
          ],
          [
            78.679485,
            30.223444,
            0.0
          ],
          [
            78.679182,
            30.223805,
            0.0
          ],
          [
            78.679016,
            30.224224,
            0.0
          ],
          [
            78.678985,
            30.224672,
            0.0
          ],
          [
            78.678854,
            30.225107,
            0.0
          ],
          [
            78.67871,
            30.225539,
            0.0
          ],
          [
            78.678651,
            30.225982,
            0.0
          ],
          [
            78.678781,
            30.226416,
            0.0
          ],
          [
            78.678736,
            30.226861,
            0.0
          ],
          [
            78.67867,
            30.227303,
            0.0
          ],
          [
            78.678834,
            30.227728,
            0.0
          ],
          [
            78.678809,
            30.22817,
            0.0
          ],
          [
            78.67871,
            30.228609,
            0.0
          ],
          [
            78.678816,
            30.229049,
            0.0
          ],
          [
            78.678935,
            30.229486,
            0.0
          ],
          [
            78.67898,
            30.229933,
            0.0
          ],
          [
            78.678932,
            30.23038,
            0.0
          ],
          [
            78.678822,
            30.230819,
            0.0
          ],
          [
            78.678662,
            30.231247,
            0.0
          ],
          [
            78.678522,
            30.231679,
            0.0
          ],
          [
            78.678556,
            30.232114,
            0.0
          ],
          [
            78.678859,
            30.232475,
            0.0
          ],
          [
            78.67902,
            30.232897,
            0.0
          ],
          [
            78.678991,
            30.233345,
            0.0
          ],
          [
            78.678816,
            30.233764,
            0.0
          ],
          [
            78.678706,
            30.234196,
            0.0
          ],
          [
            78.678959,
            30.234576,
            0.0
          ],
          [
            78.679303,
            30.234913,
            0.0
          ],
          [
            78.679474,
            30.235327,
            0.0
          ],
          [
            78.679582,
            30.235764,
            0.0
          ],
          [
            78.67966,
            30.236202,
            0.0
          ],
          [
            78.67966,
            30.236651,
            0.0
          ],
          [
            78.679918,
            30.237039,
            0.0
          ],
          [
            78.680313,
            30.237319,
            0.0
          ],
          [
            78.680742,
            30.237572,
            0.0
          ],
          [
            78.680994,
            30.237961,
            0.0
          ],
          [
            78.681217,
            30.238368,
            0.0
          ],
          [
            78.681568,
            30.238681,
            0.0
          ],
          [
            78.681965,
            30.23897,
            0.0
          ],
          [
            78.682384,
            30.239222,
            0.0
          ],
          [
            78.682883,
            30.239339,
            0.0
          ],
          [
            78.683385,
            30.239446,
            0.0
          ],
          [
            78.683896,
            30.239527,
            0.0
          ],
          [
            78.684407,
            30.239605,
            0.0
          ],
          [
            78.684921,
            30.239671,
            0.0
          ],
          [
            78.685437,
            30.239727,
            0.0
          ],
          [
            78.685954,
            30.23978,
            0.0
          ],
          [
            78.686475,
            30.239785,
            0.0
          ],
          [
            78.686995,
            30.23979,
            0.0
          ],
          [
            78.68747,
            30.239636,
            0.0
          ],
          [
            78.687969,
            30.239519,
            0.0
          ],
          [
            78.688422,
            30.239303,
            0.0
          ],
          [
            78.688869,
            30.239489,
            0.0
          ],
          [
            78.689361,
            30.239601,
            0.0
          ],
          [
            78.689809,
            30.239376,
            0.0
          ],
          [
            78.69016,
            30.239045,
            0.0
          ],
          [
            78.690538,
            30.238737,
            0.0
          ],
          [
            78.690925,
            30.238437,
            0.0
          ],
          [
            78.691291,
            30.238119,
            0.0
          ],
          [
            78.691677,
            30.237818,
            0.0
          ],
          [
            78.692031,
            30.237489,
            0.0
          ],
          [
            78.692389,
            30.237164,
            0.0
          ],
          [
            78.692757,
            30.236848,
            0.0
          ],
          [
            78.693216,
            30.236661,
            0.0
          ],
          [
            78.693734,
            30.23664,
            0.0
          ],
          [
            78.694249,
            30.236694,
            0.0
          ],
          [
            78.694716,
            30.236891,
            0.0
          ],
          [
            78.695175,
            30.237103,
            0.0
          ],
          [
            78.695686,
            30.237171,
            0.0
          ],
          [
            78.696196,
            30.237243,
            0.0
          ],
          [
            78.696591,
            30.237526,
            0.0
          ],
          [
            78.696959,
            30.237842,
            0.0
          ],
          [
            78.697363,
            30.237724,
            0.0
          ],
          [
            78.697643,
            30.237355,
            0.0
          ],
          [
            78.698145,
            30.237331,
            0.0
          ],
          [
            78.698662,
            30.237365,
            0.0
          ],
          [
            78.699161,
            30.237375,
            0.0
          ],
          [
            78.699631,
            30.23755,
            0.0
          ],
          [
            78.700147,
            30.237525,
            0.0
          ],
          [
            78.700623,
            30.237353,
            0.0
          ],
          [
            78.701093,
            30.237159,
            0.0
          ],
          [
            78.701536,
            30.236927,
            0.0
          ],
          [
            78.70186,
            30.236579,
            0.0
          ],
          [
            78.701986,
            30.236144,
            0.0
          ],
          [
            78.702103,
            30.235708,
            0.0
          ],
          [
            78.702398,
            30.235341,
            0.0
          ],
          [
            78.702742,
            30.23501,
            0.0
          ],
          [
            78.702873,
            30.234588,
            0.0
          ],
          [
            78.702922,
            30.234141,
            0.0
          ],
          [
            78.70311,
            30.233724,
            0.0
          ],
          [
            78.703403,
            30.233356,
            0.0
          ],
          [
            78.703775,
            30.233043,
            0.0
          ],
          [
            78.704094,
            30.232687,
            0.0
          ],
          [
            78.704419,
            30.232346,
            0.0
          ],
          [
            78.704909,
            30.232195,
            0.0
          ],
          [
            78.705416,
            30.232145,
            0.0
          ],
          [
            78.705894,
            30.232309,
            0.0
          ],
          [
            78.706281,
            30.232601,
            0.0
          ],
          [
            78.706605,
            30.232953,
            0.0
          ],
          [
            78.707103,
            30.233003,
            0.0
          ],
          [
            78.707616,
            30.233055,
            0.0
          ],
          [
            78.70813,
            30.233123,
            0.0
          ],
          [
            78.708636,
            30.233182,
            0.0
          ],
          [
            78.709108,
            30.233342,
            0.0
          ],
          [
            78.70945,
            30.233679,
            0.0
          ],
          [
            78.709707,
            30.23407,
            0.0
          ],
          [
            78.709975,
            30.234455,
            0.0
          ],
          [
            78.710267,
            30.234826,
            0.0
          ],
          [
            78.710596,
            30.235174,
            0.0
          ],
          [
            78.710975,
            30.235482,
            0.0
          ],
          [
            78.711353,
            30.235792,
            0.0
          ],
          [
            78.711712,
            30.236117,
            0.0
          ],
          [
            78.712124,
            30.236389,
            0.0
          ],
          [
            78.71256,
            30.236628,
            0.0
          ],
          [
            78.713028,
            30.236825,
            0.0
          ],
          [
            78.713487,
            30.237037,
            0.0
          ],
          [
            78.713925,
            30.237278,
            0.0
          ],
          [
            78.714346,
            30.237542,
            0.0
          ],
          [
            78.71468,
            30.237883,
            0.0
          ],
          [
            78.714905,
            30.238286,
            0.0
          ],
          [
            78.715049,
            30.238718,
            0.0
          ],
          [
            78.715205,
            30.239146,
            0.0
          ],
          [
            78.715475,
            30.23953,
            0.0
          ],
          [
            78.715866,
            30.239798,
            0.0
          ],
          [
            78.716358,
            30.239666,
            0.0
          ],
          [
            78.716842,
            30.239507,
            0.0
          ],
          [
            78.71736,
            30.239509,
            0.0
          ],
          [
            78.717869,
            30.239443,
            0.0
          ],
          [
            78.718322,
            30.239227,
            0.0
          ],
          [
            78.71878,
            30.239013,
            0.0
          ],
          [
            78.719237,
            30.238798,
            0.0
          ],
          [
            78.719699,
            30.238595,
            0.0
          ],
          [
            78.720213,
            30.238523,
            0.0
          ],
          [
            78.720722,
            30.238439,
            0.0
          ],
          [
            78.721232,
            30.238348,
            0.0
          ],
          [
            78.721733,
            30.238268,
            0.0
          ],
          [
            78.722152,
            30.238003,
            0.0
          ],
          [
            78.7226,
            30.237776,
            0.0
          ],
          [
            78.722905,
            30.237418,
            0.0
          ],
          [
            78.72312,
            30.237009,
            0.0
          ],
          [
            78.723418,
            30.236643,
            0.0
          ],
          [
            78.723739,
            30.236291,
            0.0
          ],
          [
            78.724049,
            30.235937,
            0.0
          ],
          [
            78.724041,
            30.235489,
            0.0
          ],
          [
            78.724074,
            30.235044,
            0.0
          ],
          [
            78.7239,
            30.23462,
            0.0
          ],
          [
            78.723762,
            30.234187,
            0.0
          ],
          [
            78.723621,
            30.233754,
            0.0
          ],
          [
            78.723658,
            30.233315,
            0.0
          ],
          [
            78.72391,
            30.232925,
            0.0
          ],
          [
            78.724212,
            30.23257,
            0.0
          ],
          [
            78.724673,
            30.232714,
            0.0
          ],
          [
            78.725097,
            30.232968,
            0.0
          ],
          [
            78.725484,
            30.232842,
            0.0
          ],
          [
            78.72534,
            30.23247,
            0.0
          ],
          [
            78.725085,
            30.232084,
            0.0
          ],
          [
            78.725002,
            30.23164,
            0.0
          ],
          [
            78.725031,
            30.231198,
            0.0
          ],
          [
            78.725285,
            30.23081,
            0.0
          ],
          [
            78.72569,
            30.230528,
            0.0
          ],
          [
            78.726121,
            30.230276,
            0.0
          ],
          [
            78.72632,
            30.229885,
            0.0
          ],
          [
            78.726428,
            30.229445,
            0.0
          ],
          [
            78.726656,
            30.229042,
            0.0
          ],
          [
            78.726974,
            30.22869,
            0.0
          ],
          [
            78.727384,
            30.228416,
            0.0
          ],
          [
            78.727852,
            30.228219,
            0.0
          ],
          [
            78.728246,
            30.227925,
            0.0
          ],
          [
            78.728637,
            30.227632,
            0.0
          ],
          [
            78.729078,
            30.227395,
            0.0
          ],
          [
            78.72948,
            30.227109,
            0.0
          ],
          [
            78.729866,
            30.226808,
            0.0
          ],
          [
            78.730274,
            30.226531,
            0.0
          ],
          [
            78.73066,
            30.226229,
            0.0
          ],
          [
            78.731062,
            30.225944,
            0.0
          ],
          [
            78.731481,
            30.225679,
            0.0
          ],
          [
            78.731898,
            30.225409,
            0.0
          ],
          [
            78.732315,
            30.22514,
            0.0
          ],
          [
            78.732731,
            30.22487,
            0.0
          ],
          [
            78.733121,
            30.224573,
            0.0
          ],
          [
            78.733475,
            30.224244,
            0.0
          ],
          [
            78.733829,
            30.223914,
            0.0
          ],
          [
            78.734183,
            30.223585,
            0.0
          ],
          [
            78.734478,
            30.223216,
            0.0
          ],
          [
            78.734954,
            30.223041,
            0.0
          ],
          [
            78.735395,
            30.222808,
            0.0
          ],
          [
            78.735809,
            30.222536,
            0.0
          ],
          [
            78.736238,
            30.222284,
            0.0
          ],
          [
            78.736713,
            30.222102,
            0.0
          ],
          [
            78.737206,
            30.221967,
            0.0
          ],
          [
            78.737717,
            30.221889,
            0.0
          ],
          [
            78.738195,
            30.221718,
            0.0
          ],
          [
            78.738642,
            30.221492,
            0.0
          ],
          [
            78.739001,
            30.221178,
            0.0
          ],
          [
            78.739334,
            30.22084,
            0.0
          ],
          [
            78.739678,
            30.220502,
            0.0
          ],
          [
            78.74005,
            30.220194,
            0.0
          ],
          [
            78.74039,
            30.21986,
            0.0
          ],
          [
            78.740756,
            30.219549,
            0.0
          ],
          [
            78.741094,
            30.219209,
            0.0
          ],
          [
            78.741439,
            30.218877,
            0.0
          ],
          [
            78.741741,
            30.218514,
            0.0
          ],
          [
            78.742047,
            30.218153,
            0.0
          ],
          [
            78.74239,
            30.217819,
            0.0
          ],
          [
            78.742753,
            30.217497,
            0.0
          ],
          [
            78.743187,
            30.21738,
            0.0
          ],
          [
            78.743441,
            30.217767,
            0.0
          ],
          [
            78.743882,
            30.217956,
            0.0
          ],
          [
            78.744399,
            30.21792,
            0.0
          ],
          [
            78.744871,
            30.2181,
            0.0
          ],
          [
            78.74532,
            30.218084,
            0.0
          ],
          [
            78.745157,
            30.217664,
            0.0
          ],
          [
            78.744911,
            30.217269,
            0.0
          ],
          [
            78.744807,
            30.216838,
            0.0
          ],
          [
            78.744456,
            30.216507,
            0.0
          ],
          [
            78.744215,
            30.216152,
            0.0
          ],
          [
            78.744559,
            30.215817,
            0.0
          ],
          [
            78.74487,
            30.215461,
            0.0
          ],
          [
            78.745332,
            30.215262,
            0.0
          ],
          [
            78.745829,
            30.215133,
            0.0
          ],
          [
            78.74611,
            30.21477,
            0.0
          ],
          [
            78.74654,
            30.21452,
            0.0
          ],
          [
            78.746937,
            30.214256,
            0.0
          ],
          [
            78.746797,
            30.213826,
            0.0
          ],
          [
            78.746621,
            30.213405,
            0.0
          ],
          [
            78.746433,
            30.212988,
            0.0
          ],
          [
            78.746774,
            30.212723,
            0.0
          ],
          [
            78.747257,
            30.212555,
            0.0
          ],
          [
            78.747757,
            30.212447,
            0.0
          ],
          [
            78.748275,
            30.212418,
            0.0
          ],
          [
            78.748783,
            30.212394,
            0.0
          ],
          [
            78.749282,
            30.2125,
            0.0
          ],
          [
            78.749801,
            30.21248,
            0.0
          ],
          [
            78.750292,
            30.212621,
            0.0
          ],
          [
            78.75078,
            30.212768,
            0.0
          ],
          [
            78.751297,
            30.212817,
            0.0
          ],
          [
            78.751815,
            30.21286,
            0.0
          ],
          [
            78.752322,
            30.212769,
            0.0
          ],
          [
            78.752815,
            30.21264,
            0.0
          ],
          [
            78.753197,
            30.212923,
            0.0
          ],
          [
            78.753508,
            30.213279,
            0.0
          ],
          [
            78.753848,
            30.213618,
            0.0
          ],
          [
            78.754198,
            30.213947,
            0.0
          ],
          [
            78.754705,
            30.214033,
            0.0
          ],
          [
            78.755225,
            30.214047,
            0.0
          ],
          [
            78.755745,
            30.214061,
            0.0
          ],
          [
            78.756265,
            30.214055,
            0.0
          ],
          [
            78.756784,
            30.214055,
            0.0
          ],
          [
            78.757304,
            30.214047,
            0.0
          ],
          [
            78.757822,
            30.214071,
            0.0
          ],
          [
            78.758294,
            30.214247,
            0.0
          ],
          [
            78.75876,
            30.214127,
            0.0
          ],
          [
            78.75921,
            30.213911,
            0.0
          ],
          [
            78.759716,
            30.21381,
            0.0
          ],
          [
            78.760219,
            30.213708,
            0.0
          ],
          [
            78.760678,
            30.21351,
            0.0
          ],
          [
            78.761195,
            30.21347,
            0.0
          ],
          [
            78.761685,
            30.213321,
            0.0
          ],
          [
            78.762187,
            30.213239,
            0.0
          ],
          [
            78.762698,
            30.213315,
            0.0
          ],
          [
            78.763167,
            30.213505,
            0.0
          ],
          [
            78.763572,
            30.213784,
            0.0
          ],
          [
            78.763865,
            30.21415,
            0.0
          ],
          [
            78.764011,
            30.214582,
            0.0
          ],
          [
            78.764207,
            30.214998,
            0.0
          ],
          [
            78.764384,
            30.215418,
            0.0
          ],
          [
            78.764459,
            30.215863,
            0.0
          ],
          [
            78.764678,
            30.216254,
            0.0
          ],
          [
            78.765039,
            30.216578,
            0.0
          ],
          [
            78.765407,
            30.216895,
            0.0
          ],
          [
            78.765859,
            30.217116,
            0.0
          ],
          [
            78.76629,
            30.217361,
            0.0
          ],
          [
            78.766675,
            30.217662,
            0.0
          ],
          [
            78.767058,
            30.217966,
            0.0
          ],
          [
            78.76744,
            30.218272,
            0.0
          ],
          [
            78.767812,
            30.218586,
            0.0
          ],
          [
            78.768195,
            30.218891,
            0.0
          ],
          [
            78.768593,
            30.219177,
            0.0
          ],
          [
            78.76899,
            30.219468,
            0.0
          ],
          [
            78.769383,
            30.219756,
            0.0
          ],
          [
            78.76976,
            30.220064,
            0.0
          ],
          [
            78.77009,
            30.22041,
            0.0
          ],
          [
            78.770443,
            30.220741,
            0.0
          ],
          [
            78.770795,
            30.221072,
            0.0
          ],
          [
            78.771148,
            30.221401,
            0.0
          ],
          [
            78.771567,
            30.221666,
            0.0
          ],
          [
            78.772047,
            30.221834,
            0.0
          ],
          [
            78.772563,
            30.221888,
            0.0
          ],
          [
            78.773083,
            30.221875,
            0.0
          ],
          [
            78.773603,
            30.221885,
            0.0
          ],
          [
            78.774121,
            30.221922,
            0.0
          ],
          [
            78.774604,
            30.222057,
            0.0
          ],
          [
            78.775057,
            30.22227,
            0.0
          ],
          [
            78.775552,
            30.222408,
            0.0
          ],
          [
            78.776066,
            30.222441,
            0.0
          ],
          [
            78.776581,
            30.222386,
            0.0
          ],
          [
            78.777095,
            30.222315,
            0.0
          ],
          [
            78.777609,
            30.222244,
            0.0
          ],
          [
            78.778118,
            30.222315,
            0.0
          ],
          [
            78.778637,
            30.222281,
            0.0
          ],
          [
            78.779151,
            30.222214,
            0.0
          ],
          [
            78.779667,
            30.222198,
            0.0
          ],
          [
            78.780184,
            30.222236,
            0.0
          ],
          [
            78.780696,
            30.222159,
            0.0
          ],
          [
            78.781215,
            30.222127,
            0.0
          ],
          [
            78.781734,
            30.222105,
            0.0
          ],
          [
            78.782218,
            30.222258,
            0.0
          ],
          [
            78.782675,
            30.222469,
            0.0
          ],
          [
            78.783139,
            30.22267,
            0.0
          ],
          [
            78.78365,
            30.222741,
            0.0
          ],
          [
            78.784153,
            30.222844,
            0.0
          ],
          [
            78.784641,
            30.223,
            0.0
          ],
          [
            78.785149,
            30.223084,
            0.0
          ],
          [
            78.785665,
            30.223107,
            0.0
          ],
          [
            78.786114,
            30.222895,
            0.0
          ],
          [
            78.786556,
            30.222658,
            0.0
          ],
          [
            78.787016,
            30.222449,
            0.0
          ],
          [
            78.787479,
            30.222243,
            0.0
          ],
          [
            78.787962,
            30.222077,
            0.0
          ],
          [
            78.788464,
            30.221959,
            0.0
          ],
          [
            78.788969,
            30.221853,
            0.0
          ],
          [
            78.78947,
            30.221729,
            0.0
          ],
          [
            78.789968,
            30.221602,
            0.0
          ],
          [
            78.790459,
            30.221454,
            0.0
          ],
          [
            78.790953,
            30.221312,
            0.0
          ],
          [
            78.791447,
            30.22117,
            0.0
          ],
          [
            78.791941,
            30.221028,
            0.0
          ],
          [
            78.792434,
            30.220886,
            0.0
          ],
          [
            78.792911,
            30.220709,
            0.0
          ],
          [
            78.793371,
            30.220546,
            0.0
          ],
          [
            78.793855,
            30.22071,
            0.0
          ],
          [
            78.794336,
            30.220878,
            0.0
          ],
          [
            78.794807,
            30.22103,
            0.0
          ],
          [
            78.795267,
            30.22083,
            0.0
          ],
          [
            78.795673,
            30.220548,
            0.0
          ],
          [
            78.796078,
            30.220266,
            0.0
          ],
          [
            78.796484,
            30.219985,
            0.0
          ],
          [
            78.796911,
            30.219731,
            0.0
          ],
          [
            78.797357,
            30.2195,
            0.0
          ],
          [
            78.797807,
            30.219273,
            0.0
          ],
          [
            78.798256,
            30.219047,
            0.0
          ],
          [
            78.798749,
            30.218908,
            0.0
          ],
          [
            78.79925,
            30.218811,
            0.0
          ],
          [
            78.799675,
            30.218562,
            0.0
          ],
          [
            78.800004,
            30.21825,
            0.0
          ],
          [
            78.80051,
            30.218248,
            0.0
          ],
          [
            78.80094,
            30.218022,
            0.0
          ],
          [
            78.801431,
            30.218138,
            0.0
          ],
          [
            78.801944,
            30.218079,
            0.0
          ],
          [
            78.802437,
            30.21796,
            0.0
          ],
          [
            78.802956,
            30.21798,
            0.0
          ],
          [
            78.803448,
            30.217841,
            0.0
          ],
          [
            78.803963,
            30.21786,
            0.0
          ],
          [
            78.804468,
            30.217772,
            0.0
          ],
          [
            78.804979,
            30.217765,
            0.0
          ],
          [
            78.805495,
            30.217802,
            0.0
          ],
          [
            78.80597,
            30.21783,
            0.0
          ],
          [
            78.806179,
            30.218224,
            0.0
          ],
          [
            78.806648,
            30.218415,
            0.0
          ],
          [
            78.807147,
            30.218334,
            0.0
          ],
          [
            78.807577,
            30.218411,
            0.0
          ],
          [
            78.807949,
            30.218691,
            0.0
          ],
          [
            78.808453,
            30.218803,
            0.0
          ],
          [
            78.808967,
            30.21884,
            0.0
          ],
          [
            78.809443,
            30.21879,
            0.0
          ],
          [
            78.809779,
            30.2191,
            0.0
          ],
          [
            78.810282,
            30.219216,
            0.0
          ],
          [
            78.810758,
            30.219388,
            0.0
          ],
          [
            78.810813,
            30.219824,
            0.0
          ],
          [
            78.81097,
            30.220253,
            0.0
          ],
          [
            78.811168,
            30.220668,
            0.0
          ],
          [
            78.811218,
            30.221113,
            0.0
          ],
          [
            78.811331,
            30.221541,
            0.0
          ],
          [
            78.811754,
            30.221796,
            0.0
          ],
          [
            78.811957,
            30.222185,
            0.0
          ],
          [
            78.812343,
            30.222451,
            0.0
          ],
          [
            78.812814,
            30.22264,
            0.0
          ],
          [
            78.813292,
            30.222815,
            0.0
          ],
          [
            78.813802,
            30.222899,
            0.0
          ],
          [
            78.814317,
            30.222964,
            0.0
          ],
          [
            78.814832,
            30.223029,
            0.0
          ],
          [
            78.815333,
            30.223141,
            0.0
          ],
          [
            78.815802,
            30.223336,
            0.0
          ],
          [
            78.816258,
            30.223551,
            0.0
          ],
          [
            78.816696,
            30.223794,
            0.0
          ],
          [
            78.817112,
            30.224064,
            0.0
          ],
          [
            78.81753,
            30.224326,
            0.0
          ],
          [
            78.817987,
            30.224539,
            0.0
          ],
          [
            78.818477,
            30.224689,
            0.0
          ],
          [
            78.818968,
            30.224835,
            0.0
          ],
          [
            78.819437,
            30.22503,
            0.0
          ],
          [
            78.819918,
            30.225189,
            0.0
          ],
          [
            78.820404,
            30.22534,
            0.0
          ],
          [
            78.820745,
            30.225678,
            0.0
          ],
          [
            78.821119,
            30.225989,
            0.0
          ],
          [
            78.821478,
            30.226312,
            0.0
          ],
          [
            78.821779,
            30.226678,
            0.0
          ],
          [
            78.822071,
            30.22705,
            0.0
          ],
          [
            78.822336,
            30.227437,
            0.0
          ],
          [
            78.822581,
            30.227832,
            0.0
          ],
          [
            78.822695,
            30.22827,
            0.0
          ],
          [
            78.82278,
            30.228713,
            0.0
          ],
          [
            78.823096,
            30.229023,
            0.0
          ],
          [
            78.823581,
            30.229186,
            0.0
          ],
          [
            78.823985,
            30.229436,
            0.0
          ],
          [
            78.824321,
            30.229765,
            0.0
          ],
          [
            78.824676,
            30.230089,
            0.0
          ],
          [
            78.824641,
            30.230449,
            0.0
          ],
          [
            78.824202,
            30.23059,
            0.0
          ],
          [
            78.823857,
            30.230898,
            0.0
          ],
          [
            78.823601,
            30.231289,
            0.0
          ],
          [
            78.823338,
            30.231675,
            0.0
          ],
          [
            78.823156,
            30.232081,
            0.0
          ],
          [
            78.823467,
            30.232433,
            0.0
          ],
          [
            78.823814,
            30.232768,
            0.0
          ],
          [
            78.824032,
            30.233156,
            0.0
          ],
          [
            78.823884,
            30.233586,
            0.0
          ],
          [
            78.823794,
            30.234027,
            0.0
          ],
          [
            78.823763,
            30.234476,
            0.0
          ],
          [
            78.823693,
            30.23492,
            0.0
          ],
          [
            78.823534,
            30.235347,
            0.0
          ],
          [
            78.82341,
            30.235783,
            0.0
          ],
          [
            78.823315,
            30.236225,
            0.0
          ],
          [
            78.823221,
            30.236668,
            0.0
          ],
          [
            78.823224,
            30.237106,
            0.0
          ],
          [
            78.823557,
            30.23745,
            0.0
          ],
          [
            78.82391,
            30.23778,
            0.0
          ],
          [
            78.824232,
            30.238133,
            0.0
          ],
          [
            78.824554,
            30.238487,
            0.0
          ],
          [
            78.824875,
            30.23884,
            0.0
          ],
          [
            78.825197,
            30.239194,
            0.0
          ],
          [
            78.825512,
            30.239551,
            0.0
          ],
          [
            78.825886,
            30.239862,
            0.0
          ],
          [
            78.826369,
            30.240027,
            0.0
          ],
          [
            78.826866,
            30.240159,
            0.0
          ],
          [
            78.827375,
            30.240229,
            0.0
          ],
          [
            78.827868,
            30.240092,
            0.0
          ],
          [
            78.828338,
            30.239898,
            0.0
          ],
          [
            78.828818,
            30.239729,
            0.0
          ],
          [
            78.829232,
            30.23946,
            0.0
          ],
          [
            78.829664,
            30.239215,
            0.0
          ],
          [
            78.830169,
            30.239108,
            0.0
          ],
          [
            78.830675,
            30.239007,
            0.0
          ],
          [
            78.831166,
            30.238861,
            0.0
          ],
          [
            78.831625,
            30.238651,
            0.0
          ],
          [
            78.832031,
            30.238371,
            0.0
          ],
          [
            78.832417,
            30.23807,
            0.0
          ],
          [
            78.832804,
            30.237768,
            0.0
          ],
          [
            78.833204,
            30.237481,
            0.0
          ],
          [
            78.833647,
            30.237247,
            0.0
          ],
          [
            78.834106,
            30.237038,
            0.0
          ],
          [
            78.834567,
            30.236829,
            0.0
          ],
          [
            78.835028,
            30.23662,
            0.0
          ],
          [
            78.835484,
            30.236403,
            0.0
          ],
          [
            78.835933,
            30.236178,
            0.0
          ],
          [
            78.836366,
            30.235928,
            0.0
          ],
          [
            78.836729,
            30.235611,
            0.0
          ],
          [
            78.836905,
            30.235188,
            0.0
          ],
          [
            78.83714,
            30.234789,
            0.0
          ],
          [
            78.837577,
            30.234573,
            0.0
          ],
          [
            78.838089,
            30.234491,
            0.0
          ],
          [
            78.838609,
            30.23448,
            0.0
          ],
          [
            78.839129,
            30.234469,
            0.0
          ],
          [
            78.839649,
            30.234455,
            0.0
          ],
          [
            78.840168,
            30.234423,
            0.0
          ],
          [
            78.84065,
            30.234281,
            0.0
          ],
          [
            78.841113,
            30.23408,
            0.0
          ],
          [
            78.841625,
            30.23401,
            0.0
          ],
          [
            78.842145,
            30.234024,
            0.0
          ],
          [
            78.842663,
            30.23406,
            0.0
          ],
          [
            78.843177,
            30.234129,
            0.0
          ],
          [
            78.843685,
            30.234228,
            0.0
          ],
          [
            78.844171,
            30.234382,
            0.0
          ],
          [
            78.844641,
            30.234575,
            0.0
          ],
          [
            78.845104,
            30.234777,
            0.0
          ],
          [
            78.84556,
            30.234992,
            0.0
          ],
          [
            78.846039,
            30.235166,
            0.0
          ],
          [
            78.846487,
            30.23539,
            0.0
          ],
          [
            78.846901,
            30.235662,
            0.0
          ],
          [
            78.847301,
            30.235949,
            0.0
          ],
          [
            78.847669,
            30.236259,
            0.0
          ],
          [
            78.847862,
            30.236673,
            0.0
          ],
          [
            78.848119,
            30.237055,
            0.0
          ],
          [
            78.848494,
            30.237362,
            0.0
          ],
          [
            78.848806,
            30.237716,
            0.0
          ],
          [
            78.84884,
            30.238161,
            0.0
          ],
          [
            78.848736,
            30.238602,
            0.0
          ],
          [
            78.84865,
            30.239044,
            0.0
          ],
          [
            78.848663,
            30.239493,
            0.0
          ],
          [
            78.848736,
            30.239937,
            0.0
          ],
          [
            78.848992,
            30.240322,
            0.0
          ],
          [
            78.849402,
            30.240593,
            0.0
          ],
          [
            78.849885,
            30.240755,
            0.0
          ],
          [
            78.850365,
            30.240928,
            0.0
          ],
          [
            78.85085,
            30.24109,
            0.0
          ],
          [
            78.851336,
            30.241252,
            0.0
          ],
          [
            78.85184,
            30.241358,
            0.0
          ],
          [
            78.852351,
            30.241445,
            0.0
          ],
          [
            78.852869,
            30.241484,
            0.0
          ],
          [
            78.853374,
            30.241576,
            0.0
          ],
          [
            78.853868,
            30.241711,
            0.0
          ],
          [
            78.854365,
            30.241844,
            0.0
          ],
          [
            78.85486,
            30.241982,
            0.0
          ],
          [
            78.855359,
            30.242104,
            0.0
          ],
          [
            78.855875,
            30.242103,
            0.0
          ],
          [
            78.856393,
            30.242079,
            0.0
          ],
          [
            78.856898,
            30.241972,
            0.0
          ],
          [
            78.857371,
            30.241789,
            0.0
          ],
          [
            78.857851,
            30.241618,
            0.0
          ],
          [
            78.858336,
            30.241467,
            0.0
          ],
          [
            78.858827,
            30.241324,
            0.0
          ],
          [
            78.859343,
            30.241303,
            0.0
          ],
          [
            78.859812,
            30.241451,
            0.0
          ],
          [
            78.860253,
            30.241676,
            0.0
          ],
          [
            78.860727,
            30.241859,
            0.0
          ],
          [
            78.861154,
            30.242107,
            0.0
          ],
          [
            78.861528,
            30.241938,
            0.0
          ],
          [
            78.861581,
            30.241507,
            0.0
          ],
          [
            78.861411,
            30.241083,
            0.0
          ],
          [
            78.861257,
            30.240656,
            0.0
          ],
          [
            78.861384,
            30.24032,
            0.0
          ],
          [
            78.86189,
            30.240364,
            0.0
          ],
          [
            78.862211,
            30.240717,
            0.0
          ],
          [
            78.862454,
            30.241111,
            0.0
          ],
          [
            78.862651,
            30.241521,
            0.0
          ],
          [
            78.863061,
            30.241798,
            0.0
          ],
          [
            78.863427,
            30.242116,
            0.0
          ],
          [
            78.863929,
            30.242205,
            0.0
          ],
          [
            78.86441,
            30.242358,
            0.0
          ],
          [
            78.864865,
            30.242574,
            0.0
          ],
          [
            78.865367,
            30.242686,
            0.0
          ],
          [
            78.865883,
            30.242725,
            0.0
          ],
          [
            78.866398,
            30.242666,
            0.0
          ],
          [
            78.866914,
            30.242615,
            0.0
          ],
          [
            78.867429,
            30.24266,
            0.0
          ],
          [
            78.867939,
            30.242622,
            0.0
          ],
          [
            78.868436,
            30.242491,
            0.0
          ],
          [
            78.86895,
            30.24243,
            0.0
          ],
          [
            78.869434,
            30.242586,
            0.0
          ],
          [
            78.869904,
            30.242778,
            0.0
          ],
          [
            78.87038,
            30.242959,
            0.0
          ],
          [
            78.870871,
            30.243108,
            0.0
          ],
          [
            78.871376,
            30.2432,
            0.0
          ],
          [
            78.871886,
            30.243267,
            0.0
          ],
          [
            78.872368,
            30.243435,
            0.0
          ],
          [
            78.872827,
            30.243647,
            0.0
          ],
          [
            78.873254,
            30.243902,
            0.0
          ],
          [
            78.873749,
            30.24402,
            0.0
          ],
          [
            78.874234,
            30.243877,
            0.0
          ],
          [
            78.874709,
            30.243696,
            0.0
          ],
          [
            78.875201,
            30.243548,
            0.0
          ],
          [
            78.875693,
            30.2434,
            0.0
          ],
          [
            78.876177,
            30.243329,
            0.0
          ],
          [
            78.876479,
            30.243694,
            0.0
          ],
          [
            78.87656,
            30.24409,
            0.0
          ],
          [
            78.876259,
            30.244456,
            0.0
          ],
          [
            78.875943,
            30.244812,
            0.0
          ],
          [
            78.875706,
            30.245212,
            0.0
          ],
          [
            78.875423,
            30.245579,
            0.0
          ],
          [
            78.87497,
            30.245794,
            0.0
          ],
          [
            78.874529,
            30.246029,
            0.0
          ],
          [
            78.874074,
            30.246242,
            0.0
          ],
          [
            78.873574,
            30.246364,
            0.0
          ],
          [
            78.873058,
            30.24639,
            0.0
          ],
          [
            78.872541,
            30.246401,
            0.0
          ],
          [
            78.872216,
            30.246718,
            0.0
          ],
          [
            78.87232,
            30.247148,
            0.0
          ],
          [
            78.872527,
            30.24756,
            0.0
          ],
          [
            78.872696,
            30.247986,
            0.0
          ],
          [
            78.87285,
            30.248415,
            0.0
          ],
          [
            78.873023,
            30.248838,
            0.0
          ],
          [
            78.873357,
            30.249175,
            0.0
          ],
          [
            78.873761,
            30.249452,
            0.0
          ],
          [
            78.874191,
            30.249693,
            0.0
          ],
          [
            78.874566,
            30.249436,
            0.0
          ],
          [
            78.87469,
            30.249004,
            0.0
          ],
          [
            78.874817,
            30.248568,
            0.0
          ],
          [
            78.875138,
            30.248236,
            0.0
          ],
          [
            78.875636,
            30.248287,
            0.0
          ],
          [
            78.87589,
            30.248667,
            0.0
          ],
          [
            78.876263,
            30.248965,
            0.0
          ],
          [
            78.876662,
            30.24924,
            0.0
          ],
          [
            78.87681,
            30.249668,
            0.0
          ],
          [
            78.876905,
            30.250108,
            0.0
          ],
          [
            78.87716,
            30.250498,
            0.0
          ],
          [
            78.877532,
            30.250808,
            0.0
          ],
          [
            78.877669,
            30.251218,
            0.0
          ],
          [
            78.877714,
            30.251661,
            0.0
          ],
          [
            78.877905,
            30.252077,
            0.0
          ],
          [
            78.878133,
            30.25248,
            0.0
          ],
          [
            78.878333,
            30.252893,
            0.0
          ],
          [
            78.878411,
            30.253337,
            0.0
          ],
          [
            78.878485,
            30.253782,
            0.0
          ],
          [
            78.878597,
            30.25422,
            0.0
          ],
          [
            78.878718,
            30.254657,
            0.0
          ],
          [
            78.878731,
            30.255105,
            0.0
          ],
          [
            78.878968,
            30.255487,
            0.0
          ],
          [
            78.879221,
            30.255859,
            0.0
          ],
          [
            78.87926,
            30.256302,
            0.0
          ],
          [
            78.879216,
            30.256749,
            0.0
          ],
          [
            78.87926,
            30.257195,
            0.0
          ],
          [
            78.879205,
            30.257642,
            0.0
          ],
          [
            78.879242,
            30.258075,
            0.0
          ],
          [
            78.879653,
            30.258321,
            0.0
          ],
          [
            78.880167,
            30.258287,
            0.0
          ],
          [
            78.880681,
            30.258213,
            0.0
          ],
          [
            78.881194,
            30.258138,
            0.0
          ],
          [
            78.881708,
            30.258071,
            0.0
          ],
          [
            78.882223,
            30.258053,
            0.0
          ],
          [
            78.882699,
            30.257874,
            0.0
          ],
          [
            78.883159,
            30.257663,
            0.0
          ],
          [
            78.883617,
            30.257449,
            0.0
          ],
          [
            78.884029,
            30.257176,
            0.0
          ],
          [
            78.884318,
            30.256813,
            0.0
          ],
          [
            78.884757,
            30.25666,
            0.0
          ],
          [
            78.885216,
            30.256468,
            0.0
          ],
          [
            78.885558,
            30.256131,
            0.0
          ],
          [
            78.885856,
            30.255763,
            0.0
          ],
          [
            78.886224,
            30.255451,
            0.0
          ],
          [
            78.886632,
            30.255184,
            0.0
          ],
          [
            78.886901,
            30.2548,
            0.0
          ],
          [
            78.88716,
            30.25441,
            0.0
          ],
          [
            78.8875,
            30.25407,
            0.0
          ],
          [
            78.887906,
            30.253789,
            0.0
          ],
          [
            78.888347,
            30.253554,
            0.0
          ],
          [
            78.888799,
            30.253331,
            0.0
          ],
          [
            78.889266,
            30.253138,
            0.0
          ],
          [
            78.889651,
            30.252837,
            0.0
          ],
          [
            78.889982,
            30.252491,
            0.0
          ],
          [
            78.890401,
            30.25224,
            0.0
          ],
          [
            78.89092,
            30.252204,
            0.0
          ],
          [
            78.891388,
            30.252023,
            0.0
          ],
          [
            78.891816,
            30.251767,
            0.0
          ],
          [
            78.89223,
            30.251494,
            0.0
          ],
          [
            78.892655,
            30.251238,
            0.0
          ],
          [
            78.893155,
            30.25115,
            0.0
          ],
          [
            78.893674,
            30.251141,
            0.0
          ],
          [
            78.894186,
            30.251066,
            0.0
          ],
          [
            78.894689,
            30.250956,
            0.0
          ],
          [
            78.895195,
            30.250851,
            0.0
          ],
          [
            78.895703,
            30.250755,
            0.0
          ],
          [
            78.896196,
            30.250637,
            0.0
          ],
          [
            78.896519,
            30.250286,
            0.0
          ],
          [
            78.896702,
            30.249868,
            0.0
          ],
          [
            78.896881,
            30.249447,
            0.0
          ],
          [
            78.897064,
            30.249027,
            0.0
          ],
          [
            78.897302,
            30.248627,
            0.0
          ],
          [
            78.897474,
            30.248205,
            0.0
          ],
          [
            78.89762,
            30.247775,
            0.0
          ],
          [
            78.897801,
            30.247356,
            0.0
          ],
          [
            78.897813,
            30.246909,
            0.0
          ],
          [
            78.897902,
            30.246471,
            0.0
          ],
          [
            78.898157,
            30.24608,
            0.0
          ],
          [
            78.898238,
            30.245641,
            0.0
          ],
          [
            78.898315,
            30.245198,
            0.0
          ],
          [
            78.898441,
            30.244762,
            0.0
          ],
          [
            78.898467,
            30.244318,
            0.0
          ],
          [
            78.898656,
            30.243901,
            0.0
          ],
          [
            78.898532,
            30.243494,
            0.0
          ],
          [
            78.898578,
            30.243102,
            0.0
          ],
          [
            78.899059,
            30.242951,
            0.0
          ],
          [
            78.899135,
            30.242543,
            0.0
          ],
          [
            78.899189,
            30.242131,
            0.0
          ],
          [
            78.899496,
            30.241773,
            0.0
          ],
          [
            78.899964,
            30.241587,
            0.0
          ],
          [
            78.900442,
            30.241414,
            0.0
          ],
          [
            78.900932,
            30.241397,
            0.0
          ],
          [
            78.901404,
            30.241309,
            0.0
          ],
          [
            78.901866,
            30.241257,
            0.0
          ],
          [
            78.902294,
            30.24143,
            0.0
          ],
          [
            78.902795,
            30.241329,
            0.0
          ],
          [
            78.903208,
            30.241073,
            0.0
          ],
          [
            78.903708,
            30.241156,
            0.0
          ],
          [
            78.904217,
            30.241243,
            0.0
          ],
          [
            78.904736,
            30.241274,
            0.0
          ],
          [
            78.905254,
            30.241244,
            0.0
          ],
          [
            78.905636,
            30.241494,
            0.0
          ],
          [
            78.905858,
            30.241894,
            0.0
          ],
          [
            78.906117,
            30.242276,
            0.0
          ],
          [
            78.906547,
            30.242517,
            0.0
          ],
          [
            78.907036,
            30.242551,
            0.0
          ],
          [
            78.907518,
            30.242423,
            0.0
          ],
          [
            78.908014,
            30.242341,
            0.0
          ],
          [
            78.908481,
            30.242146,
            0.0
          ],
          [
            78.908826,
            30.242372,
            0.0
          ],
          [
            78.908941,
            30.242786,
            0.0
          ],
          [
            78.908815,
            30.243108,
            0.0
          ],
          [
            78.908329,
            30.243264,
            0.0
          ],
          [
            78.90791,
            30.243477,
            0.0
          ],
          [
            78.908098,
            30.243889,
            0.0
          ],
          [
            78.908503,
            30.244149,
            0.0
          ],
          [
            78.908986,
            30.244306,
            0.0
          ],
          [
            78.909301,
            30.244662,
            0.0
          ],
          [
            78.909563,
            30.245049,
            0.0
          ],
          [
            78.909722,
            30.245471,
            0.0
          ],
          [
            78.909784,
            30.245913,
            0.0
          ],
          [
            78.910122,
            30.246247,
            0.0
          ],
          [
            78.910508,
            30.246546,
            0.0
          ],
          [
            78.910927,
            30.246813,
            0.0
          ],
          [
            78.911327,
            30.247097,
            0.0
          ],
          [
            78.911584,
            30.247476,
            0.0
          ],
          [
            78.912039,
            30.247689,
            0.0
          ],
          [
            78.912378,
            30.248008,
            0.0
          ],
          [
            78.912539,
            30.248433,
            0.0
          ],
          [
            78.912685,
            30.248859,
            0.0
          ],
          [
            78.912763,
            30.249303,
            0.0
          ],
          [
            78.913073,
            30.249493,
            0.0
          ],
          [
            78.913225,
            30.249072,
            0.0
          ],
          [
            78.913397,
            30.248648,
            0.0
          ],
          [
            78.913631,
            30.248249,
            0.0
          ],
          [
            78.913882,
            30.247855,
            0.0
          ],
          [
            78.914082,
            30.247443,
            0.0
          ],
          [
            78.914111,
            30.246998,
            0.0
          ],
          [
            78.914183,
            30.246555,
            0.0
          ],
          [
            78.914236,
            30.246108,
            0.0
          ],
          [
            78.91427,
            30.24566,
            0.0
          ],
          [
            78.914321,
            30.245212,
            0.0
          ],
          [
            78.914409,
            30.244772,
            0.0
          ],
          [
            78.914861,
            30.244569,
            0.0
          ],
          [
            78.915177,
            30.244224,
            0.0
          ],
          [
            78.915654,
            30.244054,
            0.0
          ],
          [
            78.916163,
            30.243969,
            0.0
          ],
          [
            78.916683,
            30.243943,
            0.0
          ],
          [
            78.917195,
            30.243865,
            0.0
          ],
          [
            78.917692,
            30.243748,
            0.0
          ],
          [
            78.917859,
            30.243365,
            0.0
          ],
          [
            78.918012,
            30.242955,
            0.0
          ],
          [
            78.918408,
            30.243079,
            0.0
          ],
          [
            78.918574,
            30.243488,
            0.0
          ],
          [
            78.918836,
            30.243869,
            0.0
          ],
          [
            78.918701,
            30.244292,
            0.0
          ],
          [
            78.918278,
            30.24452,
            0.0
          ],
          [
            78.91795,
            30.244804,
            0.0
          ],
          [
            78.917885,
            30.245248,
            0.0
          ],
          [
            78.917838,
            30.245692,
            0.0
          ],
          [
            78.917721,
            30.246127,
            0.0
          ],
          [
            78.917544,
            30.24655,
            0.0
          ],
          [
            78.917338,
            30.246963,
            0.0
          ],
          [
            78.917105,
            30.247365,
            0.0
          ],
          [
            78.91682,
            30.24774,
            0.0
          ],
          [
            78.916476,
            30.248077,
            0.0
          ],
          [
            78.91606,
            30.248346,
            0.0
          ],
          [
            78.915706,
            30.248675,
            0.0
          ],
          [
            78.915379,
            30.249022,
            0.0
          ],
          [
            78.915401,
            30.249464,
            0.0
          ],
          [
            78.915624,
            30.249857,
            0.0
          ],
          [
            78.916021,
            30.250143,
            0.0
          ],
          [
            78.916473,
            30.250363,
            0.0
          ],
          [
            78.916909,
            30.250603,
            0.0
          ],
          [
            78.917254,
            30.250937,
            0.0
          ],
          [
            78.917494,
            30.25133,
            0.0
          ],
          [
            78.917502,
            30.251777,
            0.0
          ],
          [
            78.917718,
            30.252182,
            0.0
          ],
          [
            78.917997,
            30.25256,
            0.0
          ],
          [
            78.918163,
            30.252985,
            0.0
          ],
          [
            78.918267,
            30.253424,
            0.0
          ],
          [
            78.918475,
            30.253834,
            0.0
          ],
          [
            78.918653,
            30.254256,
            0.0
          ],
          [
            78.918734,
            30.254696,
            0.0
          ],
          [
            78.91871,
            30.255144,
            0.0
          ],
          [
            78.918788,
            30.255586,
            0.0
          ],
          [
            78.91893,
            30.256015,
            0.0
          ],
          [
            78.918817,
            30.256449,
            0.0
          ],
          [
            78.918762,
            30.256891,
            0.0
          ],
          [
            78.918532,
            30.257287,
            0.0
          ],
          [
            78.918552,
            30.257718,
            0.0
          ],
          [
            78.918957,
            30.257988,
            0.0
          ],
          [
            78.919436,
            30.258156,
            0.0
          ],
          [
            78.919952,
            30.258167,
            0.0
          ],
          [
            78.920462,
            30.258085,
            0.0
          ],
          [
            78.920963,
            30.257967,
            0.0
          ],
          [
            78.921264,
            30.257623,
            0.0
          ],
          [
            78.921255,
            30.257179,
            0.0
          ],
          [
            78.92116,
            30.256738,
            0.0
          ],
          [
            78.92117,
            30.256297,
            0.0
          ],
          [
            78.921254,
            30.255854,
            0.0
          ],
          [
            78.921444,
            30.255436,
            0.0
          ],
          [
            78.921638,
            30.255019,
            0.0
          ],
          [
            78.921827,
            30.254601,
            0.0
          ],
          [
            78.921891,
            30.254157,
            0.0
          ],
          [
            78.922153,
            30.253771,
            0.0
          ],
          [
            78.922452,
            30.253406,
            0.0
          ],
          [
            78.92279,
            30.253065,
            0.0
          ],
          [
            78.923136,
            30.25274,
            0.0
          ],
          [
            78.923096,
            30.252295,
            0.0
          ],
          [
            78.922994,
            30.251856,
            0.0
          ],
          [
            78.92296,
            30.251407,
            0.0
          ],
          [
            78.92292,
            30.250959,
            0.0
          ],
          [
            78.923152,
            30.250573,
            0.0
          ],
          [
            78.923603,
            30.25037,
            0.0
          ],
          [
            78.924103,
            30.250275,
            0.0
          ],
          [
            78.924584,
            30.250111,
            0.0
          ],
          [
            78.925083,
            30.250198,
            0.0
          ],
          [
            78.925596,
            30.250142,
            0.0
          ],
          [
            78.926111,
            30.250173,
            0.0
          ],
          [
            78.92662,
            30.25025,
            0.0
          ],
          [
            78.92704,
            30.250017,
            0.0
          ],
          [
            78.927531,
            30.250137,
            0.0
          ],
          [
            78.928046,
            30.250123,
            0.0
          ],
          [
            78.9284,
            30.250402,
            0.0
          ],
          [
            78.92852,
            30.250828,
            0.0
          ],
          [
            78.928955,
            30.251072,
            0.0
          ],
          [
            78.929381,
            30.251324,
            0.0
          ],
          [
            78.929758,
            30.251628,
            0.0
          ],
          [
            78.930237,
            30.251793,
            0.0
          ],
          [
            78.930562,
            30.252113,
            0.0
          ],
          [
            78.930753,
            30.25253,
            0.0
          ],
          [
            78.931059,
            30.252889,
            0.0
          ],
          [
            78.931369,
            30.253237,
            0.0
          ],
          [
            78.93129,
            30.25367,
            0.0
          ],
          [
            78.931506,
            30.254078,
            0.0
          ],
          [
            78.931552,
            30.254523,
            0.0
          ],
          [
            78.931475,
            30.254961,
            0.0
          ],
          [
            78.931417,
            30.255392,
            0.0
          ],
          [
            78.93166,
            30.255786,
            0.0
          ],
          [
            78.931771,
            30.256189,
            0.0
          ],
          [
            78.931396,
            30.256495,
            0.0
          ],
          [
            78.931167,
            30.256897,
            0.0
          ],
          [
            78.930976,
            30.257314,
            0.0
          ],
          [
            78.930906,
            30.257756,
            0.0
          ],
          [
            78.931059,
            30.258174,
            0.0
          ],
          [
            78.931555,
            30.258258,
            0.0
          ],
          [
            78.932009,
            30.258054,
            0.0
          ],
          [
            78.932353,
            30.257718,
            0.0
          ],
          [
            78.932771,
            30.257459,
            0.0
          ],
          [
            78.933277,
            30.25736,
            0.0
          ],
          [
            78.933671,
            30.257576,
            0.0
          ],
          [
            78.933978,
            30.257932,
            0.0
          ],
          [
            78.934113,
            30.258343,
            0.0
          ],
          [
            78.933717,
            30.258551,
            0.0
          ],
          [
            78.933279,
            30.258759,
            0.0
          ],
          [
            78.933007,
            30.259143,
            0.0
          ],
          [
            78.932818,
            30.259561,
            0.0
          ],
          [
            78.932522,
            30.259917,
            0.0
          ],
          [
            78.932114,
            30.260195,
            0.0
          ],
          [
            78.93184,
            30.26055,
            0.0
          ],
          [
            78.932144,
            30.260902,
            0.0
          ],
          [
            78.932533,
            30.2612,
            0.0
          ],
          [
            78.93293,
            30.261492,
            0.0
          ],
          [
            78.933314,
            30.261795,
            0.0
          ],
          [
            78.933692,
            30.262104,
            0.0
          ],
          [
            78.93407,
            30.262413,
            0.0
          ],
          [
            78.934354,
            30.262776,
            0.0
          ],
          [
            78.934473,
            30.263213,
            0.0
          ],
          [
            78.934604,
            30.263647,
            0.0
          ],
          [
            78.934887,
            30.264023,
            0.0
          ],
          [
            78.9351,
            30.264432,
            0.0
          ],
          [
            78.935299,
            30.264848,
            0.0
          ],
          [
            78.935499,
            30.265263,
            0.0
          ],
          [
            78.935691,
            30.265681,
            0.0
          ],
          [
            78.935793,
            30.26612,
            0.0
          ],
          [
            78.935863,
            30.266561,
            0.0
          ],
          [
            78.935958,
            30.267002,
            0.0
          ],
          [
            78.93594,
            30.267449,
            0.0
          ],
          [
            78.93589,
            30.267895,
            0.0
          ],
          [
            78.936075,
            30.268296,
            0.0
          ],
          [
            78.936428,
            30.268622,
            0.0
          ],
          [
            78.936911,
            30.268776,
            0.0
          ],
          [
            78.93742,
            30.268869,
            0.0
          ],
          [
            78.937926,
            30.268973,
            0.0
          ],
          [
            78.938433,
            30.269076,
            0.0
          ],
          [
            78.938938,
            30.269179,
            0.0
          ],
          [
            78.939442,
            30.269287,
            0.0
          ],
          [
            78.93996,
            30.269295,
            0.0
          ],
          [
            78.940476,
            30.269307,
            0.0
          ],
          [
            78.940988,
            30.269238,
            0.0
          ],
          [
            78.94144,
            30.269042,
            0.0
          ],
          [
            78.941775,
            30.2687,
            0.0
          ],
          [
            78.942178,
            30.268417,
            0.0
          ],
          [
            78.942559,
            30.268112,
            0.0
          ],
          [
            78.942978,
            30.267847,
            0.0
          ],
          [
            78.943363,
            30.267546,
            0.0
          ],
          [
            78.943851,
            30.267491,
            0.0
          ],
          [
            78.944362,
            30.267555,
            0.0
          ],
          [
            78.944869,
            30.267501,
            0.0
          ],
          [
            78.945385,
            30.267445,
            0.0
          ],
          [
            78.945903,
            30.26743,
            0.0
          ],
          [
            78.946387,
            30.267288,
            0.0
          ],
          [
            78.946875,
            30.267405,
            0.0
          ],
          [
            78.947359,
            30.267572,
            0.0
          ],
          [
            78.947842,
            30.267739,
            0.0
          ],
          [
            78.948342,
            30.267861,
            0.0
          ],
          [
            78.948848,
            30.267968,
            0.0
          ],
          [
            78.949353,
            30.268076,
            0.0
          ],
          [
            78.949859,
            30.268183,
            0.0
          ],
          [
            78.95036,
            30.268304,
            0.0
          ],
          [
            78.950858,
            30.268436,
            0.0
          ],
          [
            78.951332,
            30.268621,
            0.0
          ],
          [
            78.951808,
            30.268802,
            0.0
          ],
          [
            78.952305,
            30.268927,
            0.0
          ],
          [
            78.952778,
            30.269105,
            0.0
          ],
          [
            78.953204,
            30.269364,
            0.0
          ],
          [
            78.953629,
            30.269624,
            0.0
          ],
          [
            78.954026,
            30.269915,
            0.0
          ],
          [
            78.954352,
            30.270264,
            0.0
          ],
          [
            78.954714,
            30.270585,
            0.0
          ],
          [
            78.955129,
            30.270856,
            0.0
          ],
          [
            78.955608,
            30.270929,
            0.0
          ],
          [
            78.95605,
            30.270698,
            0.0
          ],
          [
            78.956419,
            30.270938,
            0.0
          ],
          [
            78.956722,
            30.271301,
            0.0
          ],
          [
            78.957121,
            30.271585,
            0.0
          ],
          [
            78.95754,
            30.27185,
            0.0
          ],
          [
            78.958014,
            30.272013,
            0.0
          ],
          [
            78.958531,
            30.272042,
            0.0
          ],
          [
            78.95905,
            30.272073,
            0.0
          ],
          [
            78.959481,
            30.272311,
            0.0
          ],
          [
            78.959993,
            30.272361,
            0.0
          ],
          [
            78.960495,
            30.272463,
            0.0
          ],
          [
            78.960999,
            30.272576,
            0.0
          ],
          [
            78.961508,
            30.272659,
            0.0
          ],
          [
            78.962024,
            30.272721,
            0.0
          ],
          [
            78.962539,
            30.272783,
            0.0
          ],
          [
            78.963038,
            30.272809,
            0.0
          ],
          [
            78.963497,
            30.273019,
            0.0
          ],
          [
            78.963954,
            30.273231,
            0.0
          ],
          [
            78.964382,
            30.273485,
            0.0
          ],
          [
            78.964803,
            30.273749,
            0.0
          ],
          [
            78.965243,
            30.273988,
            0.0
          ],
          [
            78.965662,
            30.274253,
            0.0
          ],
          [
            78.966035,
            30.274566,
            0.0
          ],
          [
            78.966385,
            30.274898,
            0.0
          ],
          [
            78.966766,
            30.275203,
            0.0
          ],
          [
            78.967162,
            30.275489,
            0.0
          ],
          [
            78.96766,
            30.275619,
            0.0
          ],
          [
            78.968168,
            30.275712,
            0.0
          ],
          [
            78.968607,
            30.275937,
            0.0
          ],
          [
            78.969003,
            30.276228,
            0.0
          ],
          [
            78.969388,
            30.276531,
            0.0
          ],
          [
            78.969768,
            30.276838,
            0.0
          ],
          [
            78.970159,
            30.277133,
            0.0
          ],
          [
            78.970577,
            30.277403,
            0.0
          ],
          [
            78.971026,
            30.277628,
            0.0
          ],
          [
            78.971382,
            30.277948,
            0.0
          ],
          [
            78.971673,
            30.27832,
            0.0
          ],
          [
            78.971951,
            30.278677,
            0.0
          ],
          [
            78.972074,
            30.279092,
            0.0
          ],
          [
            78.972137,
            30.279504,
            0.0
          ],
          [
            78.972194,
            30.279923,
            0.0
          ],
          [
            78.972293,
            30.280308,
            0.0
          ],
          [
            78.971965,
            30.280657,
            0.0
          ],
          [
            78.971644,
            30.28101,
            0.0
          ],
          [
            78.971833,
            30.281362,
            0.0
          ],
          [
            78.972313,
            30.281535,
            0.0
          ],
          [
            78.972789,
            30.281717,
            0.0
          ],
          [
            78.97324,
            30.281938,
            0.0
          ],
          [
            78.973606,
            30.282255,
            0.0
          ],
          [
            78.973731,
            30.28267,
            0.0
          ],
          [
            78.973962,
            30.283041,
            0.0
          ],
          [
            78.97441,
            30.283269,
            0.0
          ],
          [
            78.974913,
            30.283381,
            0.0
          ],
          [
            78.975233,
            30.2837,
            0.0
          ],
          [
            78.975577,
            30.28403,
            0.0
          ],
          [
            78.975987,
            30.284307,
            0.0
          ],
          [
            78.976395,
            30.284585,
            0.0
          ],
          [
            78.97684,
            30.284818,
            0.0
          ],
          [
            78.977292,
            30.285038,
            0.0
          ],
          [
            78.977758,
            30.28524,
            0.0
          ],
          [
            78.978223,
            30.285441,
            0.0
          ],
          [
            78.978672,
            30.285668,
            0.0
          ],
          [
            78.979142,
            30.285856,
            0.0
          ],
          [
            78.979656,
            30.285919,
            0.0
          ],
          [
            78.979804,
            30.286152,
            0.0
          ],
          [
            78.979289,
            30.286158,
            0.0
          ],
          [
            78.978775,
            30.286138,
            0.0
          ],
          [
            78.979072,
            30.2863,
            0.0
          ],
          [
            78.979592,
            30.286318,
            0.0
          ],
          [
            78.98011,
            30.286318,
            0.0
          ],
          [
            78.980598,
            30.286169,
            0.0
          ],
          [
            78.981045,
            30.285942,
            0.0
          ],
          [
            78.981444,
            30.285654,
            0.0
          ],
          [
            78.981822,
            30.285386,
            0.0
          ],
          [
            78.982065,
            30.285066,
            0.0
          ],
          [
            78.982566,
            30.285107,
            0.0
          ],
          [
            78.983068,
            30.28501,
            0.0
          ],
          [
            78.983532,
            30.285184,
            0.0
          ],
          [
            78.983775,
            30.28556,
            0.0
          ],
          [
            78.983514,
            30.285946,
            0.0
          ],
          [
            78.983262,
            30.286336,
            0.0
          ],
          [
            78.983436,
            30.286704,
            0.0
          ],
          [
            78.983916,
            30.286879,
            0.0
          ],
          [
            78.98434,
            30.287136,
            0.0
          ],
          [
            78.984837,
            30.287264,
            0.0
          ],
          [
            78.985356,
            30.287266,
            0.0
          ],
          [
            78.985843,
            30.287413,
            0.0
          ],
          [
            78.986202,
            30.287723,
            0.0
          ],
          [
            78.986412,
            30.288122,
            0.0
          ],
          [
            78.986687,
            30.288498,
            0.0
          ],
          [
            78.986974,
            30.28887,
            0.0
          ],
          [
            78.98713,
            30.28929,
            0.0
          ],
          [
            78.987176,
            30.289737,
            0.0
          ],
          [
            78.987294,
            30.29017,
            0.0
          ],
          [
            78.98762,
            30.290504,
            0.0
          ],
          [
            78.98799,
            30.290802,
            0.0
          ],
          [
            78.98807,
            30.291242,
            0.0
          ],
          [
            78.988146,
            30.291687,
            0.0
          ],
          [
            78.988242,
            30.292126,
            0.0
          ],
          [
            78.988382,
            30.292559,
            0.0
          ],
          [
            78.988479,
            30.293,
            0.0
          ],
          [
            78.988667,
            30.293416,
            0.0
          ],
          [
            78.98889,
            30.293823,
            0.0
          ],
          [
            78.989181,
            30.294191,
            0.0
          ],
          [
            78.989513,
            30.294536,
            0.0
          ],
          [
            78.989703,
            30.294947,
            0.0
          ],
          [
            78.99003,
            30.295295,
            0.0
          ],
          [
            78.990309,
            30.295674,
            0.0
          ],
          [
            78.990511,
            30.296085,
            0.0
          ],
          [
            78.990748,
            30.296479,
            0.0
          ],
          [
            78.991068,
            30.296823,
            0.0
          ],
          [
            78.991385,
            30.297179,
            0.0
          ],
          [
            78.991634,
            30.297567,
            0.0
          ],
          [
            78.991965,
            30.297898,
            0.0
          ],
          [
            78.992225,
            30.29825,
            0.0
          ],
          [
            78.992586,
            30.298563,
            0.0
          ],
          [
            78.992914,
            30.29891,
            0.0
          ],
          [
            78.993216,
            30.299269,
            0.0
          ],
          [
            78.993524,
            30.299629,
            0.0
          ],
          [
            78.993921,
            30.299907,
            0.0
          ],
          [
            78.994326,
            30.300184,
            0.0
          ],
          [
            78.994778,
            30.300402,
            0.0
          ],
          [
            78.995059,
            30.300779,
            0.0
          ],
          [
            78.995374,
            30.301129,
            0.0
          ],
          [
            78.995769,
            30.301409,
            0.0
          ],
          [
            78.996186,
            30.301673,
            0.0
          ],
          [
            78.996657,
            30.30186,
            0.0
          ],
          [
            78.99717,
            30.301927,
            0.0
          ],
          [
            78.997673,
            30.30182,
            0.0
          ],
          [
            78.998184,
            30.301744,
            0.0
          ],
          [
            78.998699,
            30.301794,
            0.0
          ],
          [
            78.999214,
            30.301825,
            0.0
          ],
          [
            78.99973,
            30.30177,
            0.0
          ],
          [
            79.000223,
            30.301638,
            0.0
          ],
          [
            79.000698,
            30.301455,
            0.0
          ],
          [
            79.001183,
            30.301295,
            0.0
          ],
          [
            79.001666,
            30.301145,
            0.0
          ],
          [
            79.002168,
            30.301033,
            0.0
          ],
          [
            79.002674,
            30.300934,
            0.0
          ],
          [
            79.003158,
            30.300766,
            0.0
          ],
          [
            79.003615,
            30.300555,
            0.0
          ],
          [
            79.004074,
            30.300344,
            0.0
          ],
          [
            79.004562,
            30.300198,
            0.0
          ],
          [
            79.005081,
            30.300172,
            0.0
          ],
          [
            79.005589,
            30.300198,
            0.0
          ],
          [
            79.006053,
            30.299999,
            0.0
          ],
          [
            79.006525,
            30.299817,
            0.0
          ],
          [
            79.007029,
            30.299866,
            0.0
          ],
          [
            79.007413,
            30.300167,
            0.0
          ],
          [
            79.007858,
            30.300399,
            0.0
          ],
          [
            79.008177,
            30.30075,
            0.0
          ],
          [
            79.00862,
            30.30091,
            0.0
          ],
          [
            79.009076,
            30.300704,
            0.0
          ],
          [
            79.009372,
            30.300339,
            0.0
          ],
          [
            79.009554,
            30.299919,
            0.0
          ],
          [
            79.009906,
            30.299593,
            0.0
          ],
          [
            79.010326,
            30.299328,
            0.0
          ],
          [
            79.010736,
            30.299051,
            0.0
          ],
          [
            79.011196,
            30.29889,
            0.0
          ],
          [
            79.011711,
            30.29887,
            0.0
          ],
          [
            79.012225,
            30.29892,
            0.0
          ],
          [
            79.012745,
            30.298903,
            0.0
          ],
          [
            79.013249,
            30.298802,
            0.0
          ],
          [
            79.013732,
            30.298633,
            0.0
          ],
          [
            79.014215,
            30.298465,
            0.0
          ],
          [
            79.014685,
            30.298275,
            0.0
          ],
          [
            79.015145,
            30.29807,
            0.0
          ],
          [
            79.015652,
            30.298118,
            0.0
          ],
          [
            79.016145,
            30.29799,
            0.0
          ],
          [
            79.016601,
            30.297775,
            0.0
          ],
          [
            79.017058,
            30.297561,
            0.0
          ],
          [
            79.017555,
            30.297471,
            0.0
          ],
          [
            79.018057,
            30.297587,
            0.0
          ],
          [
            79.018549,
            30.297733,
            0.0
          ],
          [
            79.019055,
            30.29784,
            0.0
          ],
          [
            79.019536,
            30.298001,
            0.0
          ],
          [
            79.019972,
            30.298246,
            0.0
          ],
          [
            79.02043,
            30.298457,
            0.0
          ],
          [
            79.020855,
            30.298716,
            0.0
          ],
          [
            79.021296,
            30.298955,
            0.0
          ],
          [
            79.021784,
            30.299104,
            0.0
          ],
          [
            79.022275,
            30.299253,
            0.0
          ],
          [
            79.022757,
            30.299422,
            0.0
          ],
          [
            79.02324,
            30.299592,
            0.0
          ],
          [
            79.023686,
            30.299818,
            0.0
          ],
          [
            79.024079,
            30.300109,
            0.0
          ],
          [
            79.02431,
            30.300503,
            0.0
          ],
          [
            79.024783,
            30.300685,
            0.0
          ],
          [
            79.025268,
            30.300849,
            0.0
          ],
          [
            79.025734,
            30.301041,
            0.0
          ],
          [
            79.026164,
            30.301285,
            0.0
          ],
          [
            79.026642,
            30.30146,
            0.0
          ],
          [
            79.027122,
            30.301632,
            0.0
          ],
          [
            79.02759,
            30.301828,
            0.0
          ],
          [
            79.028081,
            30.301966,
            0.0
          ],
          [
            79.028595,
            30.30192,
            0.0
          ],
          [
            79.028898,
            30.302252,
            0.0
          ],
          [
            79.028985,
            30.302694,
            0.0
          ],
          [
            79.029378,
            30.302958,
            0.0
          ],
          [
            79.02986,
            30.303127,
            0.0
          ],
          [
            79.030353,
            30.303272,
            0.0
          ],
          [
            79.030827,
            30.303449,
            0.0
          ],
          [
            79.031239,
            30.303719,
            0.0
          ],
          [
            79.031682,
            30.303956,
            0.0
          ],
          [
            79.032142,
            30.304163,
            0.0
          ],
          [
            79.032603,
            30.304368,
            0.0
          ],
          [
            79.033083,
            30.304538,
            0.0
          ],
          [
            79.033572,
            30.304687,
            0.0
          ],
          [
            79.034051,
            30.304864,
            0.0
          ],
          [
            79.034531,
            30.305033,
            0.0
          ],
          [
            79.034944,
            30.305306,
            0.0
          ],
          [
            79.035258,
            30.305662,
            0.0
          ],
          [
            79.035682,
            30.305891,
            0.0
          ],
          [
            79.036167,
            30.306046,
            0.0
          ],
          [
            79.03662,
            30.306264,
            0.0
          ],
          [
            79.037114,
            30.306392,
            0.0
          ],
          [
            79.037559,
            30.306625,
            0.0
          ],
          [
            79.038021,
            30.30682,
            0.0
          ],
          [
            79.038502,
            30.306987,
            0.0
          ],
          [
            79.038339,
            30.30729,
            0.0
          ],
          [
            79.037853,
            30.307162,
            0.0
          ],
          [
            79.037623,
            30.307348,
            0.0
          ],
          [
            79.038047,
            30.307608,
            0.0
          ],
          [
            79.03851,
            30.307811,
            0.0
          ],
          [
            79.039007,
            30.307942,
            0.0
          ],
          [
            79.039519,
            30.307925,
            0.0
          ],
          [
            79.040039,
            30.307897,
            0.0
          ],
          [
            79.040551,
            30.307828,
            0.0
          ],
          [
            79.041057,
            30.307806,
            0.0
          ],
          [
            79.041448,
            30.308094,
            0.0
          ],
          [
            79.041954,
            30.308129,
            0.0
          ],
          [
            79.042441,
            30.307978,
            0.0
          ],
          [
            79.04293,
            30.30784,
            0.0
          ],
          [
            79.04343,
            30.307958,
            0.0
          ],
          [
            79.043914,
            30.30788,
            0.0
          ],
          [
            79.044335,
            30.307619,
            0.0
          ],
          [
            79.044693,
            30.307293,
            0.0
          ],
          [
            79.045041,
            30.306959,
            0.0
          ],
          [
            79.045401,
            30.306636,
            0.0
          ],
          [
            79.045847,
            30.306403,
            0.0
          ],
          [
            79.046243,
            30.306114,
            0.0
          ],
          [
            79.04659,
            30.305779,
            0.0
          ],
          [
            79.046967,
            30.30547,
            0.0
          ],
          [
            79.047291,
            30.305118,
            0.0
          ],
          [
            79.047534,
            30.304725,
            0.0
          ],
          [
            79.047865,
            30.304394,
            0.0
          ],
          [
            79.04834,
            30.30422,
            0.0
          ],
          [
            79.048683,
            30.303887,
            0.0
          ],
          [
            79.048952,
            30.303502,
            0.0
          ],
          [
            79.049219,
            30.303123,
            0.0
          ],
          [
            79.049477,
            30.302732,
            0.0
          ],
          [
            79.049747,
            30.302353,
            0.0
          ],
          [
            79.050061,
            30.301997,
            0.0
          ],
          [
            79.050206,
            30.301567,
            0.0
          ],
          [
            79.050363,
            30.301139,
            0.0
          ],
          [
            79.050441,
            30.300696,
            0.0
          ],
          [
            79.050656,
            30.300302,
            0.0
          ],
          [
            79.051053,
            30.300011,
            0.0
          ],
          [
            79.051521,
            30.299821,
            0.0
          ],
          [
            79.052029,
            30.299724,
            0.0
          ],
          [
            79.052512,
            30.299587,
            0.0
          ],
          [
            79.052813,
            30.299222,
            0.0
          ],
          [
            79.053084,
            30.298838,
            0.0
          ],
          [
            79.053349,
            30.298451,
            0.0
          ],
          [
            79.0536,
            30.298058,
            0.0
          ],
          [
            79.053992,
            30.297766,
            0.0
          ],
          [
            79.054376,
            30.297464,
            0.0
          ],
          [
            79.054875,
            30.297347,
            0.0
          ],
          [
            79.055386,
            30.297265,
            0.0
          ],
          [
            79.055903,
            30.297257,
            0.0
          ],
          [
            79.056422,
            30.29729,
            0.0
          ],
          [
            79.056921,
            30.297405,
            0.0
          ],
          [
            79.057438,
            30.297384,
            0.0
          ],
          [
            79.057952,
            30.297438,
            0.0
          ],
          [
            79.058466,
            30.297489,
            0.0
          ],
          [
            79.058977,
            30.297485,
            0.0
          ],
          [
            79.059476,
            30.297611,
            0.0
          ],
          [
            79.059954,
            30.29779,
            0.0
          ],
          [
            79.06037,
            30.298051,
            0.0
          ],
          [
            79.060661,
            30.298423,
            0.0
          ],
          [
            79.061091,
            30.298653,
            0.0
          ],
          [
            79.061588,
            30.298787,
            0.0
          ],
          [
            79.062078,
            30.298933,
            0.0
          ],
          [
            79.062579,
            30.299055,
            0.0
          ],
          [
            79.063082,
            30.299162,
            0.0
          ],
          [
            79.063528,
            30.299386,
            0.0
          ],
          [
            79.064031,
            30.29947,
            0.0
          ],
          [
            79.064517,
            30.299324,
            0.0
          ],
          [
            79.064944,
            30.299067,
            0.0
          ],
          [
            79.065359,
            30.298796,
            0.0
          ],
          [
            79.065758,
            30.298507,
            0.0
          ],
          [
            79.066144,
            30.298206,
            0.0
          ],
          [
            79.066476,
            30.297859,
            0.0
          ],
          [
            79.066782,
            30.297496,
            0.0
          ],
          [
            79.067092,
            30.297136,
            0.0
          ],
          [
            79.067461,
            30.296824,
            0.0
          ],
          [
            79.067833,
            30.29652,
            0.0
          ],
          [
            79.067923,
            30.296084,
            0.0
          ],
          [
            79.068196,
            30.295705,
            0.0
          ],
          [
            79.068636,
            30.295472,
            0.0
          ],
          [
            79.069131,
            30.295346,
            0.0
          ],
          [
            79.069644,
            30.29527,
            0.0
          ],
          [
            79.070161,
            30.295322,
            0.0
          ],
          [
            79.070675,
            30.29539,
            0.0
          ],
          [
            79.071191,
            30.295449,
            0.0
          ],
          [
            79.071708,
            30.295423,
            0.0
          ],
          [
            79.072198,
            30.295276,
            0.0
          ],
          [
            79.072709,
            30.295204,
            0.0
          ],
          [
            79.073229,
            30.295204,
            0.0
          ],
          [
            79.073738,
            30.295121,
            0.0
          ],
          [
            79.074236,
            30.29499,
            0.0
          ],
          [
            79.074727,
            30.294841,
            0.0
          ],
          [
            79.075233,
            30.294753,
            0.0
          ],
          [
            79.075752,
            30.294721,
            0.0
          ],
          [
            79.076262,
            30.294636,
            0.0
          ],
          [
            79.076719,
            30.294435,
            0.0
          ],
          [
            79.077203,
            30.294527,
            0.0
          ],
          [
            79.077676,
            30.294711,
            0.0
          ],
          [
            79.078192,
            30.294689,
            0.0
          ],
          [
            79.078691,
            30.294562,
            0.0
          ],
          [
            79.079201,
            30.294472,
            0.0
          ],
          [
            79.079706,
            30.294369,
            0.0
          ],
          [
            79.080218,
            30.294287,
            0.0
          ],
          [
            79.080735,
            30.29427,
            0.0
          ],
          [
            79.081251,
            30.294325,
            0.0
          ],
          [
            79.081769,
            30.294289,
            0.0
          ],
          [
            79.082286,
            30.294306,
            0.0
          ],
          [
            79.082785,
            30.294412,
            0.0
          ],
          [
            79.083279,
            30.29453,
            0.0
          ],
          [
            79.083787,
            30.294501,
            0.0
          ],
          [
            79.084268,
            30.294655,
            0.0
          ],
          [
            79.084752,
            30.294802,
            0.0
          ],
          [
            79.085255,
            30.294898,
            0.0
          ],
          [
            79.085718,
            30.295104,
            0.0
          ],
          [
            79.086181,
            30.29531,
            0.0
          ],
          [
            79.086623,
            30.295545,
            0.0
          ],
          [
            79.087014,
            30.295842,
            0.0
          ],
          [
            79.087491,
            30.296014,
            0.0
          ],
          [
            79.087989,
            30.296145,
            0.0
          ],
          [
            79.088456,
            30.296337,
            0.0
          ],
          [
            79.088804,
            30.296663,
            0.0
          ],
          [
            79.089256,
            30.296845,
            0.0
          ],
          [
            79.089772,
            30.296815,
            0.0
          ],
          [
            79.090284,
            30.296745,
            0.0
          ],
          [
            79.090733,
            30.296951,
            0.0
          ],
          [
            79.091248,
            30.297011,
            0.0
          ],
          [
            79.091739,
            30.297141,
            0.0
          ],
          [
            79.09181,
            30.297556,
            0.0
          ],
          [
            79.09147,
            30.29788,
            0.0
          ],
          [
            79.091727,
            30.298208,
            0.0
          ],
          [
            79.092182,
            30.29842,
            0.0
          ],
          [
            79.092701,
            30.29844,
            0.0
          ],
          [
            79.093178,
            30.298609,
            0.0
          ],
          [
            79.093504,
            30.298951,
            0.0
          ],
          [
            79.093703,
            30.299361,
            0.0
          ],
          [
            79.09419,
            30.29947,
            0.0
          ],
          [
            79.094694,
            30.299567,
            0.0
          ],
          [
            79.095177,
            30.299716,
            0.0
          ],
          [
            79.095693,
            30.299658,
            0.0
          ],
          [
            79.096211,
            30.299682,
            0.0
          ],
          [
            79.096721,
            30.29977,
            0.0
          ],
          [
            79.096878,
            30.299575,
            0.0
          ],
          [
            79.096368,
            30.299505,
            0.0
          ],
          [
            79.095865,
            30.299393,
            0.0
          ],
          [
            79.095382,
            30.299224,
            0.0
          ],
          [
            79.095392,
            30.29896,
            0.0
          ],
          [
            79.095908,
            30.299009,
            0.0
          ],
          [
            79.096423,
            30.299077,
            0.0
          ],
          [
            79.096932,
            30.299172,
            0.0
          ],
          [
            79.097439,
            30.299273,
            0.0
          ],
          [
            79.097947,
            30.299374,
            0.0
          ],
          [
            79.098454,
            30.299475,
            0.0
          ],
          [
            79.098951,
            30.29961,
            0.0
          ],
          [
            79.09944,
            30.299764,
            0.0
          ],
          [
            79.099933,
            30.299902,
            0.0
          ],
          [
            79.100447,
            30.29995,
            0.0
          ],
          [
            79.100966,
            30.299982,
            0.0
          ],
          [
            79.101486,
            30.300014,
            0.0
          ],
          [
            79.102005,
            30.300038,
            0.0
          ],
          [
            79.102524,
            30.300013,
            0.0
          ],
          [
            79.103035,
            30.299926,
            0.0
          ],
          [
            79.103523,
            30.299769,
            0.0
          ],
          [
            79.103998,
            30.299586,
            0.0
          ],
          [
            79.104451,
            30.299365,
            0.0
          ],
          [
            79.104799,
            30.299043,
            0.0
          ],
          [
            79.104984,
            30.298629,
            0.0
          ],
          [
            79.105248,
            30.298243,
            0.0
          ],
          [
            79.105515,
            30.297859,
            0.0
          ],
          [
            79.105887,
            30.297553,
            0.0
          ],
          [
            79.106355,
            30.297387,
            0.0
          ],
          [
            79.106872,
            30.29737,
            0.0
          ],
          [
            79.107235,
            30.297641,
            0.0
          ],
          [
            79.10734,
            30.298054,
            0.0
          ],
          [
            79.107735,
            30.298346,
            0.0
          ],
          [
            79.108129,
            30.29864,
            0.0
          ],
          [
            79.108526,
            30.298931,
            0.0
          ],
          [
            79.10894,
            30.299204,
            0.0
          ],
          [
            79.109367,
            30.299458,
            0.0
          ],
          [
            79.109855,
            30.299607,
            0.0
          ],
          [
            79.110374,
            30.29963,
            0.0
          ],
          [
            79.110881,
            30.299537,
            0.0
          ],
          [
            79.111382,
            30.299416,
            0.0
          ],
          [
            79.111895,
            30.299369,
            0.0
          ],
          [
            79.112408,
            30.299428,
            0.0
          ],
          [
            79.112903,
            30.29929,
            0.0
          ],
          [
            79.113344,
            30.299051,
            0.0
          ],
          [
            79.11373,
            30.298752,
            0.0
          ],
          [
            79.114091,
            30.298428,
            0.0
          ],
          [
            79.114493,
            30.298143,
            0.0
          ],
          [
            79.114897,
            30.297859,
            0.0
          ],
          [
            79.115265,
            30.297541,
            0.0
          ],
          [
            79.115642,
            30.297232,
            0.0
          ],
          [
            79.11609,
            30.297009,
            0.0
          ],
          [
            79.116539,
            30.296784,
            0.0
          ],
          [
            79.116901,
            30.296465,
            0.0
          ],
          [
            79.117174,
            30.296083,
            0.0
          ],
          [
            79.117446,
            30.295701,
            0.0
          ],
          [
            79.117737,
            30.295327,
            0.0
          ],
          [
            79.118023,
            30.294952,
            0.0
          ],
          [
            79.118206,
            30.294533,
            0.0
          ],
          [
            79.118298,
            30.294091,
            0.0
          ],
          [
            79.11832,
            30.293642,
            0.0
          ],
          [
            79.118288,
            30.293195,
            0.0
          ],
          [
            79.118094,
            30.29278,
            0.0
          ],
          [
            79.118024,
            30.292335,
            0.0
          ],
          [
            79.118166,
            30.291911,
            0.0
          ],
          [
            79.118357,
            30.291495,
            0.0
          ],
          [
            79.118437,
            30.291052,
            0.0
          ],
          [
            79.118417,
            30.290603,
            0.0
          ],
          [
            79.118542,
            30.290181,
            0.0
          ],
          [
            79.118799,
            30.289795,
            0.0
          ],
          [
            79.118972,
            30.289374,
            0.0
          ],
          [
            79.119179,
            30.288968,
            0.0
          ],
          [
            79.119079,
            30.288546,
            0.0
          ],
          [
            79.119547,
            30.288375,
            0.0
          ],
          [
            79.120062,
            30.288393,
            0.0
          ],
          [
            79.12058,
            30.288356,
            0.0
          ],
          [
            79.121077,
            30.288224,
            0.0
          ],
          [
            79.121565,
            30.28807,
            0.0
          ],
          [
            79.122004,
            30.287829,
            0.0
          ],
          [
            79.122519,
            30.287779,
            0.0
          ],
          [
            79.12304,
            30.287765,
            0.0
          ],
          [
            79.123554,
            30.287704,
            0.0
          ],
          [
            79.124032,
            30.287538,
            0.0
          ],
          [
            79.124391,
            30.287227,
            0.0
          ],
          [
            79.124746,
            30.286923,
            0.0
          ],
          [
            79.125178,
            30.286713,
            0.0
          ],
          [
            79.125681,
            30.28682,
            0.0
          ],
          [
            79.126158,
            30.286649,
            0.0
          ],
          [
            79.126632,
            30.286469,
            0.0
          ],
          [
            79.127141,
            30.286376,
            0.0
          ],
          [
            79.127629,
            30.286224,
            0.0
          ],
          [
            79.128141,
            30.28616,
            0.0
          ],
          [
            79.128631,
            30.286301,
            0.0
          ],
          [
            79.129089,
            30.286512,
            0.0
          ],
          [
            79.12958,
            30.286518,
            0.0
          ],
          [
            79.130083,
            30.286405,
            0.0
          ],
          [
            79.130592,
            30.286313,
            0.0
          ],
          [
            79.130845,
            30.285952,
            0.0
          ],
          [
            79.131053,
            30.285554,
            0.0
          ],
          [
            79.13145,
            30.285265,
            0.0
          ],
          [
            79.13189,
            30.285026,
            0.0
          ],
          [
            79.132385,
            30.284897,
            0.0
          ],
          [
            79.132893,
            30.2848,
            0.0
          ],
          [
            79.133382,
            30.284647,
            0.0
          ],
          [
            79.133856,
            30.284462,
            0.0
          ],
          [
            79.134336,
            30.284288,
            0.0
          ],
          [
            79.134849,
            30.284253,
            0.0
          ],
          [
            79.135361,
            30.284253,
            0.0
          ],
          [
            79.135811,
            30.284034,
            0.0
          ],
          [
            79.136274,
            30.283834,
            0.0
          ],
          [
            79.136785,
            30.283813,
            0.0
          ],
          [
            79.137283,
            30.283938,
            0.0
          ],
          [
            79.137748,
            30.284138,
            0.0
          ],
          [
            79.138205,
            30.284353,
            0.0
          ],
          [
            79.138694,
            30.284497,
            0.0
          ],
          [
            79.139207,
            30.284568,
            0.0
          ],
          [
            79.139717,
            30.284654,
            0.0
          ],
          [
            79.140217,
            30.28477,
            0.0
          ],
          [
            79.140698,
            30.284943,
            0.0
          ],
          [
            79.141194,
            30.285074,
            0.0
          ],
          [
            79.141682,
            30.285226,
            0.0
          ],
          [
            79.142169,
            30.285384,
            0.0
          ],
          [
            79.142676,
            30.285482,
            0.0
          ],
          [
            79.143159,
            30.28563,
            0.0
          ],
          [
            79.143659,
            30.285737,
            0.0
          ],
          [
            79.144155,
            30.285855,
            0.0
          ],
          [
            79.144625,
            30.28604,
            0.0
          ],
          [
            79.145127,
            30.28616,
            0.0
          ],
          [
            79.145566,
            30.286394,
            0.0
          ],
          [
            79.145986,
            30.286653,
            0.0
          ],
          [
            79.146182,
            30.287065,
            0.0
          ],
          [
            79.146265,
            30.287506,
            0.0
          ],
          [
            79.146174,
            30.287946,
            0.0
          ],
          [
            79.146482,
            30.288263,
            0.0
          ],
          [
            79.146973,
            30.288208,
            0.0
          ],
          [
            79.147409,
            30.287965,
            0.0
          ],
          [
            79.14791,
            30.28786,
            0.0
          ],
          [
            79.148355,
            30.288062,
            0.0
          ],
          [
            79.14871,
            30.28839,
            0.0
          ],
          [
            79.149117,
            30.28867,
            0.0
          ],
          [
            79.149582,
            30.288653,
            0.0
          ],
          [
            79.149981,
            30.288373,
            0.0
          ],
          [
            79.15048,
            30.288311,
            0.0
          ],
          [
            79.150995,
            30.288375,
            0.0
          ],
          [
            79.151504,
            30.288389,
            0.0
          ],
          [
            79.15196,
            30.288175,
            0.0
          ],
          [
            79.152381,
            30.287918,
            0.0
          ],
          [
            79.152793,
            30.287651,
            0.0
          ],
          [
            79.152667,
            30.287931,
            0.0
          ],
          [
            79.152387,
            30.288296,
            0.0
          ],
          [
            79.152105,
            30.288656,
            0.0
          ],
          [
            79.151692,
            30.288912,
            0.0
          ],
          [
            79.151173,
            30.288923,
            0.0
          ],
          [
            79.15081,
            30.289134,
            0.0
          ],
          [
            79.151171,
            30.289388,
            0.0
          ],
          [
            79.151675,
            30.289502,
            0.0
          ],
          [
            79.152191,
            30.289533,
            0.0
          ],
          [
            79.15271,
            30.289501,
            0.0
          ],
          [
            79.153224,
            30.289428,
            0.0
          ],
          [
            79.153734,
            30.289342,
            0.0
          ],
          [
            79.154242,
            30.289241,
            0.0
          ],
          [
            79.154746,
            30.289132,
            0.0
          ],
          [
            79.155251,
            30.289033,
            0.0
          ],
          [
            79.155762,
            30.289108,
            0.0
          ],
          [
            79.156252,
            30.289259,
            0.0
          ],
          [
            79.156754,
            30.28937,
            0.0
          ],
          [
            79.157245,
            30.289232,
            0.0
          ],
          [
            79.1577,
            30.289022,
            0.0
          ],
          [
            79.158173,
            30.288833,
            0.0
          ],
          [
            79.158648,
            30.288651,
            0.0
          ],
          [
            79.159114,
            30.288451,
            0.0
          ],
          [
            79.159548,
            30.288203,
            0.0
          ],
          [
            79.15999,
            30.287966,
            0.0
          ],
          [
            79.160432,
            30.287728,
            0.0
          ],
          [
            79.160877,
            30.287495,
            0.0
          ],
          [
            79.161347,
            30.2873,
            0.0
          ],
          [
            79.161812,
            30.287099,
            0.0
          ],
          [
            79.162262,
            30.286878,
            0.0
          ],
          [
            79.162704,
            30.286642,
            0.0
          ],
          [
            79.163148,
            30.286405,
            0.0
          ],
          [
            79.163602,
            30.286187,
            0.0
          ],
          [
            79.164062,
            30.285975,
            0.0
          ],
          [
            79.164521,
            30.285763,
            0.0
          ],
          [
            79.164987,
            30.285563,
            0.0
          ],
          [
            79.165457,
            30.285369,
            0.0
          ],
          [
            79.165883,
            30.285121,
            0.0
          ],
          [
            79.166277,
            30.284827,
            0.0
          ],
          [
            79.166627,
            30.284503,
            0.0
          ],
          [
            79.166484,
            30.284088,
            0.0
          ],
          [
            79.166364,
            30.283656,
            0.0
          ],
          [
            79.166575,
            30.28325,
            0.0
          ],
          [
            79.166844,
            30.282866,
            0.0
          ],
          [
            79.167155,
            30.282506,
            0.0
          ],
          [
            79.16742,
            30.282128,
            0.0
          ],
          [
            79.167791,
            30.281837,
            0.0
          ],
          [
            79.167909,
            30.28144,
            0.0
          ],
          [
            79.16774,
            30.281016,
            0.0
          ],
          [
            79.167802,
            30.280576,
            0.0
          ],
          [
            79.168008,
            30.280163,
            0.0
          ],
          [
            79.168109,
            30.279725,
            0.0
          ],
          [
            79.16804,
            30.279281,
            0.0
          ],
          [
            79.167738,
            30.278955,
            0.0
          ],
          [
            79.167279,
            30.278779,
            0.0
          ],
          [
            79.166972,
            30.27842,
            0.0
          ],
          [
            79.166694,
            30.278058,
            0.0
          ],
          [
            79.16652,
            30.277634,
            0.0
          ],
          [
            79.166347,
            30.27721,
            0.0
          ],
          [
            79.16623,
            30.276777,
            0.0
          ],
          [
            79.166412,
            30.276372,
            0.0
          ],
          [
            79.16665,
            30.275987,
            0.0
          ],
          [
            79.166542,
            30.275549,
            0.0
          ],
          [
            79.166694,
            30.275121,
            0.0
          ],
          [
            79.16687,
            30.274697,
            0.0
          ],
          [
            79.167092,
            30.274292,
            0.0
          ],
          [
            79.167305,
            30.273884,
            0.0
          ],
          [
            79.167365,
            30.27344,
            0.0
          ],
          [
            79.167193,
            30.273033,
            0.0
          ],
          [
            79.1669,
            30.272666,
            0.0
          ],
          [
            79.16678,
            30.27223,
            0.0
          ],
          [
            79.166564,
            30.271824,
            0.0
          ],
          [
            79.166176,
            30.27154,
            0.0
          ],
          [
            79.165713,
            30.271721,
            0.0
          ],
          [
            79.165222,
            30.271789,
            0.0
          ],
          [
            79.164823,
            30.271508,
            0.0
          ],
          [
            79.164621,
            30.271106,
            0.0
          ],
          [
            79.16484,
            30.270703,
            0.0
          ],
          [
            79.165293,
            30.270556,
            0.0
          ],
          [
            79.165812,
            30.270582,
            0.0
          ],
          [
            79.166328,
            30.270604,
            0.0
          ],
          [
            79.16681,
            30.270772,
            0.0
          ],
          [
            79.167292,
            30.270942,
            0.0
          ],
          [
            79.167783,
            30.27099,
            0.0
          ],
          [
            79.16805,
            30.270656,
            0.0
          ],
          [
            79.168217,
            30.270244,
            0.0
          ],
          [
            79.168582,
            30.269924,
            0.0
          ],
          [
            79.168949,
            30.269611,
            0.0
          ],
          [
            79.169248,
            30.269244,
            0.0
          ],
          [
            79.169543,
            30.268873,
            0.0
          ],
          [
            79.16985,
            30.268511,
            0.0
          ],
          [
            79.170228,
            30.268201,
            0.0
          ],
          [
            79.170616,
            30.267902,
            0.0
          ],
          [
            79.17094,
            30.267562,
            0.0
          ],
          [
            79.171258,
            30.267256,
            0.0
          ],
          [
            79.171763,
            30.26715,
            0.0
          ],
          [
            79.172243,
            30.266976,
            0.0
          ],
          [
            79.172717,
            30.266791,
            0.0
          ],
          [
            79.173206,
            30.26665,
            0.0
          ],
          [
            79.17372,
            30.266716,
            0.0
          ],
          [
            79.174225,
            30.266823,
            0.0
          ],
          [
            79.174701,
            30.266665,
            0.0
          ],
          [
            79.17519,
            30.26654,
            0.0
          ],
          [
            79.175704,
            30.266606,
            0.0
          ],
          [
            79.176141,
            30.266823,
            0.0
          ],
          [
            79.176625,
            30.266971,
            0.0
          ],
          [
            79.177136,
            30.267057,
            0.0
          ],
          [
            79.177647,
            30.267143,
            0.0
          ],
          [
            79.178158,
            30.267112,
            0.0
          ],
          [
            79.178672,
            30.267151,
            0.0
          ],
          [
            79.179174,
            30.26722,
            0.0
          ],
          [
            79.179688,
            30.26726,
            0.0
          ],
          [
            79.180186,
            30.267339,
            0.0
          ],
          [
            79.18065,
            30.267492,
            0.0
          ],
          [
            79.180893,
            30.26783,
            0.0
          ],
          [
            79.181392,
            30.26793,
            0.0
          ],
          [
            79.181804,
            30.268167,
            0.0
          ],
          [
            79.182314,
            30.268185,
            0.0
          ],
          [
            79.182723,
            30.268458,
            0.0
          ],
          [
            79.183186,
            30.268659,
            0.0
          ],
          [
            79.183686,
            30.26877,
            0.0
          ],
          [
            79.184164,
            30.268915,
            0.0
          ],
          [
            79.184663,
            30.26902,
            0.0
          ],
          [
            79.185134,
            30.268854,
            0.0
          ],
          [
            79.185635,
            30.268805,
            0.0
          ],
          [
            79.186145,
            30.26889,
            0.0
          ],
          [
            79.1866,
            30.268691,
            0.0
          ],
          [
            79.187094,
            30.268692,
            0.0
          ],
          [
            79.187594,
            30.268792,
            0.0
          ],
          [
            79.188113,
            30.268786,
            0.0
          ],
          [
            79.188622,
            30.268699,
            0.0
          ],
          [
            79.188832,
            30.268315,
            0.0
          ],
          [
            79.188863,
            30.267866,
            0.0
          ],
          [
            79.188948,
            30.267424,
            0.0
          ],
          [
            79.189093,
            30.266993,
            0.0
          ],
          [
            79.189353,
            30.26668,
            0.0
          ],
          [
            79.189655,
            30.266996,
            0.0
          ],
          [
            79.189801,
            30.267428,
            0.0
          ],
          [
            79.190094,
            30.267787,
            0.0
          ],
          [
            79.190596,
            30.267775,
            0.0
          ],
          [
            79.191087,
            30.267657,
            0.0
          ],
          [
            79.191335,
            30.26727,
            0.0
          ],
          [
            79.191657,
            30.266934,
            0.0
          ],
          [
            79.192122,
            30.266734,
            0.0
          ],
          [
            79.192632,
            30.266721,
            0.0
          ],
          [
            79.193132,
            30.266838,
            0.0
          ],
          [
            79.193553,
            30.267086,
            0.0
          ],
          [
            79.193968,
            30.267246,
            0.0
          ],
          [
            79.194453,
            30.267092,
            0.0
          ],
          [
            79.19494,
            30.266959,
            0.0
          ],
          [
            79.19544,
            30.266958,
            0.0
          ],
          [
            79.195924,
            30.267124,
            0.0
          ],
          [
            79.196433,
            30.267157,
            0.0
          ],
          [
            79.196808,
            30.266865,
            0.0
          ],
          [
            79.197259,
            30.266815,
            0.0
          ],
          [
            79.197724,
            30.267015,
            0.0
          ],
          [
            79.198222,
            30.26711,
            0.0
          ],
          [
            79.198718,
            30.266984,
            0.0
          ],
          [
            79.199216,
            30.266851,
            0.0
          ],
          [
            79.199716,
            30.266733,
            0.0
          ],
          [
            79.200188,
            30.266543,
            0.0
          ],
          [
            79.200684,
            30.266488,
            0.0
          ],
          [
            79.201193,
            30.26656,
            0.0
          ],
          [
            79.20171,
            30.266585,
            0.0
          ],
          [
            79.202203,
            30.266723,
            0.0
          ],
          [
            79.202698,
            30.266858,
            0.0
          ],
          [
            79.203213,
            30.266906,
            0.0
          ],
          [
            79.203727,
            30.266945,
            0.0
          ],
          [
            79.204224,
            30.267074,
            0.0
          ],
          [
            79.20473,
            30.267173,
            0.0
          ],
          [
            79.205224,
            30.267304,
            0.0
          ],
          [
            79.205744,
            30.267296,
            0.0
          ],
          [
            79.206253,
            30.267359,
            0.0
          ],
          [
            79.206744,
            30.267506,
            0.0
          ],
          [
            79.207252,
            30.267574,
            0.0
          ],
          [
            79.20777,
            30.267553,
            0.0
          ],
          [
            79.208261,
            30.267415,
            0.0
          ],
          [
            79.208638,
            30.267109,
            0.0
          ],
          [
            79.208998,
            30.266786,
            0.0
          ],
          [
            79.209489,
            30.266694,
            0.0
          ],
          [
            79.2099,
            30.266419,
            0.0
          ],
          [
            79.2103,
            30.266134,
            0.0
          ],
          [
            79.210761,
            30.265928,
            0.0
          ],
          [
            79.21122,
            30.265716,
            0.0
          ],
          [
            79.211652,
            30.265469,
            0.0
          ],
          [
            79.212004,
            30.265143,
            0.0
          ],
          [
            79.212344,
            30.264803,
            0.0
          ],
          [
            79.212739,
            30.264511,
            0.0
          ],
          [
            79.213181,
            30.264278,
            0.0
          ],
          [
            79.21367,
            30.26413,
            0.0
          ],
          [
            79.214175,
            30.264025,
            0.0
          ],
          [
            79.214582,
            30.263749,
            0.0
          ],
          [
            79.214926,
            30.263428,
            0.0
          ],
          [
            79.21517,
            30.263033,
            0.0
          ],
          [
            79.215371,
            30.262619,
            0.0
          ],
          [
            79.215689,
            30.262311,
            0.0
          ],
          [
            79.216208,
            30.262346,
            0.0
          ],
          [
            79.216713,
            30.262451,
            0.0
          ],
          [
            79.217184,
            30.262432,
            0.0
          ],
          [
            79.217419,
            30.26205,
            0.0
          ],
          [
            79.217919,
            30.26213,
            0.0
          ],
          [
            79.218269,
            30.261848,
            0.0
          ],
          [
            79.218487,
            30.26144,
            0.0
          ],
          [
            79.218674,
            30.261022,
            0.0
          ],
          [
            79.218855,
            30.260606,
            0.0
          ],
          [
            79.219156,
            30.260244,
            0.0
          ],
          [
            79.219448,
            30.259874,
            0.0
          ],
          [
            79.219766,
            30.259527,
            0.0
          ],
          [
            79.21999,
            30.259122,
            0.0
          ],
          [
            79.220178,
            30.258709,
            0.0
          ],
          [
            79.220207,
            30.258261,
            0.0
          ],
          [
            79.220453,
            30.257962,
            0.0
          ],
          [
            79.220448,
            30.258375,
            0.0
          ],
          [
            79.220366,
            30.258817,
            0.0
          ],
          [
            79.220275,
            30.259259,
            0.0
          ],
          [
            79.220257,
            30.259708,
            0.0
          ],
          [
            79.220156,
            30.260145,
            0.0
          ],
          [
            79.219945,
            30.260545,
            0.0
          ],
          [
            79.219638,
            30.260897,
            0.0
          ],
          [
            79.219532,
            30.261336,
            0.0
          ],
          [
            79.219271,
            30.26171,
            0.0
          ],
          [
            79.21879,
            30.261867,
            0.0
          ],
          [
            79.21854,
            30.262239,
            0.0
          ],
          [
            79.21863,
            30.26268,
            0.0
          ],
          [
            79.218648,
            30.263127,
            0.0
          ],
          [
            79.218934,
            30.263492,
            0.0
          ],
          [
            79.219349,
            30.26376,
            0.0
          ],
          [
            79.219716,
            30.264079,
            0.0
          ],
          [
            79.220015,
            30.264444,
            0.0
          ],
          [
            79.220262,
            30.264836,
            0.0
          ],
          [
            79.220519,
            30.265227,
            0.0
          ],
          [
            79.220813,
            30.265593,
            0.0
          ],
          [
            79.221238,
            30.26585,
            0.0
          ],
          [
            79.221686,
            30.266077,
            0.0
          ],
          [
            79.222074,
            30.266367,
            0.0
          ],
          [
            79.222235,
            30.266794,
            0.0
          ],
          [
            79.222521,
            30.267164,
            0.0
          ],
          [
            79.222872,
            30.267496,
            0.0
          ],
          [
            79.223221,
            30.267825,
            0.0
          ],
          [
            79.223518,
            30.268191,
            0.0
          ],
          [
            79.22391,
            30.268486,
            0.0
          ],
          [
            79.224302,
            30.268782,
            0.0
          ],
          [
            79.224645,
            30.269118,
            0.0
          ],
          [
            79.224865,
            30.269525,
            0.0
          ],
          [
            79.22505,
            30.269945,
            0.0
          ],
          [
            79.225225,
            30.270368,
            0.0
          ],
          [
            79.22557,
            30.270689,
            0.0
          ],
          [
            79.225977,
            30.270958,
            0.0
          ],
          [
            79.226204,
            30.271362,
            0.0
          ],
          [
            79.226435,
            30.271764,
            0.0
          ],
          [
            79.226732,
            30.272132,
            0.0
          ],
          [
            79.226998,
            30.272515,
            0.0
          ],
          [
            79.22724,
            30.27291,
            0.0
          ],
          [
            79.227699,
            30.273114,
            0.0
          ],
          [
            79.228064,
            30.273395,
            0.0
          ],
          [
            79.228102,
            30.27384,
            0.0
          ],
          [
            79.228259,
            30.274268,
            0.0
          ],
          [
            79.228255,
            30.274713,
            0.0
          ],
          [
            79.22854,
            30.275036,
            0.0
          ],
          [
            79.229034,
            30.275148,
            0.0
          ],
          [
            79.229541,
            30.27506,
            0.0
          ],
          [
            79.230039,
            30.274932,
            0.0
          ],
          [
            79.230537,
            30.2748,
            0.0
          ],
          [
            79.231042,
            30.274697,
            0.0
          ],
          [
            79.23156,
            30.27466,
            0.0
          ],
          [
            79.232077,
            30.274698,
            0.0
          ],
          [
            79.232579,
            30.274734,
            0.0
          ],
          [
            79.233063,
            30.274899,
            0.0
          ],
          [
            79.233564,
            30.275019,
            0.0
          ],
          [
            79.234073,
            30.275113,
            0.0
          ],
          [
            79.234589,
            30.275144,
            0.0
          ],
          [
            79.235106,
            30.275096,
            0.0
          ],
          [
            79.235618,
            30.275057,
            0.0
          ],
          [
            79.23596,
            30.275351,
            0.0
          ],
          [
            79.235956,
            30.275798,
            0.0
          ],
          [
            79.23614,
            30.27619,
            0.0
          ],
          [
            79.236569,
            30.276421,
            0.0
          ],
          [
            79.237054,
            30.276576,
            0.0
          ],
          [
            79.237568,
            30.276631,
            0.0
          ],
          [
            79.238049,
            30.276761,
            0.0
          ],
          [
            79.238462,
            30.277035,
            0.0
          ],
          [
            79.238826,
            30.277356,
            0.0
          ],
          [
            79.239155,
            30.2777,
            0.0
          ],
          [
            79.239564,
            30.277977,
            0.0
          ],
          [
            79.240059,
            30.2781,
            0.0
          ],
          [
            79.24057,
            30.278114,
            0.0
          ],
          [
            79.240935,
            30.278399,
            0.0
          ],
          [
            79.241324,
            30.278688,
            0.0
          ],
          [
            79.241823,
            30.278813,
            0.0
          ],
          [
            79.24233,
            30.278909,
            0.0
          ],
          [
            79.242806,
            30.27909,
            0.0
          ],
          [
            79.243272,
            30.279289,
            0.0
          ],
          [
            79.243748,
            30.279457,
            0.0
          ],
          [
            79.244167,
            30.279718,
            0.0
          ],
          [
            79.244624,
            30.279933,
            0.0
          ],
          [
            79.245058,
            30.280182,
            0.0
          ],
          [
            79.245455,
            30.280466,
            0.0
          ],
          [
            79.245817,
            30.280786,
            0.0
          ],
          [
            79.2462,
            30.281088,
            0.0
          ],
          [
            79.24657,
            30.281395,
            0.0
          ],
          [
            79.247016,
            30.281627,
            0.0
          ],
          [
            79.247444,
            30.281883,
            0.0
          ],
          [
            79.247872,
            30.28214,
            0.0
          ],
          [
            79.248278,
            30.282418,
            0.0
          ],
          [
            79.248627,
            30.282749,
            0.0
          ],
          [
            79.248987,
            30.283065,
            0.0
          ],
          [
            79.249078,
            30.283497,
            0.0
          ],
          [
            79.249119,
            30.28394,
            0.0
          ],
          [
            79.249385,
            30.284322,
            0.0
          ],
          [
            79.249702,
            30.284677,
            0.0
          ],
          [
            79.249997,
            30.285047,
            0.0
          ],
          [
            79.250412,
            30.285314,
            0.0
          ],
          [
            79.250883,
            30.285502,
            0.0
          ],
          [
            79.251304,
            30.285761,
            0.0
          ],
          [
            79.251764,
            30.285971,
            0.0
          ],
          [
            79.252246,
            30.286119,
            0.0
          ],
          [
            79.252748,
            30.286022,
            0.0
          ],
          [
            79.253235,
            30.286159,
            0.0
          ],
          [
            79.253638,
            30.28644,
            0.0
          ],
          [
            79.254075,
            30.286685,
            0.0
          ],
          [
            79.254535,
            30.286856,
            0.0
          ],
          [
            79.255055,
            30.28686,
            0.0
          ],
          [
            79.25551,
            30.287063,
            0.0
          ],
          [
            79.255957,
            30.287295,
            0.0
          ],
          [
            79.256416,
            30.287506,
            0.0
          ],
          [
            79.256893,
            30.287503,
            0.0
          ],
          [
            79.257324,
            30.287665,
            0.0
          ],
          [
            79.257581,
            30.288031,
            0.0
          ],
          [
            79.258093,
            30.28798,
            0.0
          ],
          [
            79.258584,
            30.288125,
            0.0
          ],
          [
            79.259078,
            30.288264,
            0.0
          ],
          [
            79.259589,
            30.288345,
            0.0
          ],
          [
            79.260103,
            30.288412,
            0.0
          ],
          [
            79.260609,
            30.288516,
            0.0
          ],
          [
            79.261116,
            30.28862,
            0.0
          ],
          [
            79.261598,
            30.288783,
            0.0
          ],
          [
            79.262065,
            30.288982,
            0.0
          ],
          [
            79.262561,
            30.289109,
            0.0
          ],
          [
            79.263074,
            30.289172,
            0.0
          ],
          [
            79.263593,
            30.289208,
            0.0
          ],
          [
            79.264112,
            30.289244,
            0.0
          ],
          [
            79.264632,
            30.289252,
            0.0
          ],
          [
            79.265151,
            30.289288,
            0.0
          ],
          [
            79.265649,
            30.28917,
            0.0
          ],
          [
            79.266074,
            30.288923,
            0.0
          ],
          [
            79.266468,
            30.28863,
            0.0
          ],
          [
            79.266881,
            30.288357,
            0.0
          ],
          [
            79.267311,
            30.288147,
            0.0
          ],
          [
            79.267831,
            30.288132,
            0.0
          ],
          [
            79.268346,
            30.288146,
            0.0
          ],
          [
            79.268866,
            30.288169,
            0.0
          ],
          [
            79.269383,
            30.288222,
            0.0
          ],
          [
            79.269894,
            30.288304,
            0.0
          ],
          [
            79.270409,
            30.288276,
            0.0
          ],
          [
            79.270766,
            30.288,
            0.0
          ],
          [
            79.271244,
            30.287904,
            0.0
          ],
          [
            79.271738,
            30.288038,
            0.0
          ],
          [
            79.272246,
            30.288134,
            0.0
          ],
          [
            79.272755,
            30.28823,
            0.0
          ],
          [
            79.273232,
            30.288403,
            0.0
          ],
          [
            79.273672,
            30.288615,
            0.0
          ],
          [
            79.274052,
            30.288917,
            0.0
          ],
          [
            79.274447,
            30.28921,
            0.0
          ],
          [
            79.274816,
            30.289526,
            0.0
          ],
          [
            79.275242,
            30.289785,
            0.0
          ],
          [
            79.275667,
            30.290044,
            0.0
          ],
          [
            79.27611,
            30.290278,
            0.0
          ],
          [
            79.276603,
            30.290419,
            0.0
          ],
          [
            79.277104,
            30.290541,
            0.0
          ],
          [
            79.277609,
            30.290645,
            0.0
          ],
          [
            79.278116,
            30.290746,
            0.0
          ],
          [
            79.278602,
            30.2909,
            0.0
          ],
          [
            79.279071,
            30.290715,
            0.0
          ],
          [
            79.279495,
            30.290454,
            0.0
          ],
          [
            79.279958,
            30.290408,
            0.0
          ],
          [
            79.280214,
            30.29077,
            0.0
          ],
          [
            79.280345,
            30.291201,
            0.0
          ],
          [
            79.280799,
            30.29141,
            0.0
          ],
          [
            79.281279,
            30.291586,
            0.0
          ],
          [
            79.281766,
            30.291743,
            0.0
          ],
          [
            79.28228,
            30.291808,
            0.0
          ],
          [
            79.282786,
            30.291908,
            0.0
          ],
          [
            79.283284,
            30.292026,
            0.0
          ],
          [
            79.28379,
            30.291934,
            0.0
          ],
          [
            79.284306,
            30.291929,
            0.0
          ],
          [
            79.284823,
            30.291949,
            0.0
          ],
          [
            79.285344,
            30.291936,
            0.0
          ],
          [
            79.285865,
            30.291923,
            0.0
          ],
          [
            79.286385,
            30.291911,
            0.0
          ],
          [
            79.286903,
            30.291882,
            0.0
          ],
          [
            79.287414,
            30.291807,
            0.0
          ],
          [
            79.287925,
            30.291726,
            0.0
          ],
          [
            79.288415,
            30.291585,
            0.0
          ],
          [
            79.288919,
            30.291478,
            0.0
          ],
          [
            79.289394,
            30.291295,
            0.0
          ],
          [
            79.289877,
            30.291138,
            0.0
          ],
          [
            79.290286,
            30.290874,
            0.0
          ],
          [
            79.290676,
            30.29061,
            0.0
          ],
          [
            79.291165,
            30.290713,
            0.0
          ],
          [
            79.291655,
            30.29057,
            0.0
          ],
          [
            79.292153,
            30.290596,
            0.0
          ],
          [
            79.292575,
            30.290333,
            0.0
          ],
          [
            79.293011,
            30.290089,
            0.0
          ],
          [
            79.293458,
            30.28986,
            0.0
          ],
          [
            79.293938,
            30.289684,
            0.0
          ],
          [
            79.294391,
            30.289752,
            0.0
          ],
          [
            79.29474,
            30.29004,
            0.0
          ],
          [
            79.295254,
            30.290019,
            0.0
          ],
          [
            79.295676,
            30.29027,
            0.0
          ],
          [
            79.29593,
            30.290659,
            0.0
          ],
          [
            79.295806,
            30.291083,
            0.0
          ],
          [
            79.295651,
            30.291502,
            0.0
          ],
          [
            79.295983,
            30.291835,
            0.0
          ],
          [
            79.296438,
            30.292052,
            0.0
          ],
          [
            79.296874,
            30.292297,
            0.0
          ],
          [
            79.297246,
            30.292608,
            0.0
          ],
          [
            79.297742,
            30.29261,
            0.0
          ],
          [
            79.2981,
            30.292856,
            0.0
          ],
          [
            79.297901,
            30.293266,
            0.0
          ],
          [
            79.297907,
            30.293698,
            0.0
          ],
          [
            79.298189,
            30.294073,
            0.0
          ],
          [
            79.298663,
            30.294176,
            0.0
          ],
          [
            79.299071,
            30.293906,
            0.0
          ],
          [
            79.299438,
            30.293588,
            0.0
          ],
          [
            79.299806,
            30.293269,
            0.0
          ],
          [
            79.30012,
            30.292911,
            0.0
          ],
          [
            79.300501,
            30.292605,
            0.0
          ],
          [
            79.300734,
            30.292212,
            0.0
          ],
          [
            79.301161,
            30.29201,
            0.0
          ],
          [
            79.301553,
            30.292274,
            0.0
          ],
          [
            79.301803,
            30.292658,
            0.0
          ],
          [
            79.301598,
            30.293059,
            0.0
          ],
          [
            79.301372,
            30.293462,
            0.0
          ],
          [
            79.301041,
            30.293805,
            0.0
          ],
          [
            79.300747,
            30.294174,
            0.0
          ],
          [
            79.300457,
            30.294546,
            0.0
          ],
          [
            79.300246,
            30.294931,
            0.0
          ],
          [
            79.300649,
            30.294739,
            0.0
          ],
          [
            79.301054,
            30.294458,
            0.0
          ],
          [
            79.301561,
            30.294374,
            0.0
          ],
          [
            79.302078,
            30.294371,
            0.0
          ],
          [
            79.302594,
            30.294436,
            0.0
          ],
          [
            79.3031,
            30.294526,
            0.0
          ],
          [
            79.303056,
            30.294906,
            0.0
          ],
          [
            79.302682,
            30.295214,
            0.0
          ],
          [
            79.302237,
            30.295445,
            0.0
          ],
          [
            79.301848,
            30.295734,
            0.0
          ],
          [
            79.301618,
            30.29613,
            0.0
          ],
          [
            79.301451,
            30.29655,
            0.0
          ],
          [
            79.301079,
            30.296858,
            0.0
          ],
          [
            79.300759,
            30.297209,
            0.0
          ],
          [
            79.300308,
            30.297372,
            0.0
          ],
          [
            79.299802,
            30.297393,
            0.0
          ],
          [
            79.299949,
            30.297719,
            0.0
          ],
          [
            79.300348,
            30.298003,
            0.0
          ],
          [
            79.300745,
            30.298291,
            0.0
          ],
          [
            79.301197,
            30.298508,
            0.0
          ],
          [
            79.301197,
            30.298926,
            0.0
          ],
          [
            79.301283,
            30.299341,
            0.0
          ],
          [
            79.301571,
            30.299702,
            0.0
          ],
          [
            79.301703,
            30.300137,
            0.0
          ],
          [
            79.301658,
            30.300574,
            0.0
          ],
          [
            79.301202,
            30.300609,
            0.0
          ],
          [
            79.300831,
            30.300705,
            0.0
          ],
          [
            79.30086,
            30.301153,
            0.0
          ],
          [
            79.300726,
            30.301581,
            0.0
          ],
          [
            79.30052,
            30.301991,
            0.0
          ],
          [
            79.300373,
            30.302422,
            0.0
          ],
          [
            79.300199,
            30.302846,
            0.0
          ],
          [
            79.300033,
            30.303272,
            0.0
          ],
          [
            79.299763,
            30.303655,
            0.0
          ],
          [
            79.299543,
            30.30406,
            0.0
          ],
          [
            79.299426,
            30.304498,
            0.0
          ],
          [
            79.299234,
            30.304912,
            0.0
          ],
          [
            79.29904,
            30.305326,
            0.0
          ],
          [
            79.299143,
            30.305753,
            0.0
          ],
          [
            79.299377,
            30.30613,
            0.0
          ],
          [
            79.29951,
            30.30656,
            0.0
          ],
          [
            79.299767,
            30.306949,
            0.0
          ],
          [
            79.300002,
            30.30735,
            0.0
          ],
          [
            79.300363,
            30.307665,
            0.0
          ],
          [
            79.300851,
            30.30781,
            0.0
          ],
          [
            79.301361,
            30.307745,
            0.0
          ],
          [
            79.301876,
            30.307703,
            0.0
          ],
          [
            79.302354,
            30.307841,
            0.0
          ],
          [
            79.302361,
            30.308279,
            0.0
          ],
          [
            79.302587,
            30.308652,
            0.0
          ],
          [
            79.303103,
            30.30869,
            0.0
          ],
          [
            79.303622,
            30.308675,
            0.0
          ],
          [
            79.304134,
            30.308593,
            0.0
          ],
          [
            79.304649,
            30.30853,
            0.0
          ],
          [
            79.305169,
            30.308501,
            0.0
          ],
          [
            79.305646,
            30.308628,
            0.0
          ],
          [
            79.30601,
            30.308948,
            0.0
          ],
          [
            79.30645,
            30.309148,
            0.0
          ],
          [
            79.30677,
            30.309435,
            0.0
          ],
          [
            79.306484,
            30.309809,
            0.0
          ],
          [
            79.306232,
            30.310197,
            0.0
          ],
          [
            79.306434,
            30.310594,
            0.0
          ],
          [
            79.30675,
            30.310951,
            0.0
          ],
          [
            79.307047,
            30.31132,
            0.0
          ],
          [
            79.307301,
            30.311712,
            0.0
          ],
          [
            79.307472,
            30.312136,
            0.0
          ],
          [
            79.307646,
            30.31256,
            0.0
          ],
          [
            79.307852,
            30.312972,
            0.0
          ],
          [
            79.308113,
            30.313361,
            0.0
          ],
          [
            79.308425,
            30.313715,
            0.0
          ],
          [
            79.308803,
            30.314022,
            0.0
          ],
          [
            79.309199,
            30.314285,
            0.0
          ],
          [
            79.309028,
            30.314691,
            0.0
          ],
          [
            79.308953,
            30.315133,
            0.0
          ],
          [
            79.309039,
            30.315576,
            0.0
          ],
          [
            79.309039,
            30.316023,
            0.0
          ],
          [
            79.309032,
            30.316473,
            0.0
          ],
          [
            79.308894,
            30.316896,
            0.0
          ],
          [
            79.308615,
            30.317276,
            0.0
          ],
          [
            79.30832,
            30.317646,
            0.0
          ],
          [
            79.308,
            30.317997,
            0.0
          ],
          [
            79.30769,
            30.318355,
            0.0
          ],
          [
            79.307494,
            30.318766,
            0.0
          ],
          [
            79.307215,
            30.319139,
            0.0
          ],
          [
            79.306843,
            30.319454,
            0.0
          ],
          [
            79.306451,
            30.319749,
            0.0
          ],
          [
            79.306022,
            30.320003,
            0.0
          ],
          [
            79.305564,
            30.320216,
            0.0
          ],
          [
            79.305081,
            30.320384,
            0.0
          ],
          [
            79.304631,
            30.320607,
            0.0
          ],
          [
            79.30421,
            30.320872,
            0.0
          ],
          [
            79.303788,
            30.321136,
            0.0
          ],
          [
            79.303368,
            30.321399,
            0.0
          ],
          [
            79.303097,
            30.321779,
            0.0
          ],
          [
            79.302905,
            30.322196,
            0.0
          ],
          [
            79.302762,
            30.322628,
            0.0
          ],
          [
            79.302768,
            30.323076,
            0.0
          ],
          [
            79.30278,
            30.323526,
            0.0
          ],
          [
            79.302953,
            30.323943,
            0.0
          ],
          [
            79.303227,
            30.324322,
            0.0
          ],
          [
            79.303448,
            30.324729,
            0.0
          ],
          [
            79.30371,
            30.325113,
            0.0
          ],
          [
            79.304164,
            30.325326,
            0.0
          ],
          [
            79.304659,
            30.32546,
            0.0
          ],
          [
            79.305135,
            30.325598,
            0.0
          ],
          [
            79.305652,
            30.325643,
            0.0
          ],
          [
            79.30616,
            30.325717,
            0.0
          ],
          [
            79.30617,
            30.32611,
            0.0
          ],
          [
            79.30632,
            30.326508,
            0.0
          ],
          [
            79.306732,
            30.326781,
            0.0
          ],
          [
            79.30718,
            30.326997,
            0.0
          ],
          [
            79.307613,
            30.327245,
            0.0
          ],
          [
            79.30808,
            30.32744,
            0.0
          ],
          [
            79.308567,
            30.327419,
            0.0
          ],
          [
            79.309003,
            30.327432,
            0.0
          ],
          [
            79.309406,
            30.327593,
            0.0
          ],
          [
            79.309868,
            30.327709,
            0.0
          ],
          [
            79.31,
            30.328126,
            0.0
          ],
          [
            79.310221,
            30.328523,
            0.0
          ],
          [
            79.310588,
            30.328831,
            0.0
          ],
          [
            79.310998,
            30.329067,
            0.0
          ],
          [
            79.311506,
            30.329078,
            0.0
          ],
          [
            79.311541,
            30.329483,
            0.0
          ],
          [
            79.311907,
            30.329759,
            0.0
          ],
          [
            79.312401,
            30.329802,
            0.0
          ],
          [
            79.31262,
            30.330203,
            0.0
          ],
          [
            79.31307,
            30.330395,
            0.0
          ],
          [
            79.313534,
            30.330593,
            0.0
          ],
          [
            79.314005,
            30.330666,
            0.0
          ],
          [
            79.314498,
            30.330771,
            0.0
          ],
          [
            79.31501,
            30.330801,
            0.0
          ],
          [
            79.315505,
            30.330673,
            0.0
          ],
          [
            79.316024,
            30.33071,
            0.0
          ],
          [
            79.31646,
            30.330483,
            0.0
          ],
          [
            79.316885,
            30.33023,
            0.0
          ],
          [
            79.317379,
            30.330094,
            0.0
          ],
          [
            79.317836,
            30.329879,
            0.0
          ],
          [
            79.318244,
            30.329604,
            0.0
          ],
          [
            79.31849,
            30.329212,
            0.0
          ],
          [
            79.318687,
            30.328797,
            0.0
          ],
          [
            79.318889,
            30.328382,
            0.0
          ],
          [
            79.31914,
            30.327989,
            0.0
          ],
          [
            79.319416,
            30.327609,
            0.0
          ],
          [
            79.319753,
            30.327266,
            0.0
          ],
          [
            79.320145,
            30.326971,
            0.0
          ],
          [
            79.320516,
            30.326668,
            0.0
          ],
          [
            79.320945,
            30.326484,
            0.0
          ],
          [
            79.32145,
            30.326528,
            0.0
          ],
          [
            79.321729,
            30.326902,
            0.0
          ],
          [
            79.321703,
            30.327334,
            0.0
          ],
          [
            79.321553,
            30.327762,
            0.0
          ],
          [
            79.321426,
            30.328195,
            0.0
          ],
          [
            79.321184,
            30.328591,
            0.0
          ],
          [
            79.320979,
            30.329003,
            0.0
          ],
          [
            79.320674,
            30.329365,
            0.0
          ],
          [
            79.320388,
            30.329741,
            0.0
          ],
          [
            79.320211,
            30.330161,
            0.0
          ],
          [
            79.320105,
            30.330601,
            0.0
          ],
          [
            79.319973,
            30.331036,
            0.0
          ],
          [
            79.319877,
            30.331477,
            0.0
          ],
          [
            79.319796,
            30.331922,
            0.0
          ],
          [
            79.319715,
            30.332366,
            0.0
          ],
          [
            79.319723,
            30.332811,
            0.0
          ],
          [
            79.320185,
            30.332923,
            0.0
          ],
          [
            79.320691,
            30.333007,
            0.0
          ],
          [
            79.320912,
            30.333372,
            0.0
          ],
          [
            79.32072,
            30.333777,
            0.0
          ],
          [
            79.32093,
            30.334181,
            0.0
          ],
          [
            79.320671,
            30.334543,
            0.0
          ],
          [
            79.3203,
            30.334844,
            0.0
          ],
          [
            79.320253,
            30.335289,
            0.0
          ],
          [
            79.320122,
            30.335723,
            0.0
          ],
          [
            79.319957,
            30.336148,
            0.0
          ],
          [
            79.319748,
            30.33656,
            0.0
          ],
          [
            79.319455,
            30.336922,
            0.0
          ],
          [
            79.319077,
            30.337229,
            0.0
          ],
          [
            79.318803,
            30.33761,
            0.0
          ],
          [
            79.318694,
            30.338049,
            0.0
          ],
          [
            79.318428,
            30.338426,
            0.0
          ],
          [
            79.318036,
            30.338718,
            0.0
          ],
          [
            79.317826,
            30.339123,
            0.0
          ],
          [
            79.317713,
            30.339561,
            0.0
          ],
          [
            79.317326,
            30.339806,
            0.0
          ],
          [
            79.31699,
            30.340096,
            0.0
          ],
          [
            79.31687,
            30.340532,
            0.0
          ],
          [
            79.317029,
            30.340941,
            0.0
          ],
          [
            79.31751,
            30.341059,
            0.0
          ],
          [
            79.318001,
            30.34091,
            0.0
          ],
          [
            79.318495,
            30.340778,
            0.0
          ],
          [
            79.318991,
            30.34065,
            0.0
          ],
          [
            79.319428,
            30.340876,
            0.0
          ],
          [
            79.319906,
            30.341038,
            0.0
          ],
          [
            79.320375,
            30.341226,
            0.0
          ],
          [
            79.32042,
            30.341647,
            0.0
          ],
          [
            79.319955,
            30.341783,
            0.0
          ],
          [
            79.319448,
            30.341871,
            0.0
          ],
          [
            79.319203,
            30.342249,
            0.0
          ],
          [
            79.31909,
            30.342684,
            0.0
          ],
          [
            79.319208,
            30.343121,
            0.0
          ],
          [
            79.319335,
            30.343557,
            0.0
          ],
          [
            79.319502,
            30.343983,
            0.0
          ],
          [
            79.319669,
            30.344409,
            0.0
          ],
          [
            79.319837,
            30.344835,
            0.0
          ],
          [
            79.320103,
            30.34522,
            0.0
          ],
          [
            79.320054,
            30.345596,
            0.0
          ],
          [
            79.319934,
            30.346002,
            0.0
          ],
          [
            79.320251,
            30.346351,
            0.0
          ],
          [
            79.320344,
            30.34678,
            0.0
          ],
          [
            79.320469,
            30.347149,
            0.0
          ],
          [
            79.320972,
            30.347251,
            0.0
          ],
          [
            79.321283,
            30.347595,
            0.0
          ],
          [
            79.321121,
            30.34799,
            0.0
          ],
          [
            79.320912,
            30.348398,
            0.0
          ],
          [
            79.320528,
            30.348694,
            0.0
          ],
          [
            79.320087,
            30.348929,
            0.0
          ],
          [
            79.320074,
            30.349324,
            0.0
          ],
          [
            79.320284,
            30.349733,
            0.0
          ],
          [
            79.320269,
            30.35018,
            0.0
          ],
          [
            79.320181,
            30.350622,
            0.0
          ],
          [
            79.32001,
            30.351046,
            0.0
          ],
          [
            79.319998,
            30.351477,
            0.0
          ],
          [
            79.319989,
            30.351903,
            0.0
          ],
          [
            79.319901,
            30.352333,
            0.0
          ],
          [
            79.319949,
            30.352781,
            0.0
          ],
          [
            79.31983,
            30.353217,
            0.0
          ],
          [
            79.31977,
            30.353662,
            0.0
          ],
          [
            79.319692,
            30.354085,
            0.0
          ],
          [
            79.31944,
            30.35446,
            0.0
          ],
          [
            79.319417,
            30.354908,
            0.0
          ],
          [
            79.319483,
            30.355353,
            0.0
          ],
          [
            79.319364,
            30.355776,
            0.0
          ],
          [
            79.318964,
            30.356064,
            0.0
          ],
          [
            79.318606,
            30.356383,
            0.0
          ],
          [
            79.3184,
            30.356794,
            0.0
          ],
          [
            79.318323,
            30.357235,
            0.0
          ],
          [
            79.31832,
            30.357681,
            0.0
          ],
          [
            79.318124,
            30.358094,
            0.0
          ],
          [
            79.317848,
            30.358473,
            0.0
          ],
          [
            79.317607,
            30.358871,
            0.0
          ],
          [
            79.317437,
            30.359296,
            0.0
          ],
          [
            79.317229,
            30.359707,
            0.0
          ],
          [
            79.31707,
            30.360124,
            0.0
          ],
          [
            79.316964,
            30.360561,
            0.0
          ],
          [
            79.316768,
            30.360977,
            0.0
          ],
          [
            79.316669,
            30.361418,
            0.0
          ],
          [
            79.316531,
            30.361849,
            0.0
          ],
          [
            79.316194,
            30.362168,
            0.0
          ],
          [
            79.31602,
            30.362583,
            0.0
          ],
          [
            79.316049,
            30.36303,
            0.0
          ],
          [
            79.316062,
            30.363477,
            0.0
          ],
          [
            79.315852,
            30.36388,
            0.0
          ],
          [
            79.315548,
            30.364242,
            0.0
          ],
          [
            79.315158,
            30.364538,
            0.0
          ],
          [
            79.31474,
            30.364806,
            0.0
          ],
          [
            79.314297,
            30.36504,
            0.0
          ],
          [
            79.313805,
            30.365186,
            0.0
          ],
          [
            79.313307,
            30.365318,
            0.0
          ],
          [
            79.312888,
            30.365576,
            0.0
          ],
          [
            79.312666,
            30.365977,
            0.0
          ],
          [
            79.312453,
            30.366386,
            0.0
          ],
          [
            79.312335,
            30.366823,
            0.0
          ],
          [
            79.312231,
            30.367264,
            0.0
          ],
          [
            79.312206,
            30.36771,
            0.0
          ],
          [
            79.312243,
            30.368157,
            0.0
          ],
          [
            79.3122,
            30.368604,
            0.0
          ],
          [
            79.312139,
            30.36905,
            0.0
          ],
          [
            79.311987,
            30.36948,
            0.0
          ],
          [
            79.311705,
            30.369832,
            0.0
          ],
          [
            79.31124,
            30.370002,
            0.0
          ],
          [
            79.31113,
            30.370433,
            0.0
          ],
          [
            79.311129,
            30.370882,
            0.0
          ],
          [
            79.311296,
            30.371304,
            0.0
          ],
          [
            79.311586,
            30.371676,
            0.0
          ],
          [
            79.311867,
            30.372052,
            0.0
          ],
          [
            79.31208,
            30.372462,
            0.0
          ],
          [
            79.312296,
            30.372869,
            0.0
          ],
          [
            79.312556,
            30.373258,
            0.0
          ],
          [
            79.312911,
            30.373581,
            0.0
          ],
          [
            79.31325,
            30.373922,
            0.0
          ],
          [
            79.31365,
            30.3742,
            0.0
          ],
          [
            79.314101,
            30.374422,
            0.0
          ],
          [
            79.31457,
            30.374618,
            0.0
          ],
          [
            79.315051,
            30.374789,
            0.0
          ],
          [
            79.315568,
            30.374825,
            0.0
          ],
          [
            79.316089,
            30.374821,
            0.0
          ],
          [
            79.316604,
            30.37479,
            0.0
          ],
          [
            79.317037,
            30.374991,
            0.0
          ],
          [
            79.317414,
            30.375287,
            0.0
          ],
          [
            79.317869,
            30.375504,
            0.0
          ],
          [
            79.318321,
            30.375729,
            0.0
          ],
          [
            79.318789,
            30.375925,
            0.0
          ],
          [
            79.319246,
            30.376137,
            0.0
          ],
          [
            79.319657,
            30.37641,
            0.0
          ],
          [
            79.320063,
            30.37669,
            0.0
          ],
          [
            79.320366,
            30.377036,
            0.0
          ],
          [
            79.320368,
            30.377477,
            0.0
          ],
          [
            79.320623,
            30.377868,
            0.0
          ],
          [
            79.320671,
            30.378308,
            0.0
          ],
          [
            79.320641,
            30.378756,
            0.0
          ],
          [
            79.320612,
            30.379201,
            0.0
          ],
          [
            79.32068,
            30.379647,
            0.0
          ],
          [
            79.320766,
            30.38009,
            0.0
          ],
          [
            79.320821,
            30.380537,
            0.0
          ],
          [
            79.320869,
            30.380984,
            0.0
          ],
          [
            79.32123,
            30.381253,
            0.0
          ],
          [
            79.321666,
            30.381476,
            0.0
          ],
          [
            79.321859,
            30.381852,
            0.0
          ],
          [
            79.321676,
            30.382272,
            0.0
          ],
          [
            79.321679,
            30.382687,
            0.0
          ],
          [
            79.32193,
            30.38308,
            0.0
          ],
          [
            79.3221,
            30.383504,
            0.0
          ],
          [
            79.322245,
            30.383936,
            0.0
          ],
          [
            79.32239,
            30.384366,
            0.0
          ],
          [
            79.32268,
            30.384739,
            0.0
          ],
          [
            79.32299,
            30.3851,
            0.0
          ],
          [
            79.323348,
            30.385427,
            0.0
          ],
          [
            79.323626,
            30.385801,
            0.0
          ],
          [
            79.323641,
            30.386247,
            0.0
          ],
          [
            79.323562,
            30.386692,
            0.0
          ],
          [
            79.323374,
            30.387098,
            0.0
          ],
          [
            79.323175,
            30.387501,
            0.0
          ],
          [
            79.323384,
            30.387897,
            0.0
          ],
          [
            79.323751,
            30.388207,
            0.0
          ],
          [
            79.32393,
            30.388583,
            0.0
          ],
          [
            79.323762,
            30.389003,
            0.0
          ],
          [
            79.323831,
            30.389446,
            0.0
          ],
          [
            79.324017,
            30.389865,
            0.0
          ],
          [
            79.323978,
            30.390305,
            0.0
          ],
          [
            79.32378,
            30.39072,
            0.0
          ],
          [
            79.323548,
            30.391122,
            0.0
          ],
          [
            79.323392,
            30.391548,
            0.0
          ],
          [
            79.323327,
            30.391993,
            0.0
          ],
          [
            79.323413,
            30.39243,
            0.0
          ],
          [
            79.323734,
            30.392777,
            0.0
          ],
          [
            79.324099,
            30.393097,
            0.0
          ],
          [
            79.324317,
            30.393505,
            0.0
          ],
          [
            79.324639,
            30.393854,
            0.0
          ],
          [
            79.324927,
            30.394226,
            0.0
          ],
          [
            79.325173,
            30.394619,
            0.0
          ],
          [
            79.325556,
            30.394919,
            0.0
          ],
          [
            79.325964,
            30.395197,
            0.0
          ],
          [
            79.326356,
            30.395492,
            0.0
          ],
          [
            79.326651,
            30.395858,
            0.0
          ],
          [
            79.326953,
            30.396223,
            0.0
          ],
          [
            79.327337,
            30.396527,
            0.0
          ],
          [
            79.327743,
            30.396806,
            0.0
          ],
          [
            79.32815,
            30.397087,
            0.0
          ],
          [
            79.328505,
            30.397414,
            0.0
          ],
          [
            79.328465,
            30.397852,
            0.0
          ],
          [
            79.328664,
            30.398263,
            0.0
          ],
          [
            79.328942,
            30.39864,
            0.0
          ],
          [
            79.329152,
            30.39905,
            0.0
          ],
          [
            79.329428,
            30.399425,
            0.0
          ],
          [
            79.329783,
            30.399753,
            0.0
          ],
          [
            79.330134,
            30.400082,
            0.0
          ],
          [
            79.330434,
            30.400439,
            0.0
          ],
          [
            79.330772,
            30.400774,
            0.0
          ],
          [
            79.330951,
            30.401194,
            0.0
          ],
          [
            79.331081,
            30.401628,
            0.0
          ],
          [
            79.331176,
            30.40207,
            0.0
          ],
          [
            79.33123,
            30.402515,
            0.0
          ],
          [
            79.331034,
            30.402923,
            0.0
          ],
          [
            79.330751,
            30.403299,
            0.0
          ],
          [
            79.330578,
            30.403723,
            0.0
          ],
          [
            79.330534,
            30.404163,
            0.0
          ],
          [
            79.330839,
            30.404521,
            0.0
          ],
          [
            79.331297,
            30.404721,
            0.0
          ],
          [
            79.331795,
            30.404846,
            0.0
          ],
          [
            79.332296,
            30.404949,
            0.0
          ],
          [
            79.332792,
            30.405074,
            0.0
          ],
          [
            79.333271,
            30.405247,
            0.0
          ],
          [
            79.333785,
            30.405306,
            0.0
          ],
          [
            79.33427,
            30.405165,
            0.0
          ],
          [
            79.334764,
            30.405024,
            0.0
          ],
          [
            79.335265,
            30.40492,
            0.0
          ],
          [
            79.335767,
            30.404823,
            0.0
          ],
          [
            79.336269,
            30.40472,
            0.0
          ],
          [
            79.336787,
            30.404698,
            0.0
          ],
          [
            79.337303,
            30.404742,
            0.0
          ],
          [
            79.337813,
            30.404835,
            0.0
          ],
          [
            79.338322,
            30.404822,
            0.0
          ],
          [
            79.338813,
            30.40469,
            0.0
          ],
          [
            79.339197,
            30.404957,
            0.0
          ],
          [
            79.339706,
            30.404951,
            0.0
          ],
          [
            79.340224,
            30.40491,
            0.0
          ],
          [
            79.340742,
            30.40486,
            0.0
          ],
          [
            79.341081,
            30.405142,
            0.0
          ],
          [
            79.341483,
            30.405416,
            0.0
          ],
          [
            79.341943,
            30.405622,
            0.0
          ],
          [
            79.342409,
            30.405814,
            0.0
          ],
          [
            79.342892,
            30.40598,
            0.0
          ],
          [
            79.34332,
            30.406226,
            0.0
          ],
          [
            79.343756,
            30.406471,
            0.0
          ],
          [
            79.344263,
            30.406549,
            0.0
          ],
          [
            79.344784,
            30.40657,
            0.0
          ],
          [
            79.345302,
            30.406571,
            0.0
          ],
          [
            79.345807,
            30.406623,
            0.0
          ],
          [
            79.346267,
            30.406835,
            0.0
          ],
          [
            79.34675,
            30.407,
            0.0
          ],
          [
            79.347149,
            30.407288,
            0.0
          ],
          [
            79.347604,
            30.407472,
            0.0
          ],
          [
            79.347999,
            30.407196,
            0.0
          ],
          [
            79.348479,
            30.407075,
            0.0
          ],
          [
            79.34898,
            30.406957,
            0.0
          ],
          [
            79.349273,
            30.406596,
            0.0
          ],
          [
            79.349493,
            30.406188,
            0.0
          ],
          [
            79.349741,
            30.405795,
            0.0
          ],
          [
            79.350061,
            30.405451,
            0.0
          ],
          [
            79.350542,
            30.405286,
            0.0
          ],
          [
            79.351055,
            30.405208,
            0.0
          ],
          [
            79.351567,
            30.405125,
            0.0
          ],
          [
            79.352085,
            30.405096,
            0.0
          ],
          [
            79.3526,
            30.40516,
            0.0
          ],
          [
            79.353101,
            30.405278,
            0.0
          ],
          [
            79.353568,
            30.405474,
            0.0
          ],
          [
            79.35401,
            30.405709,
            0.0
          ],
          [
            79.354506,
            30.405805,
            0.0
          ],
          [
            79.355024,
            30.405808,
            0.0
          ],
          [
            79.355525,
            30.405934,
            0.0
          ],
          [
            79.356013,
            30.406089,
            0.0
          ],
          [
            79.356463,
            30.406309,
            0.0
          ],
          [
            79.35693,
            30.406506,
            0.0
          ],
          [
            79.357429,
            30.406637,
            0.0
          ],
          [
            79.357928,
            30.406766,
            0.0
          ],
          [
            79.358444,
            30.40682,
            0.0
          ],
          [
            79.358962,
            30.40683,
            0.0
          ],
          [
            79.359477,
            30.406832,
            0.0
          ],
          [
            79.359848,
            30.407121,
            0.0
          ],
          [
            79.360336,
            30.40726,
            0.0
          ],
          [
            79.3608,
            30.407466,
            0.0
          ],
          [
            79.361264,
            30.407671,
            0.0
          ],
          [
            79.361727,
            30.407877,
            0.0
          ],
          [
            79.362204,
            30.408057,
            0.0
          ],
          [
            79.362688,
            30.408222,
            0.0
          ],
          [
            79.363164,
            30.408404,
            0.0
          ],
          [
            79.363641,
            30.408587,
            0.0
          ],
          [
            79.364097,
            30.408804,
            0.0
          ],
          [
            79.364478,
            30.40911,
            0.0
          ],
          [
            79.364783,
            30.409472,
            0.0
          ],
          [
            79.365052,
            30.409857,
            0.0
          ],
          [
            79.365367,
            30.410213,
            0.0
          ],
          [
            79.36533,
            30.41065,
            0.0
          ],
          [
            79.365224,
            30.411089,
            0.0
          ],
          [
            79.365209,
            30.411537,
            0.0
          ],
          [
            79.365314,
            30.411972,
            0.0
          ],
          [
            79.365574,
            30.412358,
            0.0
          ],
          [
            79.366055,
            30.412518,
            0.0
          ],
          [
            79.366567,
            30.412582,
            0.0
          ],
          [
            79.367082,
            30.412519,
            0.0
          ],
          [
            79.367567,
            30.412363,
            0.0
          ],
          [
            79.368012,
            30.41213,
            0.0
          ],
          [
            79.368498,
            30.41197,
            0.0
          ],
          [
            79.368988,
            30.41183,
            0.0
          ],
          [
            79.36951,
            30.411826,
            0.0
          ],
          [
            79.370031,
            30.411821,
            0.0
          ],
          [
            79.370549,
            30.411859,
            0.0
          ],
          [
            79.37105,
            30.41198,
            0.0
          ],
          [
            79.371553,
            30.412096,
            0.0
          ],
          [
            79.37206,
            30.41219,
            0.0
          ],
          [
            79.37257,
            30.41211,
            0.0
          ],
          [
            79.373065,
            30.411971,
            0.0
          ],
          [
            79.37346,
            30.411693,
            0.0
          ],
          [
            79.373738,
            30.411314,
            0.0
          ],
          [
            79.374069,
            30.410976,
            0.0
          ],
          [
            79.374491,
            30.410711,
            0.0
          ],
          [
            79.374917,
            30.410452,
            0.0
          ],
          [
            79.375344,
            30.410194,
            0.0
          ],
          [
            79.37577,
            30.409935,
            0.0
          ],
          [
            79.376206,
            30.409689,
            0.0
          ],
          [
            79.376646,
            30.409447,
            0.0
          ],
          [
            79.377085,
            30.409204,
            0.0
          ],
          [
            79.377515,
            30.40895,
            0.0
          ],
          [
            79.377935,
            30.408684,
            0.0
          ],
          [
            79.378356,
            30.408418,
            0.0
          ],
          [
            79.37879,
            30.40817,
            0.0
          ],
          [
            79.379252,
            30.407963,
            0.0
          ],
          [
            79.3797,
            30.407735,
            0.0
          ],
          [
            79.38016,
            30.407526,
            0.0
          ],
          [
            79.380633,
            30.407337,
            0.0
          ],
          [
            79.381133,
            30.407231,
            0.0
          ],
          [
            79.381653,
            30.407265,
            0.0
          ],
          [
            79.382173,
            30.407302,
            0.0
          ],
          [
            79.382693,
            30.407325,
            0.0
          ],
          [
            79.383213,
            30.407302,
            0.0
          ],
          [
            79.383733,
            30.407268,
            0.0
          ],
          [
            79.384252,
            30.407222,
            0.0
          ],
          [
            79.384773,
            30.407214,
            0.0
          ],
          [
            79.385294,
            30.407217,
            0.0
          ],
          [
            79.385813,
            30.40718,
            0.0
          ],
          [
            79.386334,
            30.40718,
            0.0
          ],
          [
            79.386849,
            30.407216,
            0.0
          ],
          [
            79.38736,
            30.407306,
            0.0
          ],
          [
            79.38788,
            30.40729,
            0.0
          ],
          [
            79.388277,
            30.407522,
            0.0
          ],
          [
            79.388599,
            30.407874,
            0.0
          ],
          [
            79.388917,
            30.408226,
            0.0
          ],
          [
            79.389146,
            30.408624,
            0.0
          ],
          [
            79.389071,
            30.409067,
            0.0
          ],
          [
            79.389239,
            30.409485,
            0.0
          ],
          [
            79.389404,
            30.409909,
            0.0
          ],
          [
            79.389502,
            30.41035,
            0.0
          ],
          [
            79.38967,
            30.4107,
            0.0
          ],
          [
            79.389734,
            30.410275,
            0.0
          ],
          [
            79.389667,
            30.40983,
            0.0
          ],
          [
            79.38953,
            30.409398,
            0.0
          ],
          [
            79.389771,
            30.409033,
            0.0
          ],
          [
            79.389907,
            30.409169,
            0.0
          ],
          [
            79.389745,
            30.40955,
            0.0
          ],
          [
            79.389893,
            30.40998,
            0.0
          ],
          [
            79.390041,
            30.410411,
            0.0
          ],
          [
            79.390149,
            30.410848,
            0.0
          ],
          [
            79.390135,
            30.411297,
            0.0
          ],
          [
            79.390351,
            30.411673,
            0.0
          ],
          [
            79.390828,
            30.411844,
            0.0
          ],
          [
            79.391296,
            30.412039,
            0.0
          ],
          [
            79.391761,
            30.412243,
            0.0
          ],
          [
            79.392247,
            30.412401,
            0.0
          ],
          [
            79.39275,
            30.41252,
            0.0
          ],
          [
            79.393241,
            30.412661,
            0.0
          ],
          [
            79.393663,
            30.412921,
            0.0
          ],
          [
            79.394151,
            30.412854,
            0.0
          ],
          [
            79.394603,
            30.412634,
            0.0
          ],
          [
            79.395073,
            30.41244,
            0.0
          ],
          [
            79.395543,
            30.412245,
            0.0
          ],
          [
            79.395955,
            30.411986,
            0.0
          ],
          [
            79.396343,
            30.411689,
            0.0
          ],
          [
            79.396847,
            30.411629,
            0.0
          ],
          [
            79.397367,
            30.411655,
            0.0
          ],
          [
            79.397888,
            30.411666,
            0.0
          ],
          [
            79.398408,
            30.411677,
            0.0
          ],
          [
            79.398924,
            30.411736,
            0.0
          ],
          [
            79.399438,
            30.411813,
            0.0
          ],
          [
            79.399952,
            30.411891,
            0.0
          ],
          [
            79.400465,
            30.411968,
            0.0
          ],
          [
            79.400937,
            30.412153,
            0.0
          ],
          [
            79.401423,
            30.412317,
            0.0
          ],
          [
            79.4019,
            30.412494,
            0.0
          ],
          [
            79.402383,
            30.41238,
            0.0
          ],
          [
            79.402899,
            30.41233,
            0.0
          ],
          [
            79.403412,
            30.412391,
            0.0
          ],
          [
            79.403856,
            30.412617,
            0.0
          ],
          [
            79.404368,
            30.412662,
            0.0
          ],
          [
            79.404881,
            30.412587,
            0.0
          ],
          [
            79.405395,
            30.41252,
            0.0
          ],
          [
            79.405915,
            30.412505,
            0.0
          ],
          [
            79.406434,
            30.41252,
            0.0
          ],
          [
            79.406952,
            30.41257,
            0.0
          ],
          [
            79.407471,
            30.41258,
            0.0
          ],
          [
            79.407983,
            30.412655,
            0.0
          ],
          [
            79.408441,
            30.412852,
            0.0
          ],
          [
            79.40885,
            30.41313,
            0.0
          ],
          [
            79.409311,
            30.413325,
            0.0
          ],
          [
            79.409793,
            30.413195,
            0.0
          ],
          [
            79.410151,
            30.412872,
            0.0
          ],
          [
            79.410633,
            30.412708,
            0.0
          ],
          [
            79.411086,
            30.412492,
            0.0
          ],
          [
            79.411525,
            30.412256,
            0.0
          ],
          [
            79.412026,
            30.412137,
            0.0
          ],
          [
            79.412494,
            30.411956,
            0.0
          ],
          [
            79.412838,
            30.411618,
            0.0
          ],
          [
            79.413197,
            30.411294,
            0.0
          ],
          [
            79.413649,
            30.411071,
            0.0
          ],
          [
            79.41413,
            30.410901,
            0.0
          ],
          [
            79.414637,
            30.4108,
            0.0
          ],
          [
            79.415152,
            30.410855,
            0.0
          ],
          [
            79.415671,
            30.410874,
            0.0
          ],
          [
            79.416186,
            30.410915,
            0.0
          ],
          [
            79.416492,
            30.411266,
            0.0
          ],
          [
            79.416793,
            30.411633,
            0.0
          ],
          [
            79.417056,
            30.412007,
            0.0
          ],
          [
            79.417081,
            30.412454,
            0.0
          ],
          [
            79.417232,
            30.412884,
            0.0
          ],
          [
            79.417464,
            30.41328,
            0.0
          ],
          [
            79.417837,
            30.413594,
            0.0
          ],
          [
            79.418162,
            30.413942,
            0.0
          ],
          [
            79.41861,
            30.414165,
            0.0
          ],
          [
            79.419038,
            30.414419,
            0.0
          ],
          [
            79.419387,
            30.414746,
            0.0
          ],
          [
            79.419652,
            30.415132,
            0.0
          ],
          [
            79.419923,
            30.415516,
            0.0
          ],
          [
            79.420153,
            30.415918,
            0.0
          ],
          [
            79.420442,
            30.416291,
            0.0
          ],
          [
            79.42086,
            30.416558,
            0.0
          ],
          [
            79.421283,
            30.416814,
            0.0
          ],
          [
            79.421743,
            30.417019,
            0.0
          ],
          [
            79.422181,
            30.416842,
            0.0
          ],
          [
            79.422572,
            30.416547,
            0.0
          ],
          [
            79.423043,
            30.416396,
            0.0
          ],
          [
            79.423562,
            30.416383,
            0.0
          ],
          [
            79.424055,
            30.416521,
            0.0
          ],
          [
            79.42452,
            30.416712,
            0.0
          ],
          [
            79.424992,
            30.416885,
            0.0
          ],
          [
            79.42533,
            30.417203,
            0.0
          ],
          [
            79.425385,
            30.417643,
            0.0
          ],
          [
            79.425872,
            30.417744,
            0.0
          ],
          [
            79.426346,
            30.417912,
            0.0
          ],
          [
            79.42674,
            30.418199,
            0.0
          ],
          [
            79.427234,
            30.418173,
            0.0
          ],
          [
            79.427595,
            30.417863,
            0.0
          ],
          [
            79.428019,
            30.417928,
            0.0
          ],
          [
            79.42843,
            30.41819,
            0.0
          ],
          [
            79.428944,
            30.418241,
            0.0
          ],
          [
            79.429429,
            30.418395,
            0.0
          ],
          [
            79.429873,
            30.418631,
            0.0
          ],
          [
            79.430267,
            30.418918,
            0.0
          ],
          [
            79.430577,
            30.419257,
            0.0
          ],
          [
            79.430396,
            30.419642,
            0.0
          ],
          [
            79.429883,
            30.419659,
            0.0
          ],
          [
            79.429374,
            30.419596,
            0.0
          ],
          [
            79.428854,
            30.41961,
            0.0
          ],
          [
            79.428333,
            30.419593,
            0.0
          ],
          [
            79.427814,
            30.419613,
            0.0
          ],
          [
            79.427301,
            30.419692,
            0.0
          ],
          [
            79.426792,
            30.419786,
            0.0
          ],
          [
            79.426279,
            30.41986,
            0.0
          ],
          [
            79.425758,
            30.419865,
            0.0
          ],
          [
            79.425276,
            30.420017,
            0.0
          ],
          [
            79.42478,
            30.420078,
            0.0
          ],
          [
            79.424271,
            30.41998,
            0.0
          ],
          [
            79.423779,
            30.419833,
            0.0
          ],
          [
            79.423285,
            30.419738,
            0.0
          ],
          [
            79.423113,
            30.420137,
            0.0
          ],
          [
            79.423157,
            30.420584,
            0.0
          ],
          [
            79.423277,
            30.421018,
            0.0
          ],
          [
            79.42368,
            30.42127,
            0.0
          ],
          [
            79.424159,
            30.421432,
            0.0
          ],
          [
            79.424184,
            30.421858,
            0.0
          ],
          [
            79.424103,
            30.4223,
            0.0
          ],
          [
            79.424256,
            30.422718,
            0.0
          ],
          [
            79.424586,
            30.423066,
            0.0
          ],
          [
            79.424898,
            30.423423,
            0.0
          ],
          [
            79.424821,
            30.423847,
            0.0
          ],
          [
            79.424934,
            30.424249,
            0.0
          ],
          [
            79.425366,
            30.424491,
            0.0
          ],
          [
            79.425831,
            30.424692,
            0.0
          ],
          [
            79.426229,
            30.424976,
            0.0
          ],
          [
            79.426502,
            30.425356,
            0.0
          ],
          [
            79.426847,
            30.425688,
            0.0
          ],
          [
            79.427348,
            30.425803,
            0.0
          ],
          [
            79.427869,
            30.42581,
            0.0
          ],
          [
            79.428343,
            30.425653,
            0.0
          ],
          [
            79.428545,
            30.425968,
            0.0
          ],
          [
            79.428244,
            30.426281,
            0.0
          ],
          [
            79.427872,
            30.426584,
            0.0
          ],
          [
            79.427668,
            30.426996,
            0.0
          ],
          [
            79.427555,
            30.427435,
            0.0
          ],
          [
            79.427436,
            30.427872,
            0.0
          ],
          [
            79.427182,
            30.428264,
            0.0
          ],
          [
            79.42724,
            30.428676,
            0.0
          ],
          [
            79.427542,
            30.429043,
            0.0
          ],
          [
            79.427843,
            30.42941,
            0.0
          ],
          [
            79.428104,
            30.429796,
            0.0
          ],
          [
            79.428445,
            30.430136,
            0.0
          ],
          [
            79.428801,
            30.430465,
            0.0
          ],
          [
            79.429189,
            30.430762,
            0.0
          ],
          [
            79.429442,
            30.431153,
            0.0
          ],
          [
            79.4298,
            30.431474,
            0.0
          ],
          [
            79.430219,
            30.431739,
            0.0
          ],
          [
            79.430707,
            30.431898,
            0.0
          ],
          [
            79.431195,
            30.432057,
            0.0
          ],
          [
            79.431696,
            30.432125,
            0.0
          ],
          [
            79.432186,
            30.432196,
            0.0
          ],
          [
            79.432185,
            30.432619,
            0.0
          ],
          [
            79.43177,
            30.432879,
            0.0
          ],
          [
            79.431399,
            30.433181,
            0.0
          ],
          [
            79.431093,
            30.433504,
            0.0
          ],
          [
            79.430594,
            30.433413,
            0.0
          ],
          [
            79.43014,
            30.433194,
            0.0
          ],
          [
            79.42968,
            30.432988,
            0.0
          ],
          [
            79.42917,
            30.43292,
            0.0
          ],
          [
            79.42871,
            30.433106,
            0.0
          ],
          [
            79.428329,
            30.43341,
            0.0
          ],
          [
            79.428128,
            30.433822,
            0.0
          ],
          [
            79.428109,
            30.43427,
            0.0
          ],
          [
            79.428086,
            30.434719,
            0.0
          ],
          [
            79.427912,
            30.435141,
            0.0
          ],
          [
            79.42786,
            30.435582,
            0.0
          ],
          [
            79.42804,
            30.435992,
            0.0
          ],
          [
            79.428461,
            30.436254,
            0.0
          ],
          [
            79.428773,
            30.436614,
            0.0
          ],
          [
            79.429066,
            30.436985,
            0.0
          ],
          [
            79.429169,
            30.437423,
            0.0
          ],
          [
            79.429358,
            30.43784,
            0.0
          ],
          [
            79.429293,
            30.438271,
            0.0
          ],
          [
            79.42909,
            30.438682,
            0.0
          ],
          [
            79.429073,
            30.439124,
            0.0
          ],
          [
            79.429362,
            30.439492,
            0.0
          ],
          [
            79.429702,
            30.439832,
            0.0
          ],
          [
            79.430026,
            30.440182,
            0.0
          ],
          [
            79.430001,
            30.440622,
            0.0
          ],
          [
            79.42992,
            30.441061,
            0.0
          ],
          [
            79.4301,
            30.441481,
            0.0
          ],
          [
            79.430198,
            30.441917,
            0.0
          ],
          [
            79.429843,
            30.442239,
            0.0
          ],
          [
            79.429468,
            30.442552,
            0.0
          ],
          [
            79.429097,
            30.442865,
            0.0
          ],
          [
            79.428702,
            30.443136,
            0.0
          ],
          [
            79.428698,
            30.443583,
            0.0
          ],
          [
            79.42885,
            30.444004,
            0.0
          ],
          [
            79.429086,
            30.444405,
            0.0
          ],
          [
            79.42928,
            30.444822,
            0.0
          ],
          [
            79.429508,
            30.445225,
            0.0
          ],
          [
            79.429739,
            30.445623,
            0.0
          ],
          [
            79.429761,
            30.44607,
            0.0
          ],
          [
            79.42974,
            30.446519,
            0.0
          ],
          [
            79.429631,
            30.446954,
            0.0
          ],
          [
            79.429458,
            30.447378,
            0.0
          ],
          [
            79.429263,
            30.447793,
            0.0
          ],
          [
            79.429303,
            30.448176,
            0.0
          ],
          [
            79.429215,
            30.448565,
            0.0
          ],
          [
            79.42897,
            30.448956,
            0.0
          ],
          [
            79.428927,
            30.449403,
            0.0
          ],
          [
            79.428828,
            30.449844,
            0.0
          ],
          [
            79.42873,
            30.450285,
            0.0
          ],
          [
            79.428965,
            30.450665,
            0.0
          ],
          [
            79.42937,
            30.450941,
            0.0
          ],
          [
            79.429374,
            30.451388,
            0.0
          ],
          [
            79.429252,
            30.451819,
            0.0
          ],
          [
            79.428943,
            30.452181,
            0.0
          ],
          [
            79.42867,
            30.452547,
            0.0
          ],
          [
            79.428742,
            30.452989,
            0.0
          ],
          [
            79.428725,
            30.453437,
            0.0
          ],
          [
            79.428765,
            30.453886,
            0.0
          ],
          [
            79.428954,
            30.454288,
            0.0
          ],
          [
            79.429282,
            30.454637,
            0.0
          ],
          [
            79.429581,
            30.455001,
            0.0
          ],
          [
            79.429658,
            30.455444,
            0.0
          ],
          [
            79.42948,
            30.455856,
            0.0
          ],
          [
            79.429521,
            30.456272,
            0.0
          ],
          [
            79.429753,
            30.456673,
            0.0
          ],
          [
            79.43001,
            30.457063,
            0.0
          ],
          [
            79.430223,
            30.457474,
            0.0
          ],
          [
            79.430356,
            30.457908,
            0.0
          ],
          [
            79.430627,
            30.458281,
            0.0
          ],
          [
            79.430957,
            30.458625,
            0.0
          ],
          [
            79.431408,
            30.458829,
            0.0
          ],
          [
            79.431731,
            30.45916,
            0.0
          ],
          [
            79.431881,
            30.459578,
            0.0
          ],
          [
            79.432141,
            30.45996,
            0.0
          ],
          [
            79.432202,
            30.460398,
            0.0
          ],
          [
            79.432341,
            30.460824,
            0.0
          ],
          [
            79.432398,
            30.461269,
            0.0
          ],
          [
            79.43256,
            30.461694,
            0.0
          ],
          [
            79.432784,
            30.462099,
            0.0
          ],
          [
            79.432988,
            30.462511,
            0.0
          ],
          [
            79.433209,
            30.462916,
            0.0
          ],
          [
            79.433575,
            30.463222,
            0.0
          ],
          [
            79.43395,
            30.463499,
            0.0
          ],
          [
            79.433876,
            30.463942,
            0.0
          ],
          [
            79.434183,
            30.464288,
            0.0
          ],
          [
            79.434587,
            30.464572,
            0.0
          ],
          [
            79.434863,
            30.464949,
            0.0
          ],
          [
            79.435113,
            30.465343,
            0.0
          ],
          [
            79.435392,
            30.465722,
            0.0
          ],
          [
            79.43575,
            30.466039,
            0.0
          ],
          [
            79.436146,
            30.466332,
            0.0
          ],
          [
            79.436543,
            30.466624,
            0.0
          ],
          [
            79.436989,
            30.46685,
            0.0
          ],
          [
            79.437505,
            30.466914,
            0.0
          ],
          [
            79.438007,
            30.467025,
            0.0
          ],
          [
            79.438509,
            30.46713,
            0.0
          ],
          [
            79.43902,
            30.467052,
            0.0
          ],
          [
            79.439524,
            30.466954,
            0.0
          ],
          [
            79.440027,
            30.467053,
            0.0
          ],
          [
            79.440491,
            30.467259,
            0.0
          ],
          [
            79.440939,
            30.467486,
            0.0
          ],
          [
            79.441336,
            30.467777,
            0.0
          ],
          [
            79.441752,
            30.46804,
            0.0
          ],
          [
            79.442226,
            30.468227,
            0.0
          ],
          [
            79.442709,
            30.468384,
            0.0
          ],
          [
            79.443161,
            30.468606,
            0.0
          ],
          [
            79.443652,
            30.468717,
            0.0
          ],
          [
            79.444154,
            30.468613,
            0.0
          ],
          [
            79.444643,
            30.468459,
            0.0
          ],
          [
            79.445032,
            30.468168,
            0.0
          ],
          [
            79.44523,
            30.467766,
            0.0
          ],
          [
            79.445321,
            30.467324,
            0.0
          ],
          [
            79.44539,
            30.46688,
            0.0
          ],
          [
            79.445319,
            30.466436,
            0.0
          ],
          [
            79.44532,
            30.465987,
            0.0
          ],
          [
            79.445175,
            30.465574,
            0.0
          ],
          [
            79.444791,
            30.465281,
            0.0
          ],
          [
            79.444631,
            30.464854,
            0.0
          ],
          [
            79.44473,
            30.464425,
            0.0
          ],
          [
            79.444995,
            30.464039,
            0.0
          ],
          [
            79.445113,
            30.463607,
            0.0
          ],
          [
            79.444939,
            30.463185,
            0.0
          ],
          [
            79.4447,
            30.462787,
            0.0
          ],
          [
            79.444431,
            30.462402,
            0.0
          ],
          [
            79.4447,
            30.462075,
            0.0
          ],
          [
            79.445161,
            30.462167,
            0.0
          ],
          [
            79.445589,
            30.462425,
            0.0
          ],
          [
            79.446045,
            30.462642,
            0.0
          ],
          [
            79.446508,
            30.462848,
            0.0
          ],
          [
            79.446972,
            30.463054,
            0.0
          ],
          [
            79.447174,
            30.463441,
            0.0
          ],
          [
            79.447229,
            30.463888,
            0.0
          ],
          [
            79.447365,
            30.464225,
            0.0
          ],
          [
            79.447446,
            30.463798,
            0.0
          ],
          [
            79.44749,
            30.463351,
            0.0
          ],
          [
            79.447498,
            30.462903,
            0.0
          ],
          [
            79.44717,
            30.462615,
            0.0
          ],
          [
            79.446653,
            30.462607,
            0.0
          ],
          [
            79.446224,
            30.462378,
            0.0
          ],
          [
            79.445817,
            30.462103,
            0.0
          ],
          [
            79.445477,
            30.461784,
            0.0
          ],
          [
            79.445534,
            30.461341,
            0.0
          ],
          [
            79.445386,
            30.460924,
            0.0
          ],
          [
            79.445697,
            30.461127,
            0.0
          ],
          [
            79.44567,
            30.461572,
            0.0
          ],
          [
            79.445904,
            30.461902,
            0.0
          ],
          [
            79.44636,
            30.462111,
            0.0
          ],
          [
            79.446761,
            30.462366,
            0.0
          ],
          [
            79.446671,
            30.462059,
            0.0
          ],
          [
            79.446306,
            30.461747,
            0.0
          ],
          [
            79.446104,
            30.461334,
            0.0
          ],
          [
            79.446148,
            30.460923,
            0.0
          ],
          [
            79.446481,
            30.461199,
            0.0
          ],
          [
            79.446707,
            30.461601,
            0.0
          ],
          [
            79.447146,
            30.461774,
            0.0
          ],
          [
            79.447651,
            30.46186,
            0.0
          ],
          [
            79.448067,
            30.462119,
            0.0
          ],
          [
            79.448286,
            30.462522,
            0.0
          ],
          [
            79.448719,
            30.462767,
            0.0
          ],
          [
            79.44891,
            30.463168,
            0.0
          ],
          [
            79.44892,
            30.463614,
            0.0
          ],
          [
            79.44891,
            30.464063,
            0.0
          ],
          [
            79.449071,
            30.464473,
            0.0
          ],
          [
            79.449509,
            30.464716,
            0.0
          ],
          [
            79.449841,
            30.465057,
            0.0
          ],
          [
            79.4502,
            30.46538,
            0.0
          ],
          [
            79.450517,
            30.465736,
            0.0
          ],
          [
            79.450902,
            30.466,
            0.0
          ],
          [
            79.451386,
            30.465844,
            0.0
          ],
          [
            79.451847,
            30.465962,
            0.0
          ],
          [
            79.45232,
            30.466025,
            0.0
          ],
          [
            79.452781,
            30.465814,
            0.0
          ],
          [
            79.453237,
            30.4656,
            0.0
          ],
          [
            79.453743,
            30.4655,
            0.0
          ],
          [
            79.454245,
            30.465416,
            0.0
          ],
          [
            79.454759,
            30.465455,
            0.0
          ],
          [
            79.455259,
            30.465545,
            0.0
          ],
          [
            79.455778,
            30.465509,
            0.0
          ],
          [
            79.456258,
            30.465338,
            0.0
          ],
          [
            79.456759,
            30.46525,
            0.0
          ],
          [
            79.457243,
            30.465379,
            0.0
          ],
          [
            79.457651,
            30.465651,
            0.0
          ],
          [
            79.457873,
            30.46605,
            0.0
          ],
          [
            79.458218,
            30.466386,
            0.0
          ],
          [
            79.458136,
            30.466813,
            0.0
          ],
          [
            79.458121,
            30.467241,
            0.0
          ],
          [
            79.458513,
            30.467533,
            0.0
          ],
          [
            79.458926,
            30.4678,
            0.0
          ],
          [
            79.459429,
            30.467915,
            0.0
          ],
          [
            79.459911,
            30.468062,
            0.0
          ],
          [
            79.460045,
            30.468465,
            0.0
          ],
          [
            79.45992,
            30.4689,
            0.0
          ],
          [
            79.459783,
            30.469333,
            0.0
          ],
          [
            79.459831,
            30.469776,
            0.0
          ],
          [
            79.459907,
            30.470218,
            0.0
          ],
          [
            79.459831,
            30.470658,
            0.0
          ],
          [
            79.459501,
            30.471001,
            0.0
          ],
          [
            79.459261,
            30.471397,
            0.0
          ],
          [
            79.459135,
            30.47183,
            0.0
          ],
          [
            79.459117,
            30.472276,
            0.0
          ],
          [
            79.459222,
            30.472715,
            0.0
          ],
          [
            79.459356,
            30.47315,
            0.0
          ],
          [
            79.45944,
            30.473589,
            0.0
          ],
          [
            79.459238,
            30.473999,
            0.0
          ],
          [
            79.459097,
            30.474416,
            0.0
          ],
          [
            79.459123,
            30.474858,
            0.0
          ],
          [
            79.459334,
            30.475265,
            0.0
          ],
          [
            79.459479,
            30.475695,
            0.0
          ],
          [
            79.459462,
            30.476144,
            0.0
          ],
          [
            79.459499,
            30.476591,
            0.0
          ],
          [
            79.459739,
            30.476988,
            0.0
          ],
          [
            79.460117,
            30.47725,
            0.0
          ],
          [
            79.460597,
            30.477354,
            0.0
          ],
          [
            79.46076,
            30.477773,
            0.0
          ],
          [
            79.461236,
            30.477917,
            0.0
          ],
          [
            79.46175,
            30.47792,
            0.0
          ],
          [
            79.462184,
            30.478168,
            0.0
          ],
          [
            79.462681,
            30.478243,
            0.0
          ],
          [
            79.463202,
            30.47822,
            0.0
          ],
          [
            79.463693,
            30.478363,
            0.0
          ],
          [
            79.464208,
            30.478378,
            0.0
          ],
          [
            79.464728,
            30.47836,
            0.0
          ],
          [
            79.465241,
            30.478285,
            0.0
          ],
          [
            79.465724,
            30.478135,
            0.0
          ],
          [
            79.466236,
            30.478083,
            0.0
          ],
          [
            79.466718,
            30.477965,
            0.0
          ],
          [
            79.46717,
            30.477785,
            0.0
          ],
          [
            79.467433,
            30.478147,
            0.0
          ],
          [
            79.467614,
            30.478564,
            0.0
          ],
          [
            79.46792,
            30.478906,
            0.0
          ],
          [
            79.46775,
            30.479314,
            0.0
          ],
          [
            79.467891,
            30.479741,
            0.0
          ],
          [
            79.468113,
            30.480148,
            0.0
          ],
          [
            79.46816,
            30.480579,
            0.0
          ],
          [
            79.468365,
            30.480967,
            0.0
          ],
          [
            79.468858,
            30.481106,
            0.0
          ],
          [
            79.469318,
            30.481317,
            0.0
          ],
          [
            79.469776,
            30.481527,
            0.0
          ],
          [
            79.470083,
            30.481879,
            0.0
          ],
          [
            79.47049,
            30.482137,
            0.0
          ],
          [
            79.470839,
            30.482436,
            0.0
          ],
          [
            79.470995,
            30.482851,
            0.0
          ],
          [
            79.471345,
            30.483182,
            0.0
          ],
          [
            79.471713,
            30.483489,
            0.0
          ],
          [
            79.471988,
            30.483868,
            0.0
          ],
          [
            79.472328,
            30.484205,
            0.0
          ],
          [
            79.472622,
            30.484536,
            0.0
          ],
          [
            79.472923,
            30.484831,
            0.0
          ],
          [
            79.472919,
            30.485276,
            0.0
          ],
          [
            79.473102,
            30.485692,
            0.0
          ],
          [
            79.473549,
            30.485851,
            0.0
          ],
          [
            79.474044,
            30.485943,
            0.0
          ],
          [
            79.474109,
            30.486357,
            0.0
          ],
          [
            79.474111,
            30.486774,
            0.0
          ],
          [
            79.474549,
            30.487012,
            0.0
          ],
          [
            79.474985,
            30.487254,
            0.0
          ],
          [
            79.475491,
            30.487287,
            0.0
          ],
          [
            79.475998,
            30.487186,
            0.0
          ],
          [
            79.476469,
            30.487006,
            0.0
          ],
          [
            79.476879,
            30.486738,
            0.0
          ],
          [
            79.477197,
            30.486386,
            0.0
          ],
          [
            79.477643,
            30.4862,
            0.0
          ],
          [
            79.478164,
            30.48619,
            0.0
          ],
          [
            79.478685,
            30.48619,
            0.0
          ],
          [
            79.479206,
            30.48617,
            0.0
          ],
          [
            79.479718,
            30.48609,
            0.0
          ],
          [
            79.480218,
            30.48597,
            0.0
          ],
          [
            79.48071,
            30.48582,
            0.0
          ],
          [
            79.481201,
            30.485702,
            0.0
          ],
          [
            79.481699,
            30.485806,
            0.0
          ],
          [
            79.482128,
            30.486054,
            0.0
          ],
          [
            79.48247,
            30.486393,
            0.0
          ],
          [
            79.482823,
            30.486723,
            0.0
          ],
          [
            79.483203,
            30.48703,
            0.0
          ],
          [
            79.483692,
            30.487098,
            0.0
          ],
          [
            79.484212,
            30.487094,
            0.0
          ],
          [
            79.484717,
            30.487005,
            0.0
          ],
          [
            79.485205,
            30.486845,
            0.0
          ],
          [
            79.485711,
            30.48686,
            0.0
          ],
          [
            79.486186,
            30.486725,
            0.0
          ],
          [
            79.486534,
            30.486398,
            0.0
          ],
          [
            79.48698,
            30.486168,
            0.0
          ],
          [
            79.487438,
            30.485953,
            0.0
          ],
          [
            79.487886,
            30.485723,
            0.0
          ],
          [
            79.488337,
            30.485497,
            0.0
          ],
          [
            79.488308,
            30.485724,
            0.0
          ],
          [
            79.48789,
            30.485992,
            0.0
          ],
          [
            79.48747,
            30.486259,
            0.0
          ],
          [
            79.48705,
            30.486525,
            0.0
          ],
          [
            79.486666,
            30.486818,
            0.0
          ],
          [
            79.486362,
            30.487181,
            0.0
          ],
          [
            79.486098,
            30.487564,
            0.0
          ],
          [
            79.485834,
            30.48795,
            0.0
          ],
          [
            79.485507,
            30.488267,
            0.0
          ],
          [
            79.485011,
            30.488398,
            0.0
          ],
          [
            79.484527,
            30.488556,
            0.0
          ],
          [
            79.484064,
            30.488752,
            0.0
          ],
          [
            79.483554,
            30.488831,
            0.0
          ],
          [
            79.48304,
            30.488826,
            0.0
          ],
          [
            79.48297,
            30.48904,
            0.0
          ],
          [
            79.483479,
            30.488974,
            0.0
          ],
          [
            79.483998,
            30.489007,
            0.0
          ],
          [
            79.484497,
            30.488903,
            0.0
          ],
          [
            79.484978,
            30.488732,
            0.0
          ],
          [
            79.485361,
            30.488847,
            0.0
          ],
          [
            79.484895,
            30.489023,
            0.0
          ],
          [
            79.484408,
            30.489183,
            0.0
          ],
          [
            79.483914,
            30.489322,
            0.0
          ],
          [
            79.483397,
            30.489348,
            0.0
          ],
          [
            79.482876,
            30.489327,
            0.0
          ],
          [
            79.482382,
            30.489209,
            0.0
          ],
          [
            79.481929,
            30.489015,
            0.0
          ],
          [
            79.481619,
            30.489355,
            0.0
          ],
          [
            79.481285,
            30.489696,
            0.0
          ],
          [
            79.481215,
            30.490102,
            0.0
          ],
          [
            79.481084,
            30.49053,
            0.0
          ],
          [
            79.480887,
            30.490924,
            0.0
          ],
          [
            79.481301,
            30.491176,
            0.0
          ],
          [
            79.481678,
            30.491483,
            0.0
          ],
          [
            79.482056,
            30.49179,
            0.0
          ],
          [
            79.482528,
            30.491961,
            0.0
          ],
          [
            79.483034,
            30.492068,
            0.0
          ],
          [
            79.483518,
            30.492235,
            0.0
          ],
          [
            79.483752,
            30.492579,
            0.0
          ],
          [
            79.48366,
            30.493021,
            0.0
          ],
          [
            79.483768,
            30.493452,
            0.0
          ],
          [
            79.48411,
            30.49379,
            0.0
          ],
          [
            79.48423,
            30.494214,
            0.0
          ],
          [
            79.484339,
            30.494648,
            0.0
          ],
          [
            79.484584,
            30.495034,
            0.0
          ],
          [
            79.484558,
            30.495479,
            0.0
          ],
          [
            79.484591,
            30.495921,
            0.0
          ],
          [
            79.48468,
            30.496363,
            0.0
          ],
          [
            79.484691,
            30.496805,
            0.0
          ],
          [
            79.484692,
            30.497252,
            0.0
          ],
          [
            79.484702,
            30.497702,
            0.0
          ],
          [
            79.484722,
            30.498151,
            0.0
          ],
          [
            79.484664,
            30.498591,
            0.0
          ],
          [
            79.48477,
            30.49902,
            0.0
          ],
          [
            79.485074,
            30.49938,
            0.0
          ],
          [
            79.485423,
            30.499714,
            0.0
          ],
          [
            79.485687,
            30.500101,
            0.0
          ],
          [
            79.485884,
            30.500515,
            0.0
          ],
          [
            79.486205,
            30.500859,
            0.0
          ],
          [
            79.486295,
            30.501266,
            0.0
          ],
          [
            79.486093,
            30.501678,
            0.0
          ],
          [
            79.48608,
            30.502125,
            0.0
          ],
          [
            79.485989,
            30.502564,
            0.0
          ],
          [
            79.485854,
            30.502997,
            0.0
          ],
          [
            79.485655,
            30.503403,
            0.0
          ],
          [
            79.485365,
            30.503759,
            0.0
          ],
          [
            79.48525,
            30.504188,
            0.0
          ],
          [
            79.485558,
            30.504543,
            0.0
          ],
          [
            79.485829,
            30.504926,
            0.0
          ],
          [
            79.486112,
            30.505302,
            0.0
          ],
          [
            79.486498,
            30.505603,
            0.0
          ],
          [
            79.486959,
            30.505783,
            0.0
          ],
          [
            79.48744,
            30.505893,
            0.0
          ],
          [
            79.487704,
            30.506279,
            0.0
          ],
          [
            79.488086,
            30.506575,
            0.0
          ],
          [
            79.488575,
            30.50672,
            0.0
          ],
          [
            79.489085,
            30.506809,
            0.0
          ],
          [
            79.489571,
            30.506943,
            0.0
          ],
          [
            79.489826,
            30.507318,
            0.0
          ],
          [
            79.490052,
            30.507718,
            0.0
          ],
          [
            79.490433,
            30.508013,
            0.0
          ],
          [
            79.490916,
            30.508182,
            0.0
          ],
          [
            79.491395,
            30.508358,
            0.0
          ],
          [
            79.491523,
            30.508695,
            0.0
          ],
          [
            79.491101,
            30.508954,
            0.0
          ],
          [
            79.491045,
            30.509362,
            0.0
          ],
          [
            79.491215,
            30.509779,
            0.0
          ],
          [
            79.49127,
            30.510225,
            0.0
          ],
          [
            79.491401,
            30.510656,
            0.0
          ],
          [
            79.491332,
            30.511094,
            0.0
          ],
          [
            79.491576,
            30.511484,
            0.0
          ],
          [
            79.491874,
            30.511847,
            0.0
          ],
          [
            79.492121,
            30.512242,
            0.0
          ],
          [
            79.492476,
            30.512568,
            0.0
          ],
          [
            79.492557,
            30.512998,
            0.0
          ],
          [
            79.4925,
            30.513445,
            0.0
          ],
          [
            79.492505,
            30.513889,
            0.0
          ],
          [
            79.49264,
            30.514322,
            0.0
          ],
          [
            79.492908,
            30.514707,
            0.0
          ],
          [
            79.493099,
            30.515125,
            0.0
          ],
          [
            79.493327,
            30.515529,
            0.0
          ],
          [
            79.493686,
            30.515845,
            0.0
          ],
          [
            79.494076,
            30.516116,
            0.0
          ],
          [
            79.494293,
            30.516501,
            0.0
          ],
          [
            79.494781,
            30.516655,
            0.0
          ],
          [
            79.495151,
            30.516962,
            0.0
          ],
          [
            79.495331,
            30.517383,
            0.0
          ],
          [
            79.495514,
            30.517804,
            0.0
          ],
          [
            79.495886,
            30.518076,
            0.0
          ],
          [
            79.496404,
            30.518109,
            0.0
          ],
          [
            79.496883,
            30.518259,
            0.0
          ],
          [
            79.497048,
            30.518666,
            0.0
          ],
          [
            79.497059,
            30.519115,
            0.0
          ],
          [
            79.496999,
            30.51956,
            0.0
          ],
          [
            79.496677,
            30.519909,
            0.0
          ],
          [
            79.496718,
            30.520325,
            0.0
          ],
          [
            79.497127,
            30.520602,
            0.0
          ],
          [
            79.497571,
            30.520837,
            0.0
          ],
          [
            79.497851,
            30.521201,
            0.0
          ],
          [
            79.497929,
            30.521642,
            0.0
          ],
          [
            79.497992,
            30.522085,
            0.0
          ],
          [
            79.498317,
            30.522427,
            0.0
          ],
          [
            79.498334,
            30.522856,
            0.0
          ],
          [
            79.498333,
            30.523301,
            0.0
          ],
          [
            79.498683,
            30.523601,
            0.0
          ],
          [
            79.499192,
            30.523566,
            0.0
          ],
          [
            79.499706,
            30.523492,
            0.0
          ],
          [
            79.500211,
            30.52343,
            0.0
          ],
          [
            79.500682,
            30.52325,
            0.0
          ],
          [
            79.501181,
            30.523376,
            0.0
          ],
          [
            79.501669,
            30.52352,
            0.0
          ],
          [
            79.50198,
            30.523872,
            0.0
          ],
          [
            79.502299,
            30.524223,
            0.0
          ],
          [
            79.502789,
            30.524367,
            0.0
          ],
          [
            79.503308,
            30.524345,
            0.0
          ],
          [
            79.503794,
            30.524421,
            0.0
          ],
          [
            79.504121,
            30.524766,
            0.0
          ],
          [
            79.504607,
            30.524651,
            0.0
          ],
          [
            79.50512,
            30.524657,
            0.0
          ],
          [
            79.505532,
            30.524915,
            0.0
          ],
          [
            79.505756,
            30.525315,
            0.0
          ],
          [
            79.506146,
            30.52561,
            0.0
          ],
          [
            79.506499,
            30.525921,
            0.0
          ],
          [
            79.507013,
            30.525868,
            0.0
          ],
          [
            79.507521,
            30.525771,
            0.0
          ],
          [
            79.508032,
            30.525679,
            0.0
          ],
          [
            79.508339,
            30.525912,
            0.0
          ],
          [
            79.508293,
            30.526359,
            0.0
          ],
          [
            79.508254,
            30.526806,
            0.0
          ],
          [
            79.508422,
            30.527212,
            0.0
          ],
          [
            79.508784,
            30.527534,
            0.0
          ],
          [
            79.508968,
            30.527947,
            0.0
          ],
          [
            79.509147,
            30.528365,
            0.0
          ],
          [
            79.509507,
            30.528688,
            0.0
          ],
          [
            79.509743,
            30.529076,
            0.0
          ],
          [
            79.509952,
            30.529484,
            0.0
          ],
          [
            79.510185,
            30.529885,
            0.0
          ],
          [
            79.510499,
            30.530236,
            0.0
          ],
          [
            79.510912,
            30.530511,
            0.0
          ],
          [
            79.511328,
            30.530783,
            0.0
          ],
          [
            79.511796,
            30.530981,
            0.0
          ],
          [
            79.512311,
            30.53102,
            0.0
          ],
          [
            79.512825,
            30.531069,
            0.0
          ],
          [
            79.513317,
            30.531211,
            0.0
          ],
          [
            79.513826,
            30.531303,
            0.0
          ],
          [
            79.514239,
            30.531569,
            0.0
          ],
          [
            79.514686,
            30.531792,
            0.0
          ],
          [
            79.515154,
            30.53198,
            0.0
          ],
          [
            79.51561,
            30.53219,
            0.0
          ],
          [
            79.516115,
            30.532208,
            0.0
          ],
          [
            79.516574,
            30.53237,
            0.0
          ],
          [
            79.517086,
            30.532327,
            0.0
          ],
          [
            79.517534,
            30.532545,
            0.0
          ],
          [
            79.518038,
            30.53264,
            0.0
          ],
          [
            79.518555,
            30.532587,
            0.0
          ],
          [
            79.519014,
            30.532729,
            0.0
          ],
          [
            79.519377,
            30.533052,
            0.0
          ],
          [
            79.519817,
            30.533287,
            0.0
          ],
          [
            79.520041,
            30.533685,
            0.0
          ],
          [
            79.520367,
            30.534011,
            0.0
          ],
          [
            79.520821,
            30.534087,
            0.0
          ],
          [
            79.520437,
            30.533882,
            0.0
          ],
          [
            79.52026,
            30.533497,
            0.0
          ],
          [
            79.520145,
            30.533062,
            0.0
          ],
          [
            79.519875,
            30.532679,
            0.0
          ],
          [
            79.519569,
            30.532315,
            0.0
          ],
          [
            79.519125,
            30.532129,
            0.0
          ],
          [
            79.518614,
            30.532035,
            0.0
          ],
          [
            79.518107,
            30.53193,
            0.0
          ],
          [
            79.517603,
            30.53194,
            0.0
          ],
          [
            79.51732,
            30.531609,
            0.0
          ],
          [
            79.516944,
            30.531371,
            0.0
          ],
          [
            79.516428,
            30.531432,
            0.0
          ],
          [
            79.515936,
            30.531365,
            0.0
          ],
          [
            79.515446,
            30.53124,
            0.0
          ],
          [
            79.515133,
            30.530952,
            0.0
          ],
          [
            79.514822,
            30.530594,
            0.0
          ],
          [
            79.514523,
            30.530234,
            0.0
          ],
          [
            79.514376,
            30.529807,
            0.0
          ],
          [
            79.51408,
            30.529453,
            0.0
          ],
          [
            79.513619,
            30.529264,
            0.0
          ],
          [
            79.513104,
            30.529208,
            0.0
          ],
          [
            79.51267,
            30.52906,
            0.0
          ],
          [
            79.513125,
            30.529091,
            0.0
          ],
          [
            79.51364,
            30.52915,
            0.0
          ],
          [
            79.514148,
            30.529239,
            0.0
          ],
          [
            79.514566,
            30.529502,
            0.0
          ],
          [
            79.51471,
            30.529921,
            0.0
          ],
          [
            79.514944,
            30.530305,
            0.0
          ],
          [
            79.51514,
            30.53072,
            0.0
          ],
          [
            79.515628,
            30.5308,
            0.0
          ],
          [
            79.516135,
            30.530697,
            0.0
          ],
          [
            79.516625,
            30.530546,
            0.0
          ],
          [
            79.517111,
            30.53038,
            0.0
          ],
          [
            79.51749,
            30.530508,
            0.0
          ],
          [
            79.517722,
            30.53088,
            0.0
          ],
          [
            79.518231,
            30.530969,
            0.0
          ],
          [
            79.518745,
            30.531019,
            0.0
          ],
          [
            79.519261,
            30.531086,
            0.0
          ],
          [
            79.519763,
            30.531003,
            0.0
          ],
          [
            79.520267,
            30.53089,
            0.0
          ],
          [
            79.520788,
            30.530911,
            0.0
          ],
          [
            79.521301,
            30.53093,
            0.0
          ],
          [
            79.521809,
            30.530901,
            0.0
          ],
          [
            79.522291,
            30.531074,
            0.0
          ],
          [
            79.522799,
            30.53111,
            0.0
          ],
          [
            79.523311,
            30.531041,
            0.0
          ],
          [
            79.523776,
            30.530853,
            0.0
          ],
          [
            79.524266,
            30.530834,
            0.0
          ],
          [
            79.523962,
            30.53066,
            0.0
          ],
          [
            79.523478,
            30.530817,
            0.0
          ],
          [
            79.522975,
            30.53076,
            0.0
          ],
          [
            79.522478,
            30.530623,
            0.0
          ],
          [
            79.521993,
            30.530461,
            0.0
          ],
          [
            79.521479,
            30.530464,
            0.0
          ],
          [
            79.520962,
            30.530523,
            0.0
          ],
          [
            79.52047,
            30.530415,
            0.0
          ],
          [
            79.519953,
            30.53037,
            0.0
          ],
          [
            79.519434,
            30.530408,
            0.0
          ],
          [
            79.518927,
            30.530376,
            0.0
          ],
          [
            79.518543,
            30.53012,
            0.0
          ],
          [
            79.518567,
            30.529676,
            0.0
          ],
          [
            79.518325,
            30.529289,
            0.0
          ],
          [
            79.517987,
            30.528957,
            0.0
          ],
          [
            79.517476,
            30.528975,
            0.0
          ],
          [
            79.516978,
            30.529102,
            0.0
          ],
          [
            79.51649,
            30.529254,
            0.0
          ],
          [
            79.51597,
            30.529274,
            0.0
          ],
          [
            79.515448,
            30.529279,
            0.0
          ],
          [
            79.515253,
            30.529078,
            0.0
          ],
          [
            79.515765,
            30.529097,
            0.0
          ],
          [
            79.516272,
            30.529002,
            0.0
          ],
          [
            79.516712,
            30.528789,
            0.0
          ],
          [
            79.517173,
            30.52858,
            0.0
          ],
          [
            79.517669,
            30.528447,
            0.0
          ],
          [
            79.518169,
            30.528335,
            0.0
          ],
          [
            79.518613,
            30.528526,
            0.0
          ],
          [
            79.51899,
            30.528833,
            0.0
          ],
          [
            79.51949,
            30.52893,
            0.0
          ],
          [
            79.519707,
            30.529256,
            0.0
          ],
          [
            79.520064,
            30.529444,
            0.0
          ],
          [
            79.520569,
            30.529551,
            0.0
          ],
          [
            79.521083,
            30.52952,
            0.0
          ],
          [
            79.521561,
            30.529338,
            0.0
          ],
          [
            79.522053,
            30.529188,
            0.0
          ],
          [
            79.522561,
            30.529087,
            0.0
          ],
          [
            79.523063,
            30.528976,
            0.0
          ],
          [
            79.523311,
            30.528587,
            0.0
          ],
          [
            79.523747,
            30.52838,
            0.0
          ],
          [
            79.524254,
            30.528308,
            0.0
          ],
          [
            79.524758,
            30.528422,
            0.0
          ],
          [
            79.525268,
            30.528498,
            0.0
          ],
          [
            79.525699,
            30.528749,
            0.0
          ],
          [
            79.526171,
            30.528851,
            0.0
          ],
          [
            79.526651,
            30.528679,
            0.0
          ],
          [
            79.527164,
            30.528649,
            0.0
          ],
          [
            79.527642,
            30.528813,
            0.0
          ],
          [
            79.5281,
            30.52903,
            0.0
          ],
          [
            79.52838,
            30.529369,
            0.0
          ],
          [
            79.528291,
            30.529799,
            0.0
          ],
          [
            79.52793,
            30.53012,
            0.0
          ],
          [
            79.528058,
            30.530488,
            0.0
          ],
          [
            79.528061,
            30.53093,
            0.0
          ],
          [
            79.527882,
            30.531338,
            0.0
          ],
          [
            79.527442,
            30.531579,
            0.0
          ],
          [
            79.527048,
            30.531872,
            0.0
          ],
          [
            79.526647,
            30.532142,
            0.0
          ],
          [
            79.526291,
            30.532447,
            0.0
          ],
          [
            79.526057,
            30.532846,
            0.0
          ],
          [
            79.525799,
            30.533231,
            0.0
          ],
          [
            79.525442,
            30.533558,
            0.0
          ],
          [
            79.525093,
            30.53388,
            0.0
          ],
          [
            79.52508,
            30.534325,
            0.0
          ],
          [
            79.525017,
            30.534771,
            0.0
          ],
          [
            79.524874,
            30.535199,
            0.0
          ],
          [
            79.524849,
            30.535643,
            0.0
          ],
          [
            79.524894,
            30.536075,
            0.0
          ],
          [
            79.524865,
            30.536518,
            0.0
          ],
          [
            79.524578,
            30.536879,
            0.0
          ],
          [
            79.524114,
            30.537083,
            0.0
          ],
          [
            79.52384,
            30.537452,
            0.0
          ],
          [
            79.5243,
            30.537555,
            0.0
          ],
          [
            79.524807,
            30.537657,
            0.0
          ],
          [
            79.525216,
            30.537899,
            0.0
          ],
          [
            79.525352,
            30.538306,
            0.0
          ],
          [
            79.525109,
            30.53869,
            0.0
          ],
          [
            79.525346,
            30.538896,
            0.0
          ],
          [
            79.525861,
            30.538945,
            0.0
          ],
          [
            79.526364,
            30.539064,
            0.0
          ],
          [
            79.52686,
            30.539202,
            0.0
          ],
          [
            79.527356,
            30.539341,
            0.0
          ],
          [
            79.527805,
            30.53956,
            0.0
          ],
          [
            79.528148,
            30.539897,
            0.0
          ],
          [
            79.528561,
            30.540154,
            0.0
          ],
          [
            79.529028,
            30.540322,
            0.0
          ],
          [
            79.529173,
            30.540747,
            0.0
          ],
          [
            79.529344,
            30.541159,
            0.0
          ],
          [
            79.529424,
            30.541601,
            0.0
          ],
          [
            79.529438,
            30.542048,
            0.0
          ],
          [
            79.529458,
            30.542489,
            0.0
          ],
          [
            79.529712,
            30.54288,
            0.0
          ],
          [
            79.529996,
            30.543254,
            0.0
          ],
          [
            79.530183,
            30.54367,
            0.0
          ],
          [
            79.530439,
            30.544052,
            0.0
          ],
          [
            79.53072,
            30.544403,
            0.0
          ],
          [
            79.530575,
            30.544815,
            0.0
          ],
          [
            79.530948,
            30.545118,
            0.0
          ],
          [
            79.531074,
            30.545531,
            0.0
          ],
          [
            79.531467,
            30.545791,
            0.0
          ],
          [
            79.531696,
            30.546181,
            0.0
          ],
          [
            79.532065,
            30.54649,
            0.0
          ],
          [
            79.532511,
            30.546707,
            0.0
          ],
          [
            79.53289,
            30.54701,
            0.0
          ],
          [
            79.53324,
            30.547329,
            0.0
          ],
          [
            79.533253,
            30.547773,
            0.0
          ],
          [
            79.533346,
            30.548191,
            0.0
          ],
          [
            79.53348,
            30.548614,
            0.0
          ],
          [
            79.533685,
            30.548968,
            0.0
          ],
          [
            79.534102,
            30.549221,
            0.0
          ],
          [
            79.534355,
            30.549612,
            0.0
          ],
          [
            79.53442,
            30.550045,
            0.0
          ],
          [
            79.534719,
            30.550403,
            0.0
          ],
          [
            79.535206,
            30.550539,
            0.0
          ],
          [
            79.53568,
            30.55072,
            0.0
          ],
          [
            79.536094,
            30.550982,
            0.0
          ],
          [
            79.53655,
            30.551197,
            0.0
          ],
          [
            79.536997,
            30.551424,
            0.0
          ],
          [
            79.537357,
            30.551718,
            0.0
          ],
          [
            79.537479,
            30.552155,
            0.0
          ],
          [
            79.537672,
            30.552546,
            0.0
          ],
          [
            79.538181,
            30.552489,
            0.0
          ],
          [
            79.538657,
            30.552306,
            0.0
          ],
          [
            79.539143,
            30.552144,
            0.0
          ],
          [
            79.539564,
            30.551888,
            0.0
          ],
          [
            79.539926,
            30.552148,
            0.0
          ],
          [
            79.540199,
            30.552529,
            0.0
          ],
          [
            79.540638,
            30.552757,
            0.0
          ],
          [
            79.541036,
            30.553038,
            0.0
          ],
          [
            79.541294,
            30.553423,
            0.0
          ],
          [
            79.541459,
            30.553849,
            0.0
          ],
          [
            79.541559,
            30.554288,
            0.0
          ],
          [
            79.541904,
            30.554608,
            0.0
          ],
          [
            79.542308,
            30.554885,
            0.0
          ],
          [
            79.542614,
            30.555246,
            0.0
          ],
          [
            79.543038,
            30.555441,
            0.0
          ],
          [
            79.543508,
            30.555569,
            0.0
          ],
          [
            79.544017,
            30.555654,
            0.0
          ],
          [
            79.544452,
            30.555886,
            0.0
          ],
          [
            79.544877,
            30.556133,
            0.0
          ],
          [
            79.545171,
            30.55648,
            0.0
          ],
          [
            79.545347,
            30.556847,
            0.0
          ],
          [
            79.545823,
            30.557027,
            0.0
          ],
          [
            79.54614,
            30.557346,
            0.0
          ],
          [
            79.546362,
            30.557726,
            0.0
          ],
          [
            79.546821,
            30.557902,
            0.0
          ],
          [
            79.54733,
            30.55781,
            0.0
          ],
          [
            79.547808,
            30.557691,
            0.0
          ],
          [
            79.548265,
            30.557486,
            0.0
          ],
          [
            79.548766,
            30.557382,
            0.0
          ],
          [
            79.549257,
            30.557234,
            0.0
          ],
          [
            79.549736,
            30.557055,
            0.0
          ],
          [
            79.550236,
            30.556954,
            0.0
          ],
          [
            79.550748,
            30.556901,
            0.0
          ],
          [
            79.551263,
            30.556958,
            0.0
          ],
          [
            79.55175,
            30.556802,
            0.0
          ],
          [
            79.552204,
            30.556581,
            0.0
          ],
          [
            79.55264,
            30.556343,
            0.0
          ],
          [
            79.553141,
            30.556328,
            0.0
          ],
          [
            79.553586,
            30.55654,
            0.0
          ],
          [
            79.554076,
            30.556408,
            0.0
          ],
          [
            79.55457,
            30.556508,
            0.0
          ],
          [
            79.555079,
            30.556522,
            0.0
          ],
          [
            79.555601,
            30.556533,
            0.0
          ],
          [
            79.556123,
            30.556529,
            0.0
          ],
          [
            79.556636,
            30.55646,
            0.0
          ],
          [
            79.557144,
            30.556554,
            0.0
          ],
          [
            79.557663,
            30.556557,
            0.0
          ],
          [
            79.558182,
            30.556505,
            0.0
          ],
          [
            79.558654,
            30.556326,
            0.0
          ],
          [
            79.559131,
            30.556155,
            0.0
          ],
          [
            79.559645,
            30.556077,
            0.0
          ],
          [
            79.560161,
            30.55603,
            0.0
          ],
          [
            79.560607,
            30.55581,
            0.0
          ],
          [
            79.561086,
            30.555798,
            0.0
          ],
          [
            79.561484,
            30.556086,
            0.0
          ],
          [
            79.56169,
            30.55615,
            0.0
          ]
        ]
      },
      "properties": {
        "name": "Directions from Rishikesh to Joshimath, Uttarakhand",
        "styleUrl": "#line-1267FF-5000-nodesc",
        "stroke-opacity": 1,
        "stroke": "#1267ff",
        "stroke-width": 5
      }
    },
    {
      "type": "Feature",
      "geometry": {
        "type": "Point",
        "coordinates": [
          78.285303,
          30.115756,
          0
        ]
      },
      "properties": {
        "name": "Rishikesh",
        "styleUrl": "#icon-1899-DB4436-nodesc",
        "label-scale": 0,
        "icon-opacity": 1,
        "icon-color": "#db4436",
        "icon-scale": 1,
        "icon-offset": [
          32,
          64
        ],
        "icon-offset-units": [
          "pixels",
          "insetPixels"
        ],
        "icon": "https://www.gstatic.com/mapspro/images/stock/503-wht-blank_maps.png"
      }
    },
    {
      "type": "Feature",
      "geometry": {
        "type": "Point",
        "coordinates": [
          79.56169,
          30.556152,
          0
        ]
      },
      "properties": {
        "name": "Joshimath, Uttarakhand",
        "styleUrl": "#icon-1899-DB4436-nodesc",
        "label-scale": 0,
        "icon-opacity": 1,
        "icon-color": "#db4436",
        "icon-scale": 1,
        "icon-offset": [
          32,
          64
        ],
        "icon-offset-units": [
          "pixels",
          "insetPixels"
        ],
        "icon": "https://www.gstatic.com/mapspro/images/stock/503-wht-blank_maps.png"
      }
    }
  ]
}